dataset,arch,forget_class,alpha,lambda,batch_size,seed,base_overall,base_retain,base_forget,post_overall,post_retain,post_forget,gold_retain,gold_forget,gap_retain,params_damped_pct,importance_time_s,modify_time_s,method_time_s,eval_device,git_commit
cifar10,resnet18,0,10.0,0.1,256,42,94.9700,94.8667,95.9000,94.9200,94.9111,95.0000,95.1222,0.0000,-0.2111,0.1662,32.199,0.012,32.210,NVIDIA L4,4875190
cifar10,resnet18,0,10.0,0.1,512,42,94.9700,94.8667,95.9000,94.9700,94.8778,95.8000,95.1222,0.0000,-0.2444,0.0138,33.091,0.011,33.102,NVIDIA L4,4875190
cifar10,resnet18,0,10.0,0.1,64,42,94.9700,94.8667,95.9000,94.1200,95.2333,84.1000,95.1222,0.0000,+0.1111,0.1482,23.161,0.016,23.176,NVIDIA L4,4875190
cifar10,resnet18,0,10.0,0.5,256,42,94.9700,94.8667,95.9000,94.9300,94.9111,95.1000,95.1222,0.0000,-0.2111,0.1662,32.199,0.011,32.210,NVIDIA L4,4875190
cifar10,resnet18,0,10.0,0.5,512,42,94.9700,94.8667,95.9000,94.9700,94.8778,95.8000,95.1222,0.0000,-0.2444,0.0138,33.091,0.016,33.107,NVIDIA L4,4875190
cifar10,resnet18,0,10.0,0.5,64,42,94.9700,94.8667,95.9000,94.1600,95.2444,84.4000,95.1222,0.0000,+0.1222,0.1482,23.161,0.016,23.177,NVIDIA L4,4875190
cifar10,resnet18,0,10.0,1.0,256,42,94.9700,94.8667,95.9000,94.9500,94.9111,95.3000,95.1222,0.0000,-0.2111,0.1662,32.199,0.011,32.210,NVIDIA L4,4875190
cifar10,resnet18,0,10.0,1.0,512,42,94.9700,94.8667,95.9000,94.9700,94.8778,95.8000,95.1222,0.0000,-0.2444,0.0138,33.091,0.011,33.102,NVIDIA L4,4875190
cifar10,resnet18,0,10.0,1.0,64,42,94.9700,94.8667,95.9000,94.2300,95.2333,85.2000,95.1222,0.0000,+0.1111,0.1482,23.161,0.011,23.172,NVIDIA L4,4875190
cifar10,resnet18,0,12.0,0.1,256,42,94.9700,94.8667,95.9000,94.9800,94.8778,95.9000,95.1222,0.0000,-0.2444,0.0012,32.199,0.012,32.211,NVIDIA L4,4875190
cifar10,resnet18,0,12.0,0.1,512,42,94.9700,94.8667,95.9000,94.9700,94.8667,95.9000,95.1222,0.0000,-0.2556,0.0001,33.091,0.014,33.105,NVIDIA L4,4875190
cifar10,resnet18,0,12.0,0.1,64,42,94.9700,94.8667,95.9000,94.9900,94.8889,95.9000,95.1222,0.0000,-0.2333,0.0122,23.161,0.016,23.177,NVIDIA L4,4875190
cifar10,resnet18,0,12.0,0.5,256,42,94.9700,94.8667,95.9000,94.9800,94.8778,95.9000,95.1222,0.0000,-0.2444,0.0012,32.199,0.014,32.213,NVIDIA L4,4875190
cifar10,resnet18,0,12.0,0.5,512,42,94.9700,94.8667,95.9000,94.9700,94.8667,95.9000,95.1222,0.0000,-0.2556,0.0001,33.091,0.011,33.102,NVIDIA L4,4875190
cifar10,resnet18,0,12.0,0.5,64,42,94.9700,94.8667,95.9000,94.9900,94.8889,95.9000,95.1222,0.0000,-0.2333,0.0122,23.161,0.014,23.175,NVIDIA L4,4875190
cifar10,resnet18,0,12.0,1.0,256,42,94.9700,94.8667,95.9000,94.9800,94.8778,95.9000,95.1222,0.0000,-0.2444,0.0012,32.199,0.011,32.209,NVIDIA L4,4875190
cifar10,resnet18,0,12.0,1.0,512,42,94.9700,94.8667,95.9000,94.9700,94.8667,95.9000,95.1222,0.0000,-0.2556,0.0001,33.091,0.012,33.103,NVIDIA L4,4875190
cifar10,resnet18,0,12.0,1.0,64,42,94.9700,94.8667,95.9000,94.9900,94.8889,95.9000,95.1222,0.0000,-0.2333,0.0122,23.161,0.014,23.175,NVIDIA L4,4875190
cifar10,resnet18,0,15.0,0.1,256,42,94.9700,94.8667,95.9000,94.9700,94.8667,95.9000,95.1222,0.0000,-0.2556,0.0001,32.199,0.014,32.213,NVIDIA L4,4875190
cifar10,resnet18,0,15.0,0.1,512,42,94.9700,94.8667,95.9000,94.9700,94.8667,95.9000,95.1222,0.0000,-0.2556,0.0000,33.091,0.011,33.102,NVIDIA L4,4875190
cifar10,resnet18,0,15.0,0.1,64,42,94.9700,94.8667,95.9000,94.9800,94.8778,95.9000,95.1222,0.0000,-0.2444,0.0036,23.161,0.011,23.172,NVIDIA L4,4875190
cifar10,resnet18,0,15.0,0.5,256,42,94.9700,94.8667,95.9000,94.9700,94.8667,95.9000,95.1222,0.0000,-0.2556,0.0001,32.199,0.011,32.210,NVIDIA L4,4875190
cifar10,resnet18,0,15.0,0.5,512,42,94.9700,94.8667,95.9000,94.9700,94.8667,95.9000,95.1222,0.0000,-0.2556,0.0000,33.091,0.012,33.103,NVIDIA L4,4875190
cifar10,resnet18,0,15.0,0.5,64,42,94.9700,94.8667,95.9000,94.9800,94.8778,95.9000,95.1222,0.0000,-0.2444,0.0036,23.161,0.011,23.172,NVIDIA L4,4875190
cifar10,resnet18,0,15.0,1.0,256,42,94.9700,94.8667,95.9000,94.9700,94.8667,95.9000,95.1222,0.0000,-0.2556,0.0001,32.199,0.012,32.211,NVIDIA L4,4875190
cifar10,resnet18,0,15.0,1.0,512,42,94.9700,94.8667,95.9000,94.9700,94.8667,95.9000,95.1222,0.0000,-0.2556,0.0000,33.091,0.011,33.102,NVIDIA L4,4875190
cifar10,resnet18,0,15.0,1.0,64,42,94.9700,94.8667,95.9000,94.9800,94.8778,95.9000,95.1222,0.0000,-0.2444,0.0036,23.161,0.014,23.175,NVIDIA L4,4875190
cifar10,resnet18,0,2.0,0.1,256,42,94.9700,94.8667,95.9000,23.8100,26.4556,0.0000,95.1222,0.0000,-68.6667,26.7883,32.199,0.018,32.216,NVIDIA L4,4875190
cifar10,resnet18,0,2.0,0.1,512,42,94.9700,94.8667,95.9000,10.2400,11.3778,0.0000,95.1222,0.0000,-83.7444,30.7268,33.091,0.020,33.111,NVIDIA L4,4875190
cifar10,resnet18,0,2.0,0.1,64,42,94.9700,94.8667,95.9000,41.2900,45.8778,0.0000,95.1222,0.0000,-49.2444,22.4763,23.161,0.071,23.231,NVIDIA L4,4875190
cifar10,resnet18,0,2.0,0.5,256,42,94.9700,94.8667,95.9000,28.9400,32.1556,0.0000,95.1222,0.0000,-62.9667,26.7883,32.199,0.014,32.213,NVIDIA L4,4875190
cifar10,resnet18,0,2.0,0.5,512,42,94.9700,94.8667,95.9000,19.3300,21.4778,0.0000,95.1222,0.0000,-73.6444,30.7268,33.091,0.016,33.107,NVIDIA L4,4875190
cifar10,resnet18,0,2.0,0.5,64,42,94.9700,94.8667,95.9000,47.2200,52.4667,0.0000,95.1222,0.0000,-42.6556,22.4763,23.161,0.019,23.180,NVIDIA L4,4875190
cifar10,resnet18,0,2.0,1.0,256,42,94.9700,94.8667,95.9000,34.5700,38.4111,0.0000,95.1222,0.0000,-56.7111,26.7883,32.199,0.018,32.217,NVIDIA L4,4875190
cifar10,resnet18,0,2.0,1.0,512,42,94.9700,94.8667,95.9000,25.1700,27.9667,0.0000,95.1222,0.0000,-67.1556,30.7268,33.091,0.021,33.112,NVIDIA L4,4875190
cifar10,resnet18,0,2.0,1.0,64,42,94.9700,94.8667,95.9000,55.1700,61.3000,0.0000,95.1222,0.0000,-33.8222,22.4763,23.161,0.017,23.177,NVIDIA L4,4875190
cifar10,resnet18,0,20.0,0.1,256,42,94.9700,94.8667,95.9000,94.9700,94.8667,95.9000,95.1222,0.0000,-0.2556,0.0000,32.199,0.014,32.213,NVIDIA L4,4875190
cifar10,resnet18,0,20.0,0.1,512,42,94.9700,94.8667,95.9000,94.9700,94.8667,95.9000,95.1222,0.0000,-0.2556,0.0000,33.091,0.011,33.102,NVIDIA L4,4875190
cifar10,resnet18,0,20.0,0.1,64,42,94.9700,94.8667,95.9000,94.9700,94.8667,95.9000,95.1222,0.0000,-0.2556,0.0012,23.161,0.011,23.171,NVIDIA L4,4875190
cifar10,resnet18,0,20.0,0.5,256,42,94.9700,94.8667,95.9000,94.9700,94.8667,95.9000,95.1222,0.0000,-0.2556,0.0000,32.199,0.011,32.209,NVIDIA L4,4875190
cifar10,resnet18,0,20.0,0.5,512,42,94.9700,94.8667,95.9000,94.9700,94.8667,95.9000,95.1222,0.0000,-0.2556,0.0000,33.091,0.012,33.103,NVIDIA L4,4875190
cifar10,resnet18,0,20.0,0.5,64,42,94.9700,94.8667,95.9000,94.9700,94.8667,95.9000,95.1222,0.0000,-0.2556,0.0012,23.161,0.011,23.171,NVIDIA L4,4875190
cifar10,resnet18,0,20.0,1.0,256,42,94.9700,94.8667,95.9000,94.9700,94.8667,95.9000,95.1222,0.0000,-0.2556,0.0000,32.199,0.011,32.209,NVIDIA L4,4875190
cifar10,resnet18,0,20.0,1.0,512,42,94.9700,94.8667,95.9000,94.9700,94.8667,95.9000,95.1222,0.0000,-0.2556,0.0000,33.091,0.011,33.102,NVIDIA L4,4875190
cifar10,resnet18,0,20.0,1.0,64,42,94.9700,94.8667,95.9000,94.9700,94.8667,95.9000,95.1222,0.0000,-0.2556,0.0012,23.161,0.016,23.176,NVIDIA L4,4875190
cifar10,resnet18,0,30.0,0.1,256,42,94.9700,94.8667,95.9000,94.9700,94.8667,95.9000,95.1222,0.0000,-0.2556,0.0000,32.199,0.014,32.212,NVIDIA L4,4875190
cifar10,resnet18,0,30.0,0.1,512,42,94.9700,94.8667,95.9000,94.9700,94.8667,95.9000,95.1222,0.0000,-0.2556,0.0000,33.091,0.011,33.102,NVIDIA L4,4875190
cifar10,resnet18,0,30.0,0.1,64,42,94.9700,94.8667,95.9000,94.9700,94.8667,95.9000,95.1222,0.0000,-0.2556,0.0001,23.161,0.011,23.171,NVIDIA L4,4875190
cifar10,resnet18,0,30.0,0.5,256,42,94.9700,94.8667,95.9000,94.9700,94.8667,95.9000,95.1222,0.0000,-0.2556,0.0000,32.199,0.011,32.209,NVIDIA L4,4875190
cifar10,resnet18,0,30.0,0.5,512,42,94.9700,94.8667,95.9000,94.9700,94.8667,95.9000,95.1222,0.0000,-0.2556,0.0000,33.091,0.011,33.102,NVIDIA L4,4875190
cifar10,resnet18,0,30.0,0.5,64,42,94.9700,94.8667,95.9000,94.9700,94.8667,95.9000,95.1222,0.0000,-0.2556,0.0001,23.161,0.011,23.171,NVIDIA L4,4875190
cifar10,resnet18,0,30.0,1.0,256,42,94.9700,94.8667,95.9000,94.9700,94.8667,95.9000,95.1222,0.0000,-0.2556,0.0000,32.199,0.012,32.211,NVIDIA L4,4875190
cifar10,resnet18,0,30.0,1.0,512,42,94.9700,94.8667,95.9000,94.9700,94.8667,95.9000,95.1222,0.0000,-0.2556,0.0000,33.091,0.017,33.108,NVIDIA L4,4875190
cifar10,resnet18,0,30.0,1.0,64,42,94.9700,94.8667,95.9000,94.9700,94.8667,95.9000,95.1222,0.0000,-0.2556,0.0001,23.161,0.011,23.172,NVIDIA L4,4875190
cifar10,resnet18,0,4.0,0.1,256,42,94.9700,94.8667,95.9000,71.7300,79.7000,0.0000,95.1222,0.0000,-15.4222,14.2650,32.199,0.016,32.215,NVIDIA L4,4875190
cifar10,resnet18,0,4.0,0.1,512,42,94.9700,94.8667,95.9000,45.5900,50.6556,0.0000,95.1222,0.0000,-44.4667,17.0195,33.091,0.019,33.111,NVIDIA L4,4875190
cifar10,resnet18,0,4.0,0.1,64,42,94.9700,94.8667,95.9000,78.1900,86.8778,0.0000,95.1222,0.0000,-8.2444,11.5281,23.161,0.018,23.179,NVIDIA L4,4875190
cifar10,resnet18,0,4.0,0.5,256,42,94.9700,94.8667,95.9000,73.2000,81.3333,0.0000,95.1222,0.0000,-13.7889,14.2650,32.199,0.017,32.215,NVIDIA L4,4875190
cifar10,resnet18,0,4.0,0.5,512,42,94.9700,94.8667,95.9000,49.6200,55.1333,0.0000,95.1222,0.0000,-39.9889,17.0195,33.091,0.013,33.104,NVIDIA L4,4875190
cifar10,resnet18,0,4.0,0.5,64,42,94.9700,94.8667,95.9000,78.7800,87.5333,0.0000,95.1222,0.0000,-7.5889,11.5281,23.161,0.018,23.179,NVIDIA L4,4875190
cifar10,resnet18,0,4.0,1.0,256,42,94.9700,94.8667,95.9000,75.2600,83.6222,0.0000,95.1222,0.0000,-11.5000,14.2650,32.199,0.014,32.212,NVIDIA L4,4875190
cifar10,resnet18,0,4.0,1.0,512,42,94.9700,94.8667,95.9000,54.7500,60.8333,0.0000,95.1222,0.0000,-34.2889,17.0195,33.091,0.013,33.104,NVIDIA L4,4875190
cifar10,resnet18,0,4.0,1.0,64,42,94.9700,94.8667,95.9000,79.6500,88.5000,0.0000,95.1222,0.0000,-6.6222,11.5281,23.161,0.018,23.178,NVIDIA L4,4875190
cifar10,resnet18,0,50.0,0.1,256,42,94.9700,94.8667,95.9000,94.9700,94.8667,95.9000,95.1222,0.0000,-0.2556,0.0000,32.199,0.011,32.210,NVIDIA L4,4875190
cifar10,resnet18,0,50.0,0.1,512,42,94.9700,94.8667,95.9000,94.9700,94.8667,95.9000,95.1222,0.0000,-0.2556,0.0000,33.091,0.011,33.103,NVIDIA L4,4875190
cifar10,resnet18,0,50.0,0.1,64,42,94.9700,94.8667,95.9000,94.9700,94.8667,95.9000,95.1222,0.0000,-0.2556,0.0000,23.161,0.012,23.173,NVIDIA L4,4875190
cifar10,resnet18,0,50.0,0.5,256,42,94.9700,94.8667,95.9000,94.9700,94.8667,95.9000,95.1222,0.0000,-0.2556,0.0000,32.199,0.010,32.209,NVIDIA L4,4875190
cifar10,resnet18,0,50.0,0.5,512,42,94.9700,94.8667,95.9000,94.9700,94.8667,95.9000,95.1222,0.0000,-0.2556,0.0000,33.091,0.011,33.102,NVIDIA L4,4875190
cifar10,resnet18,0,50.0,0.5,64,42,94.9700,94.8667,95.9000,94.9700,94.8667,95.9000,95.1222,0.0000,-0.2556,0.0000,23.161,0.011,23.171,NVIDIA L4,4875190
cifar10,resnet18,0,50.0,1.0,256,42,94.9700,94.8667,95.9000,94.9700,94.8667,95.9000,95.1222,0.0000,-0.2556,0.0000,32.199,0.011,32.210,NVIDIA L4,4875190
cifar10,resnet18,0,50.0,1.0,512,42,94.9700,94.8667,95.9000,94.9700,94.8667,95.9000,95.1222,0.0000,-0.2556,0.0000,33.091,0.012,33.103,NVIDIA L4,4875190
cifar10,resnet18,0,50.0,1.0,64,42,94.9700,94.8667,95.9000,94.9700,94.8667,95.9000,95.1222,0.0000,-0.2556,0.0000,23.161,0.011,23.171,NVIDIA L4,4875190
cifar10,resnet18,0,6.0,0.1,256,42,94.9700,94.8667,95.9000,84.6900,94.1000,0.0000,95.1222,0.0000,-1.0222,7.9989,32.199,0.025,32.223,NVIDIA L4,4875190
cifar10,resnet18,0,6.0,0.1,512,42,94.9700,94.8667,95.9000,84.0700,93.4111,0.0000,95.1222,0.0000,-1.7111,9.6505,33.091,0.017,33.108,NVIDIA L4,4875190
cifar10,resnet18,0,6.0,0.1,64,42,94.9700,94.8667,95.9000,84.8300,94.2556,0.0000,95.1222,0.0000,-0.8667,6.3248,23.161,0.012,23.173,NVIDIA L4,4875190
cifar10,resnet18,0,6.0,0.5,256,42,94.9700,94.8667,95.9000,84.7100,94.1222,0.0000,95.1222,0.0000,-1.0000,7.9989,32.199,0.013,32.212,NVIDIA L4,4875190
cifar10,resnet18,0,6.0,0.5,512,42,94.9700,94.8667,95.9000,84.0900,93.4333,0.0000,95.1222,0.0000,-1.6889,9.6505,33.091,0.014,33.106,NVIDIA L4,4875190
cifar10,resnet18,0,6.0,0.5,64,42,94.9700,94.8667,95.9000,84.8500,94.2778,0.0000,95.1222,0.0000,-0.8444,6.3248,23.161,0.012,23.173,NVIDIA L4,4875190
cifar10,resnet18,0,6.0,1.0,256,42,94.9700,94.8667,95.9000,84.8200,94.2444,0.0000,95.1222,0.0000,-0.8778,7.9989,32.199,0.013,32.211,NVIDIA L4,4875190
cifar10,resnet18,0,6.0,1.0,512,42,94.9700,94.8667,95.9000,84.2300,93.5889,0.0000,95.1222,0.0000,-1.5333,9.6505,33.091,0.013,33.104,NVIDIA L4,4875190
cifar10,resnet18,0,6.0,1.0,64,42,94.9700,94.8667,95.9000,84.8900,94.3222,0.0000,95.1222,0.0000,-0.8000,6.3248,23.161,0.012,23.173,NVIDIA L4,4875190
cifar10,resnet18,0,8.0,0.1,256,42,94.9700,94.8667,95.9000,85.6600,95.1778,0.0000,95.1222,0.0000,+0.0556,3.7673,32.199,0.012,32.211,NVIDIA L4,4875190
cifar10,resnet18,0,8.0,0.1,512,42,94.9700,94.8667,95.9000,85.6400,95.1556,0.0000,95.1222,0.0000,+0.0333,4.5791,33.091,0.015,33.106,NVIDIA L4,4875190
cifar10,resnet18,0,8.0,0.1,64,42,94.9700,94.8667,95.9000,85.6400,95.1556,0.0000,95.1222,0.0000,+0.0333,2.8403,23.161,0.012,23.172,NVIDIA L4,4875190
cifar10,resnet18,0,8.0,0.5,256,42,94.9700,94.8667,95.9000,85.6600,95.1778,0.0000,95.1222,0.0000,+0.0556,3.7673,32.199,0.012,32.211,NVIDIA L4,4875190
cifar10,resnet18,0,8.0,0.5,512,42,94.9700,94.8667,95.9000,85.6600,95.1778,0.0000,95.1222,0.0000,+0.0556,4.5791,33.091,0.012,33.104,NVIDIA L4,4875190
cifar10,resnet18,0,8.0,0.5,64,42,94.9700,94.8667,95.9000,85.6400,95.1556,0.0000,95.1222,0.0000,+0.0333,2.8403,23.161,0.012,23.172,NVIDIA L4,4875190
cifar10,resnet18,0,8.0,1.0,256,42,94.9700,94.8667,95.9000,85.6500,95.1667,0.0000,95.1222,0.0000,+0.0444,3.7673,32.199,0.012,32.211,NVIDIA L4,4875190
cifar10,resnet18,0,8.0,1.0,512,42,94.9700,94.8667,95.9000,85.6600,95.1778,0.0000,95.1222,0.0000,+0.0556,4.5791,33.091,0.012,33.103,NVIDIA L4,4875190
cifar10,resnet18,0,8.0,1.0,64,42,94.9700,94.8667,95.9000,85.6300,95.1444,0.0000,95.1222,0.0000,+0.0222,2.8403,23.161,0.011,23.172,NVIDIA L4,4875190
cifar10,resnet18,2,10.0,0.1,256,42,94.9700,95.2000,92.9000,94.9700,95.2000,92.9000,95.4889,0.0000,-0.2889,0.0267,33.175,0.015,33.190,NVIDIA L4,4875190
cifar10,resnet18,2,10.0,0.1,512,42,94.9700,95.2000,92.9000,94.9800,95.3667,91.5000,95.4889,0.0000,-0.1222,0.5032,36.816,0.017,36.832,NVIDIA L4,4875190
cifar10,resnet18,2,10.0,0.1,64,42,94.9700,95.2000,92.9000,94.9000,95.3222,91.1000,95.4889,0.0000,-0.1667,0.0437,30.358,0.012,30.370,NVIDIA L4,4875190
cifar10,resnet18,2,10.0,0.5,256,42,94.9700,95.2000,92.9000,94.9700,95.2000,92.9000,95.4889,0.0000,-0.2889,0.0267,33.175,0.012,33.187,NVIDIA L4,4875190
cifar10,resnet18,2,10.0,0.5,512,42,94.9700,95.2000,92.9000,94.9800,95.3667,91.5000,95.4889,0.0000,-0.1222,0.5032,36.816,0.011,36.827,NVIDIA L4,4875190
cifar10,resnet18,2,10.0,0.5,64,42,94.9700,95.2000,92.9000,94.9000,95.3222,91.1000,95.4889,0.0000,-0.1667,0.0437,30.358,0.012,30.370,NVIDIA L4,4875190
cifar10,resnet18,2,10.0,1.0,256,42,94.9700,95.2000,92.9000,94.9700,95.2000,92.9000,95.4889,0.0000,-0.2889,0.0267,33.175,0.012,33.187,NVIDIA L4,4875190
cifar10,resnet18,2,10.0,1.0,512,42,94.9700,95.2000,92.9000,94.9800,95.3667,91.5000,95.4889,0.0000,-0.1222,0.5032,36.816,0.013,36.829,NVIDIA L4,4875190
cifar10,resnet18,2,10.0,1.0,64,42,94.9700,95.2000,92.9000,94.9100,95.3222,91.2000,95.4889,0.0000,-0.1667,0.0437,30.358,0.011,30.368,NVIDIA L4,4875190
cifar10,resnet18,2,12.0,0.1,256,42,94.9700,95.2000,92.9000,95.0000,95.2222,93.0000,95.4889,0.0000,-0.2667,0.0019,33.175,0.012,33.187,NVIDIA L4,4875190
cifar10,resnet18,2,12.0,0.1,512,42,94.9700,95.2000,92.9000,95.0000,95.2222,93.0000,95.4889,0.0000,-0.2667,0.1064,36.816,0.012,36.827,NVIDIA L4,4875190
cifar10,resnet18,2,12.0,0.1,64,42,94.9700,95.2000,92.9000,94.9700,95.2000,92.9000,95.4889,0.0000,-0.2889,0.0124,30.358,0.011,30.368,NVIDIA L4,4875190
cifar10,resnet18,2,12.0,0.5,256,42,94.9700,95.2000,92.9000,94.9900,95.2222,92.9000,95.4889,0.0000,-0.2667,0.0019,33.175,0.011,33.186,NVIDIA L4,4875190
cifar10,resnet18,2,12.0,0.5,512,42,94.9700,95.2000,92.9000,95.0000,95.2222,93.0000,95.4889,0.0000,-0.2667,0.1064,36.816,0.012,36.828,NVIDIA L4,4875190
cifar10,resnet18,2,12.0,0.5,64,42,94.9700,95.2000,92.9000,94.9700,95.2000,92.9000,95.4889,0.0000,-0.2889,0.0124,30.358,0.014,30.372,NVIDIA L4,4875190
cifar10,resnet18,2,12.0,1.0,256,42,94.9700,95.2000,92.9000,94.9900,95.2222,92.9000,95.4889,0.0000,-0.2667,0.0019,33.175,0.013,33.188,NVIDIA L4,4875190
cifar10,resnet18,2,12.0,1.0,512,42,94.9700,95.2000,92.9000,95.0000,95.2222,93.0000,95.4889,0.0000,-0.2667,0.1064,36.816,0.014,36.830,NVIDIA L4,4875190
cifar10,resnet18,2,12.0,1.0,64,42,94.9700,95.2000,92.9000,94.9700,95.2000,92.9000,95.4889,0.0000,-0.2889,0.0124,30.358,0.011,30.369,NVIDIA L4,4875190
cifar10,resnet18,2,15.0,0.1,256,42,94.9700,95.2000,92.9000,94.9700,95.2000,92.9000,95.4889,0.0000,-0.2889,0.0001,33.175,0.011,33.187,NVIDIA L4,4875190
cifar10,resnet18,2,15.0,0.1,512,42,94.9700,95.2000,92.9000,94.9900,95.2111,93.0000,95.4889,0.0000,-0.2778,0.0113,36.816,0.011,36.827,NVIDIA L4,4875190
cifar10,resnet18,2,15.0,0.1,64,42,94.9700,95.2000,92.9000,94.9700,95.2000,92.9000,95.4889,0.0000,-0.2889,0.0041,30.358,0.014,30.372,NVIDIA L4,4875190
cifar10,resnet18,2,15.0,0.5,256,42,94.9700,95.2000,92.9000,94.9700,95.2000,92.9000,95.4889,0.0000,-0.2889,0.0001,33.175,0.012,33.187,NVIDIA L4,4875190
cifar10,resnet18,2,15.0,0.5,512,42,94.9700,95.2000,92.9000,94.9900,95.2111,93.0000,95.4889,0.0000,-0.2778,0.0113,36.816,0.011,36.827,NVIDIA L4,4875190
cifar10,resnet18,2,15.0,0.5,64,42,94.9700,95.2000,92.9000,94.9700,95.2000,92.9000,95.4889,0.0000,-0.2889,0.0041,30.358,0.012,30.370,NVIDIA L4,4875190
cifar10,resnet18,2,15.0,1.0,256,42,94.9700,95.2000,92.9000,94.9700,95.2000,92.9000,95.4889,0.0000,-0.2889,0.0001,33.175,0.011,33.186,NVIDIA L4,4875190
cifar10,resnet18,2,15.0,1.0,512,42,94.9700,95.2000,92.9000,94.9900,95.2111,93.0000,95.4889,0.0000,-0.2778,0.0113,36.816,0.011,36.826,NVIDIA L4,4875190
cifar10,resnet18,2,15.0,1.0,64,42,94.9700,95.2000,92.9000,94.9700,95.2000,92.9000,95.4889,0.0000,-0.2889,0.0041,30.358,0.012,30.369,NVIDIA L4,4875190
cifar10,resnet18,2,2.0,0.1,256,42,94.9700,95.2000,92.9000,12.7700,14.1889,0.0000,95.4889,0.0000,-81.3000,31.3486,33.175,0.018,33.193,NVIDIA L4,4875190
cifar10,resnet18,2,2.0,0.1,512,42,94.9700,95.2000,92.9000,10.1200,11.2444,0.0000,95.4889,0.0000,-84.2444,37.3587,36.816,0.018,36.834,NVIDIA L4,4875190
cifar10,resnet18,2,2.0,0.1,64,42,94.9700,95.2000,92.9000,47.4300,52.7000,0.0000,95.4889,0.0000,-42.7889,25.4859,30.358,0.017,30.375,NVIDIA L4,4875190
cifar10,resnet18,2,2.0,0.5,256,42,94.9700,95.2000,92.9000,16.6000,18.4444,0.0000,95.4889,0.0000,-77.0444,31.3486,33.175,0.016,33.191,NVIDIA L4,4875190
cifar10,resnet18,2,2.0,0.5,512,42,94.9700,95.2000,92.9000,10.0400,11.1556,0.0000,95.4889,0.0000,-84.3333,37.3587,36.816,0.015,36.830,NVIDIA L4,4875190
cifar10,resnet18,2,2.0,0.5,64,42,94.9700,95.2000,92.9000,57.4100,63.7889,0.0000,95.4889,0.0000,-31.7000,25.4859,30.358,0.013,30.371,NVIDIA L4,4875190
cifar10,resnet18,2,2.0,1.0,256,42,94.9700,95.2000,92.9000,29.6200,32.9111,0.0000,95.4889,0.0000,-62.5778,31.3486,33.175,0.019,33.194,NVIDIA L4,4875190
cifar10,resnet18,2,2.0,1.0,512,42,94.9700,95.2000,92.9000,10.4600,11.6222,0.0000,95.4889,0.0000,-83.8667,37.3587,36.816,0.014,36.830,NVIDIA L4,4875190
cifar10,resnet18,2,2.0,1.0,64,42,94.9700,95.2000,92.9000,70.6800,78.5333,0.0000,95.4889,0.0000,-16.9556,25.4859,30.358,0.018,30.375,NVIDIA L4,4875190
cifar10,resnet18,2,20.0,0.1,256,42,94.9700,95.2000,92.9000,94.9700,95.2000,92.9000,95.4889,0.0000,-0.2889,0.0000,33.175,0.011,33.186,NVIDIA L4,4875190
cifar10,resnet18,2,20.0,0.1,512,42,94.9700,95.2000,92.9000,94.9700,95.2000,92.9000,95.4889,0.0000,-0.2889,0.0000,36.816,0.011,36.827,NVIDIA L4,4875190
cifar10,resnet18,2,20.0,0.1,64,42,94.9700,95.2000,92.9000,94.9700,95.2000,92.9000,95.4889,0.0000,-0.2889,0.0010,30.358,0.012,30.370,NVIDIA L4,4875190
cifar10,resnet18,2,20.0,0.5,256,42,94.9700,95.2000,92.9000,94.9700,95.2000,92.9000,95.4889,0.0000,-0.2889,0.0000,33.175,0.011,33.186,NVIDIA L4,4875190
cifar10,resnet18,2,20.0,0.5,512,42,94.9700,95.2000,92.9000,94.9700,95.2000,92.9000,95.4889,0.0000,-0.2889,0.0000,36.816,0.011,36.826,NVIDIA L4,4875190
cifar10,resnet18,2,20.0,0.5,64,42,94.9700,95.2000,92.9000,94.9700,95.2000,92.9000,95.4889,0.0000,-0.2889,0.0010,30.358,0.011,30.369,NVIDIA L4,4875190
cifar10,resnet18,2,20.0,1.0,256,42,94.9700,95.2000,92.9000,94.9700,95.2000,92.9000,95.4889,0.0000,-0.2889,0.0000,33.175,0.011,33.187,NVIDIA L4,4875190
cifar10,resnet18,2,20.0,1.0,512,42,94.9700,95.2000,92.9000,94.9700,95.2000,92.9000,95.4889,0.0000,-0.2889,0.0000,36.816,0.011,36.826,NVIDIA L4,4875190
cifar10,resnet18,2,20.0,1.0,64,42,94.9700,95.2000,92.9000,94.9700,95.2000,92.9000,95.4889,0.0000,-0.2889,0.0010,30.358,0.011,30.368,NVIDIA L4,4875190
cifar10,resnet18,2,30.0,0.1,256,42,94.9700,95.2000,92.9000,94.9700,95.2000,92.9000,95.4889,0.0000,-0.2889,0.0000,33.175,0.012,33.187,NVIDIA L4,4875190
cifar10,resnet18,2,30.0,0.1,512,42,94.9700,95.2000,92.9000,94.9700,95.2000,92.9000,95.4889,0.0000,-0.2889,0.0000,36.816,0.010,36.826,NVIDIA L4,4875190
cifar10,resnet18,2,30.0,0.1,64,42,94.9700,95.2000,92.9000,94.9700,95.2000,92.9000,95.4889,0.0000,-0.2889,0.0000,30.358,0.010,30.368,NVIDIA L4,4875190
cifar10,resnet18,2,30.0,0.5,256,42,94.9700,95.2000,92.9000,94.9700,95.2000,92.9000,95.4889,0.0000,-0.2889,0.0000,33.175,0.011,33.186,NVIDIA L4,4875190
cifar10,resnet18,2,30.0,0.5,512,42,94.9700,95.2000,92.9000,94.9700,95.2000,92.9000,95.4889,0.0000,-0.2889,0.0000,36.816,0.011,36.826,NVIDIA L4,4875190
cifar10,resnet18,2,30.0,0.5,64,42,94.9700,95.2000,92.9000,94.9700,95.2000,92.9000,95.4889,0.0000,-0.2889,0.0000,30.358,0.011,30.369,NVIDIA L4,4875190
cifar10,resnet18,2,30.0,1.0,256,42,94.9700,95.2000,92.9000,94.9700,95.2000,92.9000,95.4889,0.0000,-0.2889,0.0000,33.175,0.011,33.186,NVIDIA L4,4875190
cifar10,resnet18,2,30.0,1.0,512,42,94.9700,95.2000,92.9000,94.9700,95.2000,92.9000,95.4889,0.0000,-0.2889,0.0000,36.816,0.011,36.826,NVIDIA L4,4875190
cifar10,resnet18,2,30.0,1.0,64,42,94.9700,95.2000,92.9000,94.9700,95.2000,92.9000,95.4889,0.0000,-0.2889,0.0000,30.358,0.011,30.369,NVIDIA L4,4875190
cifar10,resnet18,2,4.0,0.1,256,42,94.9700,95.2000,92.9000,83.5900,92.8778,0.0000,95.4889,0.0000,-2.6111,14.8894,33.175,0.014,33.189,NVIDIA L4,4875190
cifar10,resnet18,2,4.0,0.1,512,42,94.9700,95.2000,92.9000,71.1700,79.0778,0.0000,95.4889,0.0000,-16.4111,19.8763,36.816,0.015,36.830,NVIDIA L4,4875190
cifar10,resnet18,2,4.0,0.1,64,42,94.9700,95.2000,92.9000,84.9100,94.3444,0.0000,95.4889,0.0000,-1.1444,11.2552,30.358,0.012,30.370,NVIDIA L4,4875190
cifar10,resnet18,2,4.0,0.5,256,42,94.9700,95.2000,92.9000,83.8500,93.1667,0.0000,95.4889,0.0000,-2.3222,14.8894,33.175,0.013,33.189,NVIDIA L4,4875190
cifar10,resnet18,2,4.0,0.5,512,42,94.9700,95.2000,92.9000,74.8900,83.2111,0.0000,95.4889,0.0000,-12.2778,19.8763,36.816,0.015,36.831,NVIDIA L4,4875190
cifar10,resnet18,2,4.0,0.5,64,42,94.9700,95.2000,92.9000,85.0600,94.5111,0.0000,95.4889,0.0000,-0.9778,11.2552,30.358,0.014,30.371,NVIDIA L4,4875190
cifar10,resnet18,2,4.0,1.0,256,42,94.9700,95.2000,92.9000,84.2000,93.5556,0.0000,95.4889,0.0000,-1.9333,14.8894,33.175,0.013,33.188,NVIDIA L4,4875190
cifar10,resnet18,2,4.0,1.0,512,42,94.9700,95.2000,92.9000,77.9200,86.5778,0.0000,95.4889,0.0000,-8.9111,19.8763,36.816,0.018,36.833,NVIDIA L4,4875190
cifar10,resnet18,2,4.0,1.0,64,42,94.9700,95.2000,92.9000,85.2400,94.7111,0.0000,95.4889,0.0000,-0.7778,11.2552,30.358,0.013,30.371,NVIDIA L4,4875190
cifar10,resnet18,2,50.0,0.1,256,42,94.9700,95.2000,92.9000,94.9700,95.2000,92.9000,95.4889,0.0000,-0.2889,0.0000,33.175,0.012,33.187,NVIDIA L4,4875190
cifar10,resnet18,2,50.0,0.1,512,42,94.9700,95.2000,92.9000,94.9700,95.2000,92.9000,95.4889,0.0000,-0.2889,0.0000,36.816,0.011,36.826,NVIDIA L4,4875190
cifar10,resnet18,2,50.0,0.1,64,42,94.9700,95.2000,92.9000,94.9700,95.2000,92.9000,95.4889,0.0000,-0.2889,0.0000,30.358,0.014,30.372,NVIDIA L4,4875190
cifar10,resnet18,2,50.0,0.5,256,42,94.9700,95.2000,92.9000,94.9700,95.2000,92.9000,95.4889,0.0000,-0.2889,0.0000,33.175,0.011,33.186,NVIDIA L4,4875190
cifar10,resnet18,2,50.0,0.5,512,42,94.9700,95.2000,92.9000,94.9700,95.2000,92.9000,95.4889,0.0000,-0.2889,0.0000,36.816,0.010,36.826,NVIDIA L4,4875190
cifar10,resnet18,2,50.0,0.5,64,42,94.9700,95.2000,92.9000,94.9700,95.2000,92.9000,95.4889,0.0000,-0.2889,0.0000,30.358,0.011,30.368,NVIDIA L4,4875190
cifar10,resnet18,2,50.0,1.0,256,42,94.9700,95.2000,92.9000,94.9700,95.2000,92.9000,95.4889,0.0000,-0.2889,0.0000,33.175,0.011,33.186,NVIDIA L4,4875190
cifar10,resnet18,2,50.0,1.0,512,42,94.9700,95.2000,92.9000,94.9700,95.2000,92.9000,95.4889,0.0000,-0.2889,0.0000,36.816,0.011,36.826,NVIDIA L4,4875190
cifar10,resnet18,2,50.0,1.0,64,42,94.9700,95.2000,92.9000,94.9700,95.2000,92.9000,95.4889,0.0000,-0.2889,0.0000,30.358,0.011,30.368,NVIDIA L4,4875190
cifar10,resnet18,2,6.0,0.1,256,42,94.9700,95.2000,92.9000,85.7500,95.2778,0.0000,95.4889,0.0000,-0.2111,7.2876,33.175,0.014,33.189,NVIDIA L4,4875190
cifar10,resnet18,2,6.0,0.1,512,42,94.9700,95.2000,92.9000,84.6100,94.0111,0.0000,95.4889,0.0000,-1.4778,10.9224,36.816,0.013,36.828,NVIDIA L4,4875190
cifar10,resnet18,2,6.0,0.1,64,42,94.9700,95.2000,92.9000,86.0100,95.5667,0.0000,95.4889,0.0000,+0.0778,5.2095,30.358,0.016,30.373,NVIDIA L4,4875190
cifar10,resnet18,2,6.0,0.5,256,42,94.9700,95.2000,92.9000,85.7700,95.3000,0.0000,95.4889,0.0000,-0.1889,7.2876,33.175,0.012,33.187,NVIDIA L4,4875190
cifar10,resnet18,2,6.0,0.5,512,42,94.9700,95.2000,92.9000,84.7900,94.2111,0.0000,95.4889,0.0000,-1.2778,10.9224,36.816,0.012,36.828,NVIDIA L4,4875190
cifar10,resnet18,2,6.0,0.5,64,42,94.9700,95.2000,92.9000,86.0100,95.5667,0.0000,95.4889,0.0000,+0.0778,5.2095,30.358,0.016,30.374,NVIDIA L4,4875190
cifar10,resnet18,2,6.0,1.0,256,42,94.9700,95.2000,92.9000,85.8000,95.3333,0.0000,95.4889,0.0000,-0.1556,7.2876,33.175,0.014,33.189,NVIDIA L4,4875190
cifar10,resnet18,2,6.0,1.0,512,42,94.9700,95.2000,92.9000,84.9200,94.3556,0.0000,95.4889,0.0000,-1.1333,10.9224,36.816,0.012,36.828,NVIDIA L4,4875190
cifar10,resnet18,2,6.0,1.0,64,42,94.9700,95.2000,92.9000,86.0400,95.6000,0.0000,95.4889,0.0000,+0.1111,5.2095,30.358,0.014,30.371,NVIDIA L4,4875190
cifar10,resnet18,2,8.0,0.1,256,42,94.9700,95.2000,92.9000,86.0200,95.5778,0.0000,95.4889,0.0000,+0.0889,2.6697,33.175,0.013,33.188,NVIDIA L4,4875190
cifar10,resnet18,2,8.0,0.1,512,42,94.9700,95.2000,92.9000,85.9500,95.5000,0.0000,95.4889,0.0000,+0.0111,5.1997,36.816,0.013,36.828,NVIDIA L4,4875190
cifar10,resnet18,2,8.0,0.1,64,42,94.9700,95.2000,92.9000,86.0300,95.5889,0.0000,95.4889,0.0000,+0.1000,1.8045,30.358,0.013,30.371,NVIDIA L4,4875190
cifar10,resnet18,2,8.0,0.5,256,42,94.9700,95.2000,92.9000,86.0300,95.5889,0.0000,95.4889,0.0000,+0.1000,2.6697,33.175,0.015,33.190,NVIDIA L4,4875190
cifar10,resnet18,2,8.0,0.5,512,42,94.9700,95.2000,92.9000,85.9700,95.5222,0.0000,95.4889,0.0000,+0.0333,5.1997,36.816,0.012,36.827,NVIDIA L4,4875190
cifar10,resnet18,2,8.0,0.5,64,42,94.9700,95.2000,92.9000,86.0500,95.6000,0.1000,95.4889,0.0000,+0.1111,1.8045,30.358,0.012,30.369,NVIDIA L4,4875190
cifar10,resnet18,2,8.0,1.0,256,42,94.9700,95.2000,92.9000,86.0300,95.5889,0.0000,95.4889,0.0000,+0.1000,2.6697,33.175,0.012,33.188,NVIDIA L4,4875190
cifar10,resnet18,2,8.0,1.0,512,42,94.9700,95.2000,92.9000,85.9700,95.5222,0.0000,95.4889,0.0000,+0.0333,5.1997,36.816,0.012,36.828,NVIDIA L4,4875190
cifar10,resnet18,2,8.0,1.0,64,42,94.9700,95.2000,92.9000,86.4000,95.6000,3.6000,95.4889,0.0000,+0.1111,1.8045,30.358,0.011,30.369,NVIDIA L4,4875190
cifar10,resnet18,3,10.0,0.1,256,42,94.9700,95.7111,88.3000,94.7200,95.5222,87.5000,96.4556,0.0000,-0.9333,1.3819,34.647,0.012,34.659,NVIDIA L4,4875190
cifar10,resnet18,3,10.0,0.1,512,42,94.9700,95.7111,88.3000,94.9500,95.7000,88.2000,96.4556,0.0000,-0.7556,0.0596,34.876,0.011,34.886,NVIDIA L4,4875190
cifar10,resnet18,3,10.0,0.1,64,42,94.9700,95.7111,88.3000,94.9600,95.8111,87.3000,96.4556,0.0000,-0.6444,0.1754,30.342,0.012,30.354,NVIDIA L4,4875190
cifar10,resnet18,3,10.0,0.5,256,42,94.9700,95.7111,88.3000,94.7300,95.5333,87.5000,96.4556,0.0000,-0.9222,1.3819,34.647,0.012,34.659,NVIDIA L4,4875190
cifar10,resnet18,3,10.0,0.5,512,42,94.9700,95.7111,88.3000,94.9500,95.7000,88.2000,96.4556,0.0000,-0.7556,0.0596,34.876,0.012,34.887,NVIDIA L4,4875190
cifar10,resnet18,3,10.0,0.5,64,42,94.9700,95.7111,88.3000,94.9800,95.8222,87.4000,96.4556,0.0000,-0.6333,0.1754,30.342,0.011,30.353,NVIDIA L4,4875190
cifar10,resnet18,3,10.0,1.0,256,42,94.9700,95.7111,88.3000,94.7600,95.5556,87.6000,96.4556,0.0000,-0.9000,1.3819,34.647,0.012,34.659,NVIDIA L4,4875190
cifar10,resnet18,3,10.0,1.0,512,42,94.9700,95.7111,88.3000,94.9500,95.7000,88.2000,96.4556,0.0000,-0.7556,0.0596,34.876,0.011,34.887,NVIDIA L4,4875190
cifar10,resnet18,3,10.0,1.0,64,42,94.9700,95.7111,88.3000,94.9800,95.8222,87.4000,96.4556,0.0000,-0.6333,0.1754,30.342,0.013,30.355,NVIDIA L4,4875190
cifar10,resnet18,3,12.0,0.1,256,42,94.9700,95.7111,88.3000,94.9600,95.6889,88.4000,96.4556,0.0000,-0.7667,0.7068,34.647,0.011,34.659,NVIDIA L4,4875190
cifar10,resnet18,3,12.0,0.1,512,42,94.9700,95.7111,88.3000,94.9700,95.7111,88.3000,96.4556,0.0000,-0.7444,0.0028,34.876,0.011,34.887,NVIDIA L4,4875190
cifar10,resnet18,3,12.0,0.1,64,42,94.9700,95.7111,88.3000,94.9800,95.7222,88.3000,96.4556,0.0000,-0.7333,0.0258,30.342,0.012,30.354,NVIDIA L4,4875190
cifar10,resnet18,3,12.0,0.5,256,42,94.9700,95.7111,88.3000,94.9700,95.7000,88.4000,96.4556,0.0000,-0.7556,0.7068,34.647,0.013,34.660,NVIDIA L4,4875190
cifar10,resnet18,3,12.0,0.5,512,42,94.9700,95.7111,88.3000,94.9700,95.7111,88.3000,96.4556,0.0000,-0.7444,0.0028,34.876,0.011,34.886,NVIDIA L4,4875190
cifar10,resnet18,3,12.0,0.5,64,42,94.9700,95.7111,88.3000,94.9800,95.7222,88.3000,96.4556,0.0000,-0.7333,0.0258,30.342,0.012,30.354,NVIDIA L4,4875190
cifar10,resnet18,3,12.0,1.0,256,42,94.9700,95.7111,88.3000,95.0000,95.7333,88.4000,96.4556,0.0000,-0.7222,0.7068,34.647,0.012,34.659,NVIDIA L4,4875190
cifar10,resnet18,3,12.0,1.0,512,42,94.9700,95.7111,88.3000,94.9700,95.7111,88.3000,96.4556,0.0000,-0.7444,0.0028,34.876,0.012,34.888,NVIDIA L4,4875190
cifar10,resnet18,3,12.0,1.0,64,42,94.9700,95.7111,88.3000,94.9800,95.7222,88.3000,96.4556,0.0000,-0.7333,0.0258,30.342,0.015,30.357,NVIDIA L4,4875190
cifar10,resnet18,3,15.0,0.1,256,42,94.9700,95.7111,88.3000,94.9700,95.7333,88.1000,96.4556,0.0000,-0.7222,0.3531,34.647,0.011,34.658,NVIDIA L4,4875190
cifar10,resnet18,3,15.0,0.1,512,42,94.9700,95.7111,88.3000,94.9700,95.7111,88.3000,96.4556,0.0000,-0.7444,0.0003,34.876,0.011,34.887,NVIDIA L4,4875190
cifar10,resnet18,3,15.0,0.1,64,42,94.9700,95.7111,88.3000,94.9700,95.7000,88.4000,96.4556,0.0000,-0.7556,0.0047,30.342,0.011,30.353,NVIDIA L4,4875190
cifar10,resnet18,3,15.0,0.5,256,42,94.9700,95.7111,88.3000,94.9700,95.7333,88.1000,96.4556,0.0000,-0.7222,0.3531,34.647,0.012,34.659,NVIDIA L4,4875190
cifar10,resnet18,3,15.0,0.5,512,42,94.9700,95.7111,88.3000,94.9700,95.7111,88.3000,96.4556,0.0000,-0.7444,0.0003,34.876,0.012,34.888,NVIDIA L4,4875190
cifar10,resnet18,3,15.0,0.5,64,42,94.9700,95.7111,88.3000,94.9700,95.7000,88.4000,96.4556,0.0000,-0.7556,0.0047,30.342,0.011,30.353,NVIDIA L4,4875190
cifar10,resnet18,3,15.0,1.0,256,42,94.9700,95.7111,88.3000,94.9800,95.7333,88.2000,96.4556,0.0000,-0.7222,0.3531,34.647,0.011,34.659,NVIDIA L4,4875190
cifar10,resnet18,3,15.0,1.0,512,42,94.9700,95.7111,88.3000,94.9700,95.7111,88.3000,96.4556,0.0000,-0.7444,0.0003,34.876,0.012,34.887,NVIDIA L4,4875190
cifar10,resnet18,3,15.0,1.0,64,42,94.9700,95.7111,88.3000,94.9700,95.7000,88.4000,96.4556,0.0000,-0.7556,0.0047,30.342,0.012,30.354,NVIDIA L4,4875190
cifar10,resnet18,3,2.0,0.1,256,42,94.9700,95.7111,88.3000,10.0000,11.1111,0.0000,96.4556,0.0000,-85.3444,55.5939,34.647,0.019,34.666,NVIDIA L4,4875190
cifar10,resnet18,3,2.0,0.1,512,42,94.9700,95.7111,88.3000,10.0000,11.1111,0.0000,96.4556,0.0000,-85.3444,57.7859,34.876,0.016,34.892,NVIDIA L4,4875190
cifar10,resnet18,3,2.0,0.1,64,42,94.9700,95.7111,88.3000,10.0000,11.1111,0.0000,96.4556,0.0000,-85.3444,47.8530,30.342,0.019,30.361,NVIDIA L4,4875190
cifar10,resnet18,3,2.0,0.5,256,42,94.9700,95.7111,88.3000,10.0000,11.1111,0.0000,96.4556,0.0000,-85.3444,55.5939,34.647,0.015,34.663,NVIDIA L4,4875190
cifar10,resnet18,3,2.0,0.5,512,42,94.9700,95.7111,88.3000,10.0000,11.1111,0.0000,96.4556,0.0000,-85.3444,57.7859,34.876,0.015,34.891,NVIDIA L4,4875190
cifar10,resnet18,3,2.0,0.5,64,42,94.9700,95.7111,88.3000,10.0000,11.1111,0.0000,96.4556,0.0000,-85.3444,47.8530,30.342,0.018,30.360,NVIDIA L4,4875190
cifar10,resnet18,3,2.0,1.0,256,42,94.9700,95.7111,88.3000,10.0000,11.1111,0.0000,96.4556,0.0000,-85.3444,55.5939,34.647,0.016,34.663,NVIDIA L4,4875190
cifar10,resnet18,3,2.0,1.0,512,42,94.9700,95.7111,88.3000,10.0000,11.1111,0.0000,96.4556,0.0000,-85.3444,57.7859,34.876,0.016,34.891,NVIDIA L4,4875190
cifar10,resnet18,3,2.0,1.0,64,42,94.9700,95.7111,88.3000,10.0000,11.1111,0.0000,96.4556,0.0000,-85.3444,47.8530,30.342,0.016,30.358,NVIDIA L4,4875190
cifar10,resnet18,3,20.0,0.1,256,42,94.9700,95.7111,88.3000,94.9500,95.7000,88.2000,96.4556,0.0000,-0.7556,0.1204,34.647,0.012,34.659,NVIDIA L4,4875190
cifar10,resnet18,3,20.0,0.1,512,42,94.9700,95.7111,88.3000,94.9700,95.7111,88.3000,96.4556,0.0000,-0.7444,0.0001,34.876,0.010,34.886,NVIDIA L4,4875190
cifar10,resnet18,3,20.0,0.1,64,42,94.9700,95.7111,88.3000,94.9900,95.7222,88.4000,96.4556,0.0000,-0.7333,0.0007,30.342,0.012,30.354,NVIDIA L4,4875190
cifar10,resnet18,3,20.0,0.5,256,42,94.9700,95.7111,88.3000,94.9500,95.7000,88.2000,96.4556,0.0000,-0.7556,0.1204,34.647,0.011,34.658,NVIDIA L4,4875190
cifar10,resnet18,3,20.0,0.5,512,42,94.9700,95.7111,88.3000,94.9700,95.7111,88.3000,96.4556,0.0000,-0.7444,0.0001,34.876,0.011,34.886,NVIDIA L4,4875190
cifar10,resnet18,3,20.0,0.5,64,42,94.9700,95.7111,88.3000,94.9900,95.7222,88.4000,96.4556,0.0000,-0.7333,0.0007,30.342,0.011,30.353,NVIDIA L4,4875190
cifar10,resnet18,3,20.0,1.0,256,42,94.9700,95.7111,88.3000,94.9500,95.7000,88.2000,96.4556,0.0000,-0.7556,0.1204,34.647,0.011,34.658,NVIDIA L4,4875190
cifar10,resnet18,3,20.0,1.0,512,42,94.9700,95.7111,88.3000,94.9700,95.7111,88.3000,96.4556,0.0000,-0.7444,0.0001,34.876,0.011,34.887,NVIDIA L4,4875190
cifar10,resnet18,3,20.0,1.0,64,42,94.9700,95.7111,88.3000,94.9900,95.7222,88.4000,96.4556,0.0000,-0.7333,0.0007,30.342,0.011,30.353,NVIDIA L4,4875190
cifar10,resnet18,3,30.0,0.1,256,42,94.9700,95.7111,88.3000,94.9800,95.7222,88.3000,96.4556,0.0000,-0.7333,0.0048,34.647,0.011,34.658,NVIDIA L4,4875190
cifar10,resnet18,3,30.0,0.1,512,42,94.9700,95.7111,88.3000,94.9700,95.7111,88.3000,96.4556,0.0000,-0.7444,0.0000,34.876,0.011,34.886,NVIDIA L4,4875190
cifar10,resnet18,3,30.0,0.1,64,42,94.9700,95.7111,88.3000,94.9700,95.7111,88.3000,96.4556,0.0000,-0.7444,0.0000,30.342,0.011,30.353,NVIDIA L4,4875190
cifar10,resnet18,3,30.0,0.5,256,42,94.9700,95.7111,88.3000,94.9800,95.7222,88.3000,96.4556,0.0000,-0.7333,0.0048,34.647,0.011,34.658,NVIDIA L4,4875190
cifar10,resnet18,3,30.0,0.5,512,42,94.9700,95.7111,88.3000,94.9700,95.7111,88.3000,96.4556,0.0000,-0.7444,0.0000,34.876,0.011,34.887,NVIDIA L4,4875190
cifar10,resnet18,3,30.0,0.5,64,42,94.9700,95.7111,88.3000,94.9700,95.7111,88.3000,96.4556,0.0000,-0.7444,0.0000,30.342,0.012,30.354,NVIDIA L4,4875190
cifar10,resnet18,3,30.0,1.0,256,42,94.9700,95.7111,88.3000,94.9800,95.7222,88.3000,96.4556,0.0000,-0.7333,0.0048,34.647,0.012,34.660,NVIDIA L4,4875190
cifar10,resnet18,3,30.0,1.0,512,42,94.9700,95.7111,88.3000,94.9700,95.7111,88.3000,96.4556,0.0000,-0.7444,0.0000,34.876,0.011,34.886,NVIDIA L4,4875190
cifar10,resnet18,3,30.0,1.0,64,42,94.9700,95.7111,88.3000,94.9700,95.7111,88.3000,96.4556,0.0000,-0.7444,0.0000,30.342,0.012,30.354,NVIDIA L4,4875190
cifar10,resnet18,3,4.0,0.1,256,42,94.9700,95.7111,88.3000,10.0000,11.1111,0.0000,96.4556,0.0000,-85.3444,33.9643,34.647,0.018,34.665,NVIDIA L4,4875190
cifar10,resnet18,3,4.0,0.1,512,42,94.9700,95.7111,88.3000,11.8200,13.1333,0.0000,96.4556,0.0000,-83.3222,36.5841,34.876,0.015,34.890,NVIDIA L4,4875190
cifar10,resnet18,3,4.0,0.1,64,42,94.9700,95.7111,88.3000,10.4700,11.6333,0.0000,96.4556,0.0000,-84.8222,25.3910,30.342,0.013,30.355,NVIDIA L4,4875190
cifar10,resnet18,3,4.0,0.5,256,42,94.9700,95.7111,88.3000,10.0000,11.1111,0.0000,96.4556,0.0000,-85.3444,33.9643,34.647,0.018,34.665,NVIDIA L4,4875190
cifar10,resnet18,3,4.0,0.5,512,42,94.9700,95.7111,88.3000,11.8900,13.2111,0.0000,96.4556,0.0000,-83.2444,36.5841,34.876,0.017,34.893,NVIDIA L4,4875190
cifar10,resnet18,3,4.0,0.5,64,42,94.9700,95.7111,88.3000,13.3300,14.8111,0.0000,96.4556,0.0000,-81.6444,25.3910,30.342,0.020,30.362,NVIDIA L4,4875190
cifar10,resnet18,3,4.0,1.0,256,42,94.9700,95.7111,88.3000,10.0000,11.1111,0.0000,96.4556,0.0000,-85.3444,33.9643,34.647,0.018,34.666,NVIDIA L4,4875190
cifar10,resnet18,3,4.0,1.0,512,42,94.9700,95.7111,88.3000,9.5600,10.6222,0.0000,96.4556,0.0000,-85.8333,36.5841,34.876,0.014,34.889,NVIDIA L4,4875190
cifar10,resnet18,3,4.0,1.0,64,42,94.9700,95.7111,88.3000,11.3000,12.5556,0.0000,96.4556,0.0000,-83.9000,25.3910,30.342,0.017,30.359,NVIDIA L4,4875190
cifar10,resnet18,3,50.0,0.1,256,42,94.9700,95.7111,88.3000,94.9700,95.7111,88.3000,96.4556,0.0000,-0.7444,0.0000,34.647,0.011,34.658,NVIDIA L4,4875190
cifar10,resnet18,3,50.0,0.1,512,42,94.9700,95.7111,88.3000,94.9700,95.7111,88.3000,96.4556,0.0000,-0.7444,0.0000,34.876,0.014,34.889,NVIDIA L4,4875190
cifar10,resnet18,3,50.0,0.1,64,42,94.9700,95.7111,88.3000,94.9700,95.7111,88.3000,96.4556,0.0000,-0.7444,0.0000,30.342,0.010,30.353,NVIDIA L4,4875190
cifar10,resnet18,3,50.0,0.5,256,42,94.9700,95.7111,88.3000,94.9700,95.7111,88.3000,96.4556,0.0000,-0.7444,0.0000,34.647,0.011,34.658,NVIDIA L4,4875190
cifar10,resnet18,3,50.0,0.5,512,42,94.9700,95.7111,88.3000,94.9700,95.7111,88.3000,96.4556,0.0000,-0.7444,0.0000,34.876,0.011,34.886,NVIDIA L4,4875190
cifar10,resnet18,3,50.0,0.5,64,42,94.9700,95.7111,88.3000,94.9700,95.7111,88.3000,96.4556,0.0000,-0.7444,0.0000,30.342,0.011,30.353,NVIDIA L4,4875190
cifar10,resnet18,3,50.0,1.0,256,42,94.9700,95.7111,88.3000,94.9700,95.7111,88.3000,96.4556,0.0000,-0.7444,0.0000,34.647,0.011,34.658,NVIDIA L4,4875190
cifar10,resnet18,3,50.0,1.0,512,42,94.9700,95.7111,88.3000,94.9700,95.7111,88.3000,96.4556,0.0000,-0.7444,0.0000,34.876,0.013,34.889,NVIDIA L4,4875190
cifar10,resnet18,3,50.0,1.0,64,42,94.9700,95.7111,88.3000,94.9700,95.7111,88.3000,96.4556,0.0000,-0.7444,0.0000,30.342,0.011,30.353,NVIDIA L4,4875190
cifar10,resnet18,3,6.0,0.1,256,42,94.9700,95.7111,88.3000,33.6100,37.3444,0.0000,96.4556,0.0000,-59.1111,19.0084,34.647,0.016,34.663,NVIDIA L4,4875190
cifar10,resnet18,3,6.0,0.1,512,42,94.9700,95.7111,88.3000,31.1500,34.6111,0.0000,96.4556,0.0000,-61.8444,20.7108,34.876,0.013,34.889,NVIDIA L4,4875190
cifar10,resnet18,3,6.0,0.1,64,42,94.9700,95.7111,88.3000,71.4800,79.4222,0.0000,96.4556,0.0000,-17.0333,12.0430,30.342,0.014,30.356,NVIDIA L4,4875190
cifar10,resnet18,3,6.0,0.5,256,42,94.9700,95.7111,88.3000,41.4400,46.0444,0.0000,96.4556,0.0000,-50.4111,19.0084,34.647,0.019,34.666,NVIDIA L4,4875190
cifar10,resnet18,3,6.0,0.5,512,42,94.9700,95.7111,88.3000,33.5400,37.2667,0.0000,96.4556,0.0000,-59.1889,20.7108,34.876,0.015,34.890,NVIDIA L4,4875190
cifar10,resnet18,3,6.0,0.5,64,42,94.9700,95.7111,88.3000,72.9300,81.0333,0.0000,96.4556,0.0000,-15.4222,12.0430,30.342,0.013,30.355,NVIDIA L4,4875190
cifar10,resnet18,3,6.0,1.0,256,42,94.9700,95.7111,88.3000,49.5300,55.0333,0.0000,96.4556,0.0000,-41.4222,19.0084,34.647,0.015,34.663,NVIDIA L4,4875190
cifar10,resnet18,3,6.0,1.0,512,42,94.9700,95.7111,88.3000,36.7900,40.8778,0.0000,96.4556,0.0000,-55.5778,20.7108,34.876,0.014,34.890,NVIDIA L4,4875190
cifar10,resnet18,3,6.0,1.0,64,42,94.9700,95.7111,88.3000,74.2700,82.5222,0.0000,96.4556,0.0000,-13.9333,12.0430,30.342,0.013,30.355,NVIDIA L4,4875190
cifar10,resnet18,3,8.0,0.1,256,42,94.9700,95.7111,88.3000,85.3900,94.8778,0.0000,96.4556,0.0000,-1.5778,8.0149,34.647,0.013,34.661,NVIDIA L4,4875190
cifar10,resnet18,3,8.0,0.1,512,42,94.9700,95.7111,88.3000,84.2800,93.6444,0.0000,96.4556,0.0000,-2.8111,7.9232,34.876,0.014,34.890,NVIDIA L4,4875190
cifar10,resnet18,3,8.0,0.1,64,42,94.9700,95.7111,88.3000,88.5800,96.0444,21.4000,96.4556,0.0000,-0.4111,3.7903,30.342,0.015,30.357,NVIDIA L4,4875190
cifar10,resnet18,3,8.0,0.5,256,42,94.9700,95.7111,88.3000,85.5400,95.0444,0.0000,96.4556,0.0000,-1.4111,8.0149,34.647,0.013,34.660,NVIDIA L4,4875190
cifar10,resnet18,3,8.0,0.5,512,42,94.9700,95.7111,88.3000,84.3600,93.7333,0.0000,96.4556,0.0000,-2.7222,7.9232,34.876,0.014,34.890,NVIDIA L4,4875190
cifar10,resnet18,3,8.0,0.5,64,42,94.9700,95.7111,88.3000,89.0600,96.0889,25.8000,96.4556,0.0000,-0.3667,3.7903,30.342,0.012,30.355,NVIDIA L4,4875190
cifar10,resnet18,3,8.0,1.0,256,42,94.9700,95.7111,88.3000,85.7900,95.3222,0.0000,96.4556,0.0000,-1.1333,8.0149,34.647,0.013,34.660,NVIDIA L4,4875190
cifar10,resnet18,3,8.0,1.0,512,42,94.9700,95.7111,88.3000,84.3200,93.6889,0.0000,96.4556,0.0000,-2.7667,7.9232,34.876,0.013,34.888,NVIDIA L4,4875190
cifar10,resnet18,3,8.0,1.0,64,42,94.9700,95.7111,88.3000,89.7400,96.1222,32.3000,96.4556,0.0000,-0.3333,3.7903,30.342,0.013,30.355,NVIDIA L4,4875190
cifar10,resnet18,5,10.0,0.1,256,42,94.9700,95.2333,92.6000,94.9600,95.2222,92.6000,95.9444,0.0000,-0.7222,0.0208,34.151,0.011,34.162,NVIDIA L4,4875190
cifar10,resnet18,5,10.0,0.1,512,42,94.9700,95.2333,92.6000,94.9900,95.2667,92.5000,95.9444,0.0000,-0.6778,0.0156,32.971,0.011,32.983,NVIDIA L4,4875190
cifar10,resnet18,5,10.0,0.1,64,42,94.9700,95.2333,92.6000,94.9800,95.2556,92.5000,95.9444,0.0000,-0.6889,0.0171,30.046,0.013,30.058,NVIDIA L4,4875190
cifar10,resnet18,5,10.0,0.5,256,42,94.9700,95.2333,92.6000,94.9600,95.2222,92.6000,95.9444,0.0000,-0.7222,0.0208,34.151,0.015,34.165,NVIDIA L4,4875190
cifar10,resnet18,5,10.0,0.5,512,42,94.9700,95.2333,92.6000,95.0000,95.2667,92.6000,95.9444,0.0000,-0.6778,0.0156,32.971,0.011,32.982,NVIDIA L4,4875190
cifar10,resnet18,5,10.0,0.5,64,42,94.9700,95.2333,92.6000,94.9800,95.2556,92.5000,95.9444,0.0000,-0.6889,0.0171,30.046,0.011,30.057,NVIDIA L4,4875190
cifar10,resnet18,5,10.0,1.0,256,42,94.9700,95.2333,92.6000,94.9600,95.2222,92.6000,95.9444,0.0000,-0.7222,0.0208,34.151,0.011,34.162,NVIDIA L4,4875190
cifar10,resnet18,5,10.0,1.0,512,42,94.9700,95.2333,92.6000,95.0000,95.2667,92.6000,95.9444,0.0000,-0.6778,0.0156,32.971,0.015,32.986,NVIDIA L4,4875190
cifar10,resnet18,5,10.0,1.0,64,42,94.9700,95.2333,92.6000,94.9800,95.2556,92.5000,95.9444,0.0000,-0.6889,0.0171,30.046,0.012,30.057,NVIDIA L4,4875190
cifar10,resnet18,5,12.0,0.1,256,42,94.9700,95.2333,92.6000,94.9800,95.2444,92.6000,95.9444,0.0000,-0.7000,0.0018,34.151,0.011,34.162,NVIDIA L4,4875190
cifar10,resnet18,5,12.0,0.1,512,42,94.9700,95.2333,92.6000,94.9800,95.2444,92.6000,95.9444,0.0000,-0.7000,0.0013,32.971,0.012,32.983,NVIDIA L4,4875190
cifar10,resnet18,5,12.0,0.1,64,42,94.9700,95.2333,92.6000,94.9700,95.2333,92.6000,95.9444,0.0000,-0.7111,0.0020,30.046,0.011,30.057,NVIDIA L4,4875190
cifar10,resnet18,5,12.0,0.5,256,42,94.9700,95.2333,92.6000,94.9800,95.2444,92.6000,95.9444,0.0000,-0.7000,0.0018,34.151,0.011,34.162,NVIDIA L4,4875190
cifar10,resnet18,5,12.0,0.5,512,42,94.9700,95.2333,92.6000,94.9800,95.2444,92.6000,95.9444,0.0000,-0.7000,0.0013,32.971,0.011,32.982,NVIDIA L4,4875190
cifar10,resnet18,5,12.0,0.5,64,42,94.9700,95.2333,92.6000,94.9700,95.2333,92.6000,95.9444,0.0000,-0.7111,0.0020,30.046,0.012,30.058,NVIDIA L4,4875190
cifar10,resnet18,5,12.0,1.0,256,42,94.9700,95.2333,92.6000,94.9800,95.2444,92.6000,95.9444,0.0000,-0.7000,0.0018,34.151,0.014,34.165,NVIDIA L4,4875190
cifar10,resnet18,5,12.0,1.0,512,42,94.9700,95.2333,92.6000,94.9800,95.2444,92.6000,95.9444,0.0000,-0.7000,0.0013,32.971,0.012,32.983,NVIDIA L4,4875190
cifar10,resnet18,5,12.0,1.0,64,42,94.9700,95.2333,92.6000,94.9700,95.2333,92.6000,95.9444,0.0000,-0.7111,0.0020,30.046,0.012,30.057,NVIDIA L4,4875190
cifar10,resnet18,5,15.0,0.1,256,42,94.9700,95.2333,92.6000,94.9700,95.2333,92.6000,95.9444,0.0000,-0.7111,0.0001,34.151,0.011,34.162,NVIDIA L4,4875190
cifar10,resnet18,5,15.0,0.1,512,42,94.9700,95.2333,92.6000,94.9700,95.2333,92.6000,95.9444,0.0000,-0.7111,0.0001,32.971,0.011,32.982,NVIDIA L4,4875190
cifar10,resnet18,5,15.0,0.1,64,42,94.9700,95.2333,92.6000,94.9700,95.2333,92.6000,95.9444,0.0000,-0.7111,0.0001,30.046,0.014,30.060,NVIDIA L4,4875190
cifar10,resnet18,5,15.0,0.5,256,42,94.9700,95.2333,92.6000,94.9700,95.2333,92.6000,95.9444,0.0000,-0.7111,0.0001,34.151,0.011,34.161,NVIDIA L4,4875190
cifar10,resnet18,5,15.0,0.5,512,42,94.9700,95.2333,92.6000,94.9700,95.2333,92.6000,95.9444,0.0000,-0.7111,0.0001,32.971,0.011,32.982,NVIDIA L4,4875190
cifar10,resnet18,5,15.0,0.5,64,42,94.9700,95.2333,92.6000,94.9700,95.2333,92.6000,95.9444,0.0000,-0.7111,0.0001,30.046,0.012,30.057,NVIDIA L4,4875190
cifar10,resnet18,5,15.0,1.0,256,42,94.9700,95.2333,92.6000,94.9700,95.2333,92.6000,95.9444,0.0000,-0.7111,0.0001,34.151,0.011,34.162,NVIDIA L4,4875190
cifar10,resnet18,5,15.0,1.0,512,42,94.9700,95.2333,92.6000,94.9700,95.2333,92.6000,95.9444,0.0000,-0.7111,0.0001,32.971,0.012,32.983,NVIDIA L4,4875190
cifar10,resnet18,5,15.0,1.0,64,42,94.9700,95.2333,92.6000,94.9700,95.2333,92.6000,95.9444,0.0000,-0.7111,0.0001,30.046,0.011,30.057,NVIDIA L4,4875190
cifar10,resnet18,5,2.0,0.1,256,42,94.9700,95.2333,92.6000,20.1600,22.4000,0.0000,95.9444,0.0000,-73.5444,22.4789,34.151,0.014,34.164,NVIDIA L4,4875190
cifar10,resnet18,5,2.0,0.1,512,42,94.9700,95.2333,92.6000,10.2300,11.3667,0.0000,95.9444,0.0000,-84.5778,27.7149,32.971,0.014,32.985,NVIDIA L4,4875190
cifar10,resnet18,5,2.0,0.1,64,42,94.9700,95.2333,92.6000,79.1000,87.8889,0.0000,95.9444,0.0000,-8.0556,15.0447,30.046,0.017,30.063,NVIDIA L4,4875190
cifar10,resnet18,5,2.0,0.5,256,42,94.9700,95.2333,92.6000,29.1100,32.3444,0.0000,95.9444,0.0000,-63.6000,22.4789,34.151,0.017,34.168,NVIDIA L4,4875190
cifar10,resnet18,5,2.0,0.5,512,42,94.9700,95.2333,92.6000,14.1000,15.6667,0.0000,95.9444,0.0000,-80.2778,27.7149,32.971,0.014,32.985,NVIDIA L4,4875190
cifar10,resnet18,5,2.0,0.5,64,42,94.9700,95.2333,92.6000,81.6900,90.7667,0.0000,95.9444,0.0000,-5.1778,15.0447,30.046,0.019,30.065,NVIDIA L4,4875190
cifar10,resnet18,5,2.0,1.0,256,42,94.9700,95.2333,92.6000,49.6100,55.1222,0.0000,95.9444,0.0000,-40.8222,22.4789,34.151,0.014,34.164,NVIDIA L4,4875190
cifar10,resnet18,5,2.0,1.0,512,42,94.9700,95.2333,92.6000,21.1200,23.4667,0.0000,95.9444,0.0000,-72.4778,27.7149,32.971,0.014,32.985,NVIDIA L4,4875190
cifar10,resnet18,5,2.0,1.0,64,42,94.9700,95.2333,92.6000,83.8400,93.1556,0.0000,95.9444,0.0000,-2.7889,15.0447,30.046,0.013,30.059,NVIDIA L4,4875190
cifar10,resnet18,5,20.0,0.1,256,42,94.9700,95.2333,92.6000,94.9700,95.2333,92.6000,95.9444,0.0000,-0.7111,0.0000,34.151,0.012,34.162,NVIDIA L4,4875190
cifar10,resnet18,5,20.0,0.1,512,42,94.9700,95.2333,92.6000,94.9700,95.2333,92.6000,95.9444,0.0000,-0.7111,0.0000,32.971,0.011,32.982,NVIDIA L4,4875190
cifar10,resnet18,5,20.0,0.1,64,42,94.9700,95.2333,92.6000,94.9700,95.2333,92.6000,95.9444,0.0000,-0.7111,0.0000,30.046,0.014,30.059,NVIDIA L4,4875190
cifar10,resnet18,5,20.0,0.5,256,42,94.9700,95.2333,92.6000,94.9700,95.2333,92.6000,95.9444,0.0000,-0.7111,0.0000,34.151,0.012,34.162,NVIDIA L4,4875190
cifar10,resnet18,5,20.0,0.5,512,42,94.9700,95.2333,92.6000,94.9700,95.2333,92.6000,95.9444,0.0000,-0.7111,0.0000,32.971,0.011,32.982,NVIDIA L4,4875190
cifar10,resnet18,5,20.0,0.5,64,42,94.9700,95.2333,92.6000,94.9700,95.2333,92.6000,95.9444,0.0000,-0.7111,0.0000,30.046,0.014,30.060,NVIDIA L4,4875190
cifar10,resnet18,5,20.0,1.0,256,42,94.9700,95.2333,92.6000,94.9700,95.2333,92.6000,95.9444,0.0000,-0.7111,0.0000,34.151,0.011,34.162,NVIDIA L4,4875190
cifar10,resnet18,5,20.0,1.0,512,42,94.9700,95.2333,92.6000,94.9700,95.2333,92.6000,95.9444,0.0000,-0.7111,0.0000,32.971,0.011,32.982,NVIDIA L4,4875190
cifar10,resnet18,5,20.0,1.0,64,42,94.9700,95.2333,92.6000,94.9700,95.2333,92.6000,95.9444,0.0000,-0.7111,0.0000,30.046,0.011,30.057,NVIDIA L4,4875190
cifar10,resnet18,5,30.0,0.1,256,42,94.9700,95.2333,92.6000,94.9700,95.2333,92.6000,95.9444,0.0000,-0.7111,0.0000,34.151,0.011,34.161,NVIDIA L4,4875190
cifar10,resnet18,5,30.0,0.1,512,42,94.9700,95.2333,92.6000,94.9700,95.2333,92.6000,95.9444,0.0000,-0.7111,0.0000,32.971,0.011,32.982,NVIDIA L4,4875190
cifar10,resnet18,5,30.0,0.1,64,42,94.9700,95.2333,92.6000,94.9700,95.2333,92.6000,95.9444,0.0000,-0.7111,0.0000,30.046,0.011,30.056,NVIDIA L4,4875190
cifar10,resnet18,5,30.0,0.5,256,42,94.9700,95.2333,92.6000,94.9700,95.2333,92.6000,95.9444,0.0000,-0.7111,0.0000,34.151,0.011,34.161,NVIDIA L4,4875190
cifar10,resnet18,5,30.0,0.5,512,42,94.9700,95.2333,92.6000,94.9700,95.2333,92.6000,95.9444,0.0000,-0.7111,0.0000,32.971,0.014,32.985,NVIDIA L4,4875190
cifar10,resnet18,5,30.0,0.5,64,42,94.9700,95.2333,92.6000,94.9700,95.2333,92.6000,95.9444,0.0000,-0.7111,0.0000,30.046,0.012,30.057,NVIDIA L4,4875190
cifar10,resnet18,5,30.0,1.0,256,42,94.9700,95.2333,92.6000,94.9700,95.2333,92.6000,95.9444,0.0000,-0.7111,0.0000,34.151,0.011,34.161,NVIDIA L4,4875190
cifar10,resnet18,5,30.0,1.0,512,42,94.9700,95.2333,92.6000,94.9700,95.2333,92.6000,95.9444,0.0000,-0.7111,0.0000,32.971,0.011,32.982,NVIDIA L4,4875190
cifar10,resnet18,5,30.0,1.0,64,42,94.9700,95.2333,92.6000,94.9700,95.2333,92.6000,95.9444,0.0000,-0.7111,0.0000,30.046,0.011,30.057,NVIDIA L4,4875190
cifar10,resnet18,5,4.0,0.1,256,42,94.9700,95.2333,92.6000,84.7300,94.1444,0.0000,95.9444,0.0000,-1.8000,10.1326,34.151,0.016,34.167,NVIDIA L4,4875190
cifar10,resnet18,5,4.0,0.1,512,42,94.9700,95.2333,92.6000,83.1200,92.3556,0.0000,95.9444,0.0000,-3.5889,13.6629,32.971,0.013,32.984,NVIDIA L4,4875190
cifar10,resnet18,5,4.0,0.1,64,42,94.9700,95.2333,92.6000,86.2400,95.8222,0.0000,95.9444,0.0000,-0.1222,5.7646,30.046,0.016,30.062,NVIDIA L4,4875190
cifar10,resnet18,5,4.0,0.5,256,42,94.9700,95.2333,92.6000,84.9500,94.3889,0.0000,95.9444,0.0000,-1.5556,10.1326,34.151,0.017,34.168,NVIDIA L4,4875190
cifar10,resnet18,5,4.0,0.5,512,42,94.9700,95.2333,92.6000,83.6400,92.9333,0.0000,95.9444,0.0000,-3.0111,13.6629,32.971,0.015,32.986,NVIDIA L4,4875190
cifar10,resnet18,5,4.0,0.5,64,42,94.9700,95.2333,92.6000,86.2400,95.8222,0.0000,95.9444,0.0000,-0.1222,5.7646,30.046,0.012,30.058,NVIDIA L4,4875190
cifar10,resnet18,5,4.0,1.0,256,42,94.9700,95.2333,92.6000,85.2000,94.6667,0.0000,95.9444,0.0000,-1.2778,10.1326,34.151,0.013,34.164,NVIDIA L4,4875190
cifar10,resnet18,5,4.0,1.0,512,42,94.9700,95.2333,92.6000,84.1000,93.4444,0.0000,95.9444,0.0000,-2.5000,13.6629,32.971,0.013,32.985,NVIDIA L4,4875190
cifar10,resnet18,5,4.0,1.0,64,42,94.9700,95.2333,92.6000,86.2400,95.8222,0.0000,95.9444,0.0000,-0.1222,5.7646,30.046,0.014,30.059,NVIDIA L4,4875190
cifar10,resnet18,5,50.0,0.1,256,42,94.9700,95.2333,92.6000,94.9700,95.2333,92.6000,95.9444,0.0000,-0.7111,0.0000,34.151,0.015,34.166,NVIDIA L4,4875190
cifar10,resnet18,5,50.0,0.1,512,42,94.9700,95.2333,92.6000,94.9700,95.2333,92.6000,95.9444,0.0000,-0.7111,0.0000,32.971,0.011,32.982,NVIDIA L4,4875190
cifar10,resnet18,5,50.0,0.1,64,42,94.9700,95.2333,92.6000,94.9700,95.2333,92.6000,95.9444,0.0000,-0.7111,0.0000,30.046,0.010,30.056,NVIDIA L4,4875190
cifar10,resnet18,5,50.0,0.5,256,42,94.9700,95.2333,92.6000,94.9700,95.2333,92.6000,95.9444,0.0000,-0.7111,0.0000,34.151,0.011,34.162,NVIDIA L4,4875190
cifar10,resnet18,5,50.0,0.5,512,42,94.9700,95.2333,92.6000,94.9700,95.2333,92.6000,95.9444,0.0000,-0.7111,0.0000,32.971,0.011,32.982,NVIDIA L4,4875190
cifar10,resnet18,5,50.0,0.5,64,42,94.9700,95.2333,92.6000,94.9700,95.2333,92.6000,95.9444,0.0000,-0.7111,0.0000,30.046,0.011,30.057,NVIDIA L4,4875190
cifar10,resnet18,5,50.0,1.0,256,42,94.9700,95.2333,92.6000,94.9700,95.2333,92.6000,95.9444,0.0000,-0.7111,0.0000,34.151,0.011,34.162,NVIDIA L4,4875190
cifar10,resnet18,5,50.0,1.0,512,42,94.9700,95.2333,92.6000,94.9700,95.2333,92.6000,95.9444,0.0000,-0.7111,0.0000,32.971,0.011,32.983,NVIDIA L4,4875190
cifar10,resnet18,5,50.0,1.0,64,42,94.9700,95.2333,92.6000,94.9700,95.2333,92.6000,95.9444,0.0000,-0.7111,0.0000,30.046,0.010,30.056,NVIDIA L4,4875190
cifar10,resnet18,5,6.0,0.1,256,42,94.9700,95.2333,92.6000,86.2900,95.8778,0.0000,95.9444,0.0000,-0.0667,4.9366,34.151,0.016,34.167,NVIDIA L4,4875190
cifar10,resnet18,5,6.0,0.1,512,42,94.9700,95.2333,92.6000,85.6900,95.2111,0.0000,95.9444,0.0000,-0.7333,7.0293,32.971,0.012,32.983,NVIDIA L4,4875190
cifar10,resnet18,5,6.0,0.1,64,42,94.9700,95.2333,92.6000,86.4100,96.0111,0.0000,95.9444,0.0000,+0.0667,2.3877,30.046,0.012,30.057,NVIDIA L4,4875190
cifar10,resnet18,5,6.0,0.5,256,42,94.9700,95.2333,92.6000,86.2900,95.8778,0.0000,95.9444,0.0000,-0.0667,4.9366,34.151,0.013,34.163,NVIDIA L4,4875190
cifar10,resnet18,5,6.0,0.5,512,42,94.9700,95.2333,92.6000,85.7700,95.3000,0.0000,95.9444,0.0000,-0.6444,7.0293,32.971,0.013,32.984,NVIDIA L4,4875190
cifar10,resnet18,5,6.0,0.5,64,42,94.9700,95.2333,92.6000,86.4200,96.0222,0.0000,95.9444,0.0000,+0.0778,2.3877,30.046,0.012,30.058,NVIDIA L4,4875190
cifar10,resnet18,5,6.0,1.0,256,42,94.9700,95.2333,92.6000,86.2800,95.8667,0.0000,95.9444,0.0000,-0.0778,4.9366,34.151,0.012,34.163,NVIDIA L4,4875190
cifar10,resnet18,5,6.0,1.0,512,42,94.9700,95.2333,92.6000,85.8300,95.3667,0.0000,95.9444,0.0000,-0.5778,7.0293,32.971,0.012,32.984,NVIDIA L4,4875190
cifar10,resnet18,5,6.0,1.0,64,42,94.9700,95.2333,92.6000,86.4200,96.0222,0.0000,95.9444,0.0000,+0.0778,2.3877,30.046,0.012,30.058,NVIDIA L4,4875190
cifar10,resnet18,5,8.0,0.1,256,42,94.9700,95.2333,92.6000,86.4300,96.0333,0.0000,95.9444,0.0000,+0.0889,1.8129,34.151,0.013,34.164,NVIDIA L4,4875190
cifar10,resnet18,5,8.0,0.1,512,42,94.9700,95.2333,92.6000,86.4400,96.0444,0.0000,95.9444,0.0000,+0.1000,2.9327,32.971,0.013,32.984,NVIDIA L4,4875190
cifar10,resnet18,5,8.0,0.1,64,42,94.9700,95.2333,92.6000,91.0300,96.0889,45.5000,95.9444,0.0000,+0.1444,0.6674,30.046,0.011,30.057,NVIDIA L4,4875190
cifar10,resnet18,5,8.0,0.5,256,42,94.9700,95.2333,92.6000,86.4300,96.0333,0.0000,95.9444,0.0000,+0.0889,1.8129,34.151,0.012,34.163,NVIDIA L4,4875190
cifar10,resnet18,5,8.0,0.5,512,42,94.9700,95.2333,92.6000,86.4000,96.0000,0.0000,95.9444,0.0000,+0.0556,2.9327,32.971,0.012,32.983,NVIDIA L4,4875190
cifar10,resnet18,5,8.0,0.5,64,42,94.9700,95.2333,92.6000,91.4200,96.0667,49.6000,95.9444,0.0000,+0.1222,0.6674,30.046,0.013,30.058,NVIDIA L4,4875190
cifar10,resnet18,5,8.0,1.0,256,42,94.9700,95.2333,92.6000,86.4200,96.0222,0.0000,95.9444,0.0000,+0.0778,1.8129,34.151,0.013,34.164,NVIDIA L4,4875190
cifar10,resnet18,5,8.0,1.0,512,42,94.9700,95.2333,92.6000,86.4100,96.0111,0.0000,95.9444,0.0000,+0.0667,2.9327,32.971,0.012,32.983,NVIDIA L4,4875190
cifar10,resnet18,5,8.0,1.0,64,42,94.9700,95.2333,92.6000,91.9600,96.0556,55.1000,95.9444,0.0000,+0.1111,0.6674,30.046,0.012,30.057,NVIDIA L4,4875190
cifar10,resnet18,8,10.0,0.1,256,42,94.9700,94.7778,96.7000,94.9700,94.7778,96.7000,95.0000,0.0000,-0.2222,0.0028,33.889,0.015,33.904,NVIDIA L4,4875190
cifar10,resnet18,8,10.0,0.1,512,42,94.9700,94.7778,96.7000,94.9800,94.7889,96.7000,95.0000,0.0000,-0.2111,0.0212,39.586,0.012,39.598,NVIDIA L4,4875190
cifar10,resnet18,8,10.0,0.1,64,42,94.9700,94.7778,96.7000,94.9700,94.7778,96.7000,95.0000,0.0000,-0.2222,0.0045,28.991,0.011,29.002,NVIDIA L4,4875190
cifar10,resnet18,8,10.0,0.5,256,42,94.9700,94.7778,96.7000,94.9700,94.7778,96.7000,95.0000,0.0000,-0.2222,0.0028,33.889,0.011,33.900,NVIDIA L4,4875190
cifar10,resnet18,8,10.0,0.5,512,42,94.9700,94.7778,96.7000,94.9800,94.7889,96.7000,95.0000,0.0000,-0.2111,0.0212,39.586,0.012,39.598,NVIDIA L4,4875190
cifar10,resnet18,8,10.0,0.5,64,42,94.9700,94.7778,96.7000,94.9700,94.7778,96.7000,95.0000,0.0000,-0.2222,0.0045,28.991,0.014,29.005,NVIDIA L4,4875190
cifar10,resnet18,8,10.0,1.0,256,42,94.9700,94.7778,96.7000,94.9700,94.7778,96.7000,95.0000,0.0000,-0.2222,0.0028,33.889,0.013,33.902,NVIDIA L4,4875190
cifar10,resnet18,8,10.0,1.0,512,42,94.9700,94.7778,96.7000,94.9800,94.7889,96.7000,95.0000,0.0000,-0.2111,0.0212,39.586,0.011,39.597,NVIDIA L4,4875190
cifar10,resnet18,8,10.0,1.0,64,42,94.9700,94.7778,96.7000,94.9700,94.7778,96.7000,95.0000,0.0000,-0.2222,0.0045,28.991,0.011,29.001,NVIDIA L4,4875190
cifar10,resnet18,8,12.0,0.1,256,42,94.9700,94.7778,96.7000,94.9700,94.7778,96.7000,95.0000,0.0000,-0.2222,0.0002,33.889,0.013,33.902,NVIDIA L4,4875190
cifar10,resnet18,8,12.0,0.1,512,42,94.9700,94.7778,96.7000,94.9800,94.7889,96.7000,95.0000,0.0000,-0.2111,0.0008,39.586,0.011,39.597,NVIDIA L4,4875190
cifar10,resnet18,8,12.0,0.1,64,42,94.9700,94.7778,96.7000,94.9700,94.7778,96.7000,95.0000,0.0000,-0.2222,0.0001,28.991,0.012,29.002,NVIDIA L4,4875190
cifar10,resnet18,8,12.0,0.5,256,42,94.9700,94.7778,96.7000,94.9700,94.7778,96.7000,95.0000,0.0000,-0.2222,0.0002,33.889,0.011,33.900,NVIDIA L4,4875190
cifar10,resnet18,8,12.0,0.5,512,42,94.9700,94.7778,96.7000,94.9800,94.7889,96.7000,95.0000,0.0000,-0.2111,0.0008,39.586,0.013,39.600,NVIDIA L4,4875190
cifar10,resnet18,8,12.0,0.5,64,42,94.9700,94.7778,96.7000,94.9700,94.7778,96.7000,95.0000,0.0000,-0.2222,0.0001,28.991,0.011,29.001,NVIDIA L4,4875190
cifar10,resnet18,8,12.0,1.0,256,42,94.9700,94.7778,96.7000,94.9700,94.7778,96.7000,95.0000,0.0000,-0.2222,0.0002,33.889,0.011,33.900,NVIDIA L4,4875190
cifar10,resnet18,8,12.0,1.0,512,42,94.9700,94.7778,96.7000,94.9800,94.7889,96.7000,95.0000,0.0000,-0.2111,0.0008,39.586,0.012,39.598,NVIDIA L4,4875190
cifar10,resnet18,8,12.0,1.0,64,42,94.9700,94.7778,96.7000,94.9700,94.7778,96.7000,95.0000,0.0000,-0.2222,0.0001,28.991,0.011,29.002,NVIDIA L4,4875190
cifar10,resnet18,8,15.0,0.1,256,42,94.9700,94.7778,96.7000,94.9700,94.7778,96.7000,95.0000,0.0000,-0.2222,0.0000,33.889,0.014,33.903,NVIDIA L4,4875190
cifar10,resnet18,8,15.0,0.1,512,42,94.9700,94.7778,96.7000,94.9700,94.7778,96.7000,95.0000,0.0000,-0.2222,0.0000,39.586,0.011,39.597,NVIDIA L4,4875190
cifar10,resnet18,8,15.0,0.1,64,42,94.9700,94.7778,96.7000,94.9700,94.7778,96.7000,95.0000,0.0000,-0.2222,0.0000,28.991,0.011,29.002,NVIDIA L4,4875190
cifar10,resnet18,8,15.0,0.5,256,42,94.9700,94.7778,96.7000,94.9700,94.7778,96.7000,95.0000,0.0000,-0.2222,0.0000,33.889,0.011,33.900,NVIDIA L4,4875190
cifar10,resnet18,8,15.0,0.5,512,42,94.9700,94.7778,96.7000,94.9700,94.7778,96.7000,95.0000,0.0000,-0.2222,0.0000,39.586,0.012,39.598,NVIDIA L4,4875190
cifar10,resnet18,8,15.0,0.5,64,42,94.9700,94.7778,96.7000,94.9700,94.7778,96.7000,95.0000,0.0000,-0.2222,0.0000,28.991,0.011,29.002,NVIDIA L4,4875190
cifar10,resnet18,8,15.0,1.0,256,42,94.9700,94.7778,96.7000,94.9700,94.7778,96.7000,95.0000,0.0000,-0.2222,0.0000,33.889,0.011,33.901,NVIDIA L4,4875190
cifar10,resnet18,8,15.0,1.0,512,42,94.9700,94.7778,96.7000,94.9700,94.7778,96.7000,95.0000,0.0000,-0.2222,0.0000,39.586,0.013,39.599,NVIDIA L4,4875190
cifar10,resnet18,8,15.0,1.0,64,42,94.9700,94.7778,96.7000,94.9700,94.7778,96.7000,95.0000,0.0000,-0.2222,0.0000,28.991,0.010,29.001,NVIDIA L4,4875190
cifar10,resnet18,8,2.0,0.1,256,42,94.9700,94.7778,96.7000,19.8500,22.0556,0.0000,95.0000,0.0000,-72.9444,18.1644,33.889,0.014,33.903,NVIDIA L4,4875190
cifar10,resnet18,8,2.0,0.1,512,42,94.9700,94.7778,96.7000,17.0000,18.8889,0.0000,95.0000,0.0000,-76.1111,21.5614,39.586,0.015,39.601,NVIDIA L4,4875190
cifar10,resnet18,8,2.0,0.1,64,42,94.9700,94.7778,96.7000,45.4000,50.4444,0.0000,95.0000,0.0000,-44.5556,13.8080,28.991,0.019,29.010,NVIDIA L4,4875190
cifar10,resnet18,8,2.0,0.5,256,42,94.9700,94.7778,96.7000,24.4500,27.1667,0.0000,95.0000,0.0000,-67.8333,18.1644,33.889,0.014,33.903,NVIDIA L4,4875190
cifar10,resnet18,8,2.0,0.5,512,42,94.9700,94.7778,96.7000,19.1000,21.2222,0.0000,95.0000,0.0000,-73.7778,21.5614,39.586,0.013,39.599,NVIDIA L4,4875190
cifar10,resnet18,8,2.0,0.5,64,42,94.9700,94.7778,96.7000,52.0800,57.8667,0.0000,95.0000,0.0000,-37.1333,13.8080,28.991,0.019,29.010,NVIDIA L4,4875190
cifar10,resnet18,8,2.0,1.0,256,42,94.9700,94.7778,96.7000,36.1600,40.1778,0.0000,95.0000,0.0000,-54.8222,18.1644,33.889,0.013,33.902,NVIDIA L4,4875190
cifar10,resnet18,8,2.0,1.0,512,42,94.9700,94.7778,96.7000,24.0300,26.7000,0.0000,95.0000,0.0000,-68.3000,21.5614,39.586,0.016,39.602,NVIDIA L4,4875190
cifar10,resnet18,8,2.0,1.0,64,42,94.9700,94.7778,96.7000,63.1600,70.1778,0.0000,95.0000,0.0000,-24.8222,13.8080,28.991,0.013,29.004,NVIDIA L4,4875190
cifar10,resnet18,8,20.0,0.1,256,42,94.9700,94.7778,96.7000,94.9700,94.7778,96.7000,95.0000,0.0000,-0.2222,0.0000,33.889,0.011,33.901,NVIDIA L4,4875190
cifar10,resnet18,8,20.0,0.1,512,42,94.9700,94.7778,96.7000,94.9700,94.7778,96.7000,95.0000,0.0000,-0.2222,0.0000,39.586,0.012,39.598,NVIDIA L4,4875190
cifar10,resnet18,8,20.0,0.1,64,42,94.9700,94.7778,96.7000,94.9700,94.7778,96.7000,95.0000,0.0000,-0.2222,0.0000,28.991,0.011,29.001,NVIDIA L4,4875190
cifar10,resnet18,8,20.0,0.5,256,42,94.9700,94.7778,96.7000,94.9700,94.7778,96.7000,95.0000,0.0000,-0.2222,0.0000,33.889,0.011,33.900,NVIDIA L4,4875190
cifar10,resnet18,8,20.0,0.5,512,42,94.9700,94.7778,96.7000,94.9700,94.7778,96.7000,95.0000,0.0000,-0.2222,0.0000,39.586,0.012,39.598,NVIDIA L4,4875190
cifar10,resnet18,8,20.0,0.5,64,42,94.9700,94.7778,96.7000,94.9700,94.7778,96.7000,95.0000,0.0000,-0.2222,0.0000,28.991,0.010,29.001,NVIDIA L4,4875190
cifar10,resnet18,8,20.0,1.0,256,42,94.9700,94.7778,96.7000,94.9700,94.7778,96.7000,95.0000,0.0000,-0.2222,0.0000,33.889,0.011,33.900,NVIDIA L4,4875190
cifar10,resnet18,8,20.0,1.0,512,42,94.9700,94.7778,96.7000,94.9700,94.7778,96.7000,95.0000,0.0000,-0.2222,0.0000,39.586,0.011,39.598,NVIDIA L4,4875190
cifar10,resnet18,8,20.0,1.0,64,42,94.9700,94.7778,96.7000,94.9700,94.7778,96.7000,95.0000,0.0000,-0.2222,0.0000,28.991,0.011,29.002,NVIDIA L4,4875190
cifar10,resnet18,8,30.0,0.1,256,42,94.9700,94.7778,96.7000,94.9700,94.7778,96.7000,95.0000,0.0000,-0.2222,0.0000,33.889,0.011,33.900,NVIDIA L4,4875190
cifar10,resnet18,8,30.0,0.1,512,42,94.9700,94.7778,96.7000,94.9700,94.7778,96.7000,95.0000,0.0000,-0.2222,0.0000,39.586,0.011,39.597,NVIDIA L4,4875190
cifar10,resnet18,8,30.0,0.1,64,42,94.9700,94.7778,96.7000,94.9700,94.7778,96.7000,95.0000,0.0000,-0.2222,0.0000,28.991,0.011,29.002,NVIDIA L4,4875190
cifar10,resnet18,8,30.0,0.5,256,42,94.9700,94.7778,96.7000,94.9700,94.7778,96.7000,95.0000,0.0000,-0.2222,0.0000,33.889,0.014,33.903,NVIDIA L4,4875190
cifar10,resnet18,8,30.0,0.5,512,42,94.9700,94.7778,96.7000,94.9700,94.7778,96.7000,95.0000,0.0000,-0.2222,0.0000,39.586,0.011,39.597,NVIDIA L4,4875190
cifar10,resnet18,8,30.0,0.5,64,42,94.9700,94.7778,96.7000,94.9700,94.7778,96.7000,95.0000,0.0000,-0.2222,0.0000,28.991,0.011,29.002,NVIDIA L4,4875190
cifar10,resnet18,8,30.0,1.0,256,42,94.9700,94.7778,96.7000,94.9700,94.7778,96.7000,95.0000,0.0000,-0.2222,0.0000,33.889,0.011,33.900,NVIDIA L4,4875190
cifar10,resnet18,8,30.0,1.0,512,42,94.9700,94.7778,96.7000,94.9700,94.7778,96.7000,95.0000,0.0000,-0.2222,0.0000,39.586,0.015,39.601,NVIDIA L4,4875190
cifar10,resnet18,8,30.0,1.0,64,42,94.9700,94.7778,96.7000,94.9700,94.7778,96.7000,95.0000,0.0000,-0.2222,0.0000,28.991,0.011,29.002,NVIDIA L4,4875190
cifar10,resnet18,8,4.0,0.1,256,42,94.9700,94.7778,96.7000,81.4800,90.5333,0.0000,95.0000,0.0000,-4.4667,9.0909,33.889,0.013,33.902,NVIDIA L4,4875190
cifar10,resnet18,8,4.0,0.1,512,42,94.9700,94.7778,96.7000,74.5800,82.8667,0.0000,95.0000,0.0000,-12.1333,11.5331,39.586,0.014,39.601,NVIDIA L4,4875190
cifar10,resnet18,8,4.0,0.1,64,42,94.9700,94.7778,96.7000,84.7300,94.1444,0.0000,95.0000,0.0000,-0.8556,6.4075,28.991,0.012,29.003,NVIDIA L4,4875190
cifar10,resnet18,8,4.0,0.5,256,42,94.9700,94.7778,96.7000,82.0100,91.1222,0.0000,95.0000,0.0000,-3.8778,9.0909,33.889,0.013,33.902,NVIDIA L4,4875190
cifar10,resnet18,8,4.0,0.5,512,42,94.9700,94.7778,96.7000,75.9000,84.3333,0.0000,95.0000,0.0000,-10.6667,11.5331,39.586,0.013,39.599,NVIDIA L4,4875190
cifar10,resnet18,8,4.0,0.5,64,42,94.9700,94.7778,96.7000,84.8200,94.2444,0.0000,95.0000,0.0000,-0.7556,6.4075,28.991,0.013,29.004,NVIDIA L4,4875190
cifar10,resnet18,8,4.0,1.0,256,42,94.9700,94.7778,96.7000,82.5700,91.7444,0.0000,95.0000,0.0000,-3.2556,9.0909,33.889,0.014,33.903,NVIDIA L4,4875190
cifar10,resnet18,8,4.0,1.0,512,42,94.9700,94.7778,96.7000,77.4900,86.1000,0.0000,95.0000,0.0000,-8.9000,11.5331,39.586,0.013,39.599,NVIDIA L4,4875190
cifar10,resnet18,8,4.0,1.0,64,42,94.9700,94.7778,96.7000,84.9500,94.3889,0.0000,95.0000,0.0000,-0.6111,6.4075,28.991,0.018,29.009,NVIDIA L4,4875190
cifar10,resnet18,8,50.0,0.1,256,42,94.9700,94.7778,96.7000,94.9700,94.7778,96.7000,95.0000,0.0000,-0.2222,0.0000,33.889,0.013,33.902,NVIDIA L4,4875190
cifar10,resnet18,8,50.0,0.1,512,42,94.9700,94.7778,96.7000,94.9700,94.7778,96.7000,95.0000,0.0000,-0.2222,0.0000,39.586,0.011,39.597,NVIDIA L4,4875190
cifar10,resnet18,8,50.0,0.1,64,42,94.9700,94.7778,96.7000,94.9700,94.7778,96.7000,95.0000,0.0000,-0.2222,0.0000,28.991,0.015,29.006,NVIDIA L4,4875190
cifar10,resnet18,8,50.0,0.5,256,42,94.9700,94.7778,96.7000,94.9700,94.7778,96.7000,95.0000,0.0000,-0.2222,0.0000,33.889,0.011,33.901,NVIDIA L4,4875190
cifar10,resnet18,8,50.0,0.5,512,42,94.9700,94.7778,96.7000,94.9700,94.7778,96.7000,95.0000,0.0000,-0.2222,0.0000,39.586,0.014,39.600,NVIDIA L4,4875190
cifar10,resnet18,8,50.0,0.5,64,42,94.9700,94.7778,96.7000,94.9700,94.7778,96.7000,95.0000,0.0000,-0.2222,0.0000,28.991,0.016,29.006,NVIDIA L4,4875190
cifar10,resnet18,8,50.0,1.0,256,42,94.9700,94.7778,96.7000,94.9700,94.7778,96.7000,95.0000,0.0000,-0.2222,0.0000,33.889,0.012,33.901,NVIDIA L4,4875190
cifar10,resnet18,8,50.0,1.0,512,42,94.9700,94.7778,96.7000,94.9700,94.7778,96.7000,95.0000,0.0000,-0.2222,0.0000,39.586,0.011,39.597,NVIDIA L4,4875190
cifar10,resnet18,8,50.0,1.0,64,42,94.9700,94.7778,96.7000,94.9700,94.7778,96.7000,95.0000,0.0000,-0.2222,0.0000,28.991,0.011,29.002,NVIDIA L4,4875190
cifar10,resnet18,8,6.0,0.1,256,42,94.9700,94.7778,96.7000,85.3500,94.8333,0.0000,95.0000,0.0000,-0.1667,4.8074,33.889,0.014,33.903,NVIDIA L4,4875190
cifar10,resnet18,8,6.0,0.1,512,42,94.9700,94.7778,96.7000,84.8500,94.2778,0.0000,95.0000,0.0000,-0.7222,6.5317,39.586,0.012,39.599,NVIDIA L4,4875190
cifar10,resnet18,8,6.0,0.1,64,42,94.9700,94.7778,96.7000,85.5300,95.0333,0.0000,95.0000,0.0000,+0.0333,3.1164,28.991,0.013,29.004,NVIDIA L4,4875190
cifar10,resnet18,8,6.0,0.5,256,42,94.9700,94.7778,96.7000,85.3600,94.8444,0.0000,95.0000,0.0000,-0.1556,4.8074,33.889,0.014,33.903,NVIDIA L4,4875190
cifar10,resnet18,8,6.0,0.5,512,42,94.9700,94.7778,96.7000,84.9100,94.3444,0.0000,95.0000,0.0000,-0.6556,6.5317,39.586,0.014,39.600,NVIDIA L4,4875190
cifar10,resnet18,8,6.0,0.5,64,42,94.9700,94.7778,96.7000,85.5400,95.0444,0.0000,95.0000,0.0000,+0.0444,3.1164,28.991,0.012,29.002,NVIDIA L4,4875190
cifar10,resnet18,8,6.0,1.0,256,42,94.9700,94.7778,96.7000,85.3800,94.8667,0.0000,95.0000,0.0000,-0.1333,4.8074,33.889,0.012,33.901,NVIDIA L4,4875190
cifar10,resnet18,8,6.0,1.0,512,42,94.9700,94.7778,96.7000,85.0200,94.4667,0.0000,95.0000,0.0000,-0.5333,6.5317,39.586,0.012,39.598,NVIDIA L4,4875190
cifar10,resnet18,8,6.0,1.0,64,42,94.9700,94.7778,96.7000,85.5300,95.0333,0.0000,95.0000,0.0000,+0.0333,3.1164,28.991,0.012,29.003,NVIDIA L4,4875190
cifar10,resnet18,8,8.0,0.1,256,42,94.9700,94.7778,96.7000,85.5700,95.0778,0.0000,95.0000,0.0000,+0.0778,1.8819,33.889,0.011,33.900,NVIDIA L4,4875190
cifar10,resnet18,8,8.0,0.1,512,42,94.9700,94.7778,96.7000,85.5800,95.0889,0.0000,95.0000,0.0000,+0.0889,3.0702,39.586,0.012,39.598,NVIDIA L4,4875190
cifar10,resnet18,8,8.0,0.1,64,42,94.9700,94.7778,96.7000,90.9000,95.0667,53.4000,95.0000,0.0000,+0.0667,1.0771,28.991,0.011,29.002,NVIDIA L4,4875190
cifar10,resnet18,8,8.0,0.5,256,42,94.9700,94.7778,96.7000,85.5700,95.0778,0.0000,95.0000,0.0000,+0.0778,1.8819,33.889,0.013,33.902,NVIDIA L4,4875190
cifar10,resnet18,8,8.0,0.5,512,42,94.9700,94.7778,96.7000,85.6100,95.1222,0.0000,95.0000,0.0000,+0.1222,3.0702,39.586,0.013,39.599,NVIDIA L4,4875190
cifar10,resnet18,8,8.0,0.5,64,42,94.9700,94.7778,96.7000,91.3800,95.0667,58.2000,95.0000,0.0000,+0.0667,1.0771,28.991,0.011,29.002,NVIDIA L4,4875190
cifar10,resnet18,8,8.0,1.0,256,42,94.9700,94.7778,96.7000,85.5700,95.0778,0.0000,95.0000,0.0000,+0.0778,1.8819,33.889,0.011,33.900,NVIDIA L4,4875190
cifar10,resnet18,8,8.0,1.0,512,42,94.9700,94.7778,96.7000,85.6200,95.1333,0.0000,95.0000,0.0000,+0.1333,3.0702,39.586,0.013,39.599,NVIDIA L4,4875190
cifar10,resnet18,8,8.0,1.0,64,42,94.9700,94.7778,96.7000,92.0100,95.0667,64.5000,95.0000,0.0000,+0.0667,1.0771,28.991,0.011,29.002,NVIDIA L4,4875190
cifar100,resnet18,20,10.0,0.1,256,42,77.3500,77.2121,91.0000,63.2200,63.8586,0.0000,77.8990,0.0000,-14.0404,2.6762,28.492,0.016,28.509,NVIDIA A10,4875190
cifar100,resnet18,20,10.0,0.1,512,42,77.3500,77.2121,91.0000,40.5200,40.9293,0.0000,77.8990,0.0000,-36.9697,4.3098,26.633,0.013,26.647,NVIDIA A10,4875190
cifar100,resnet18,20,10.0,0.1,64,42,77.3500,77.2121,91.0000,75.4300,76.1919,0.0000,77.8990,0.0000,-1.7071,0.9857,27.004,0.012,27.016,NVIDIA A10,4875190
cifar100,resnet18,20,10.0,0.5,256,42,77.3500,77.2121,91.0000,63.4600,64.1010,0.0000,77.8990,0.0000,-13.7980,2.6762,28.492,0.012,28.505,NVIDIA A10,4875190
cifar100,resnet18,20,10.0,0.5,512,42,77.3500,77.2121,91.0000,41.3900,41.8081,0.0000,77.8990,0.0000,-36.0909,4.3098,26.633,0.018,26.651,NVIDIA A10,4875190
cifar100,resnet18,20,10.0,0.5,64,42,77.3500,77.2121,91.0000,75.5000,76.2626,0.0000,77.8990,0.0000,-1.6364,0.9857,27.004,0.012,27.016,NVIDIA A10,4875190
cifar100,resnet18,20,10.0,1.0,256,42,77.3500,77.2121,91.0000,63.9600,64.6061,0.0000,77.8990,0.0000,-13.2929,2.6762,28.492,0.013,28.505,NVIDIA A10,4875190
cifar100,resnet18,20,10.0,1.0,512,42,77.3500,77.2121,91.0000,42.5300,42.9596,0.0000,77.8990,0.0000,-34.9394,4.3098,26.633,0.013,26.647,NVIDIA A10,4875190
cifar100,resnet18,20,10.0,1.0,64,42,77.3500,77.2121,91.0000,75.5200,76.2828,0.0000,77.8990,0.0000,-1.6162,0.9857,27.004,0.012,27.016,NVIDIA A10,4875190
cifar100,resnet18,20,12.0,0.1,256,42,77.3500,77.2121,91.0000,67.8100,68.4949,0.0000,77.8990,0.0000,-9.4040,2.2016,28.492,0.012,28.505,NVIDIA A10,4875190
cifar100,resnet18,20,12.0,0.1,512,42,77.3500,77.2121,91.0000,54.3400,54.8889,0.0000,77.8990,0.0000,-23.0101,3.6342,26.633,0.017,26.650,NVIDIA A10,4875190
cifar100,resnet18,20,12.0,0.1,64,42,77.3500,77.2121,91.0000,75.7500,76.5152,0.0000,77.8990,0.0000,-1.3838,0.7880,27.004,0.012,27.016,NVIDIA A10,4875190
cifar100,resnet18,20,12.0,0.5,256,42,77.3500,77.2121,91.0000,67.9900,68.6768,0.0000,77.8990,0.0000,-9.2222,2.2016,28.492,0.013,28.505,NVIDIA A10,4875190
cifar100,resnet18,20,12.0,0.5,512,42,77.3500,77.2121,91.0000,54.8600,55.4141,0.0000,77.8990,0.0000,-22.4848,3.6342,26.633,0.018,26.652,NVIDIA A10,4875190
cifar100,resnet18,20,12.0,0.5,64,42,77.3500,77.2121,91.0000,75.7700,76.5354,0.0000,77.8990,0.0000,-1.3636,0.7880,27.004,0.012,27.016,NVIDIA A10,4875190
cifar100,resnet18,20,12.0,1.0,256,42,77.3500,77.2121,91.0000,68.2200,68.9091,0.0000,77.8990,0.0000,-8.9899,2.2016,28.492,0.012,28.505,NVIDIA A10,4875190
cifar100,resnet18,20,12.0,1.0,512,42,77.3500,77.2121,91.0000,55.3200,55.8788,0.0000,77.8990,0.0000,-22.0202,3.6342,26.633,0.012,26.646,NVIDIA A10,4875190
cifar100,resnet18,20,12.0,1.0,64,42,77.3500,77.2121,91.0000,75.7800,76.5455,0.0000,77.8990,0.0000,-1.3535,0.7880,27.004,0.012,27.016,NVIDIA A10,4875190
cifar100,resnet18,20,15.0,0.1,256,42,77.3500,77.2121,91.0000,72.9800,73.7172,0.0000,77.8990,0.0000,-4.1818,1.7170,28.492,0.012,28.505,NVIDIA A10,4875190
cifar100,resnet18,20,15.0,0.1,512,42,77.3500,77.2121,91.0000,61.7300,62.3535,0.0000,77.8990,0.0000,-15.5455,2.9055,26.633,0.020,26.653,NVIDIA A10,4875190
cifar100,resnet18,20,15.0,0.1,64,42,77.3500,77.2121,91.0000,75.7600,76.5253,0.0000,77.8990,0.0000,-1.3737,0.5909,27.004,0.012,27.016,NVIDIA A10,4875190
cifar100,resnet18,20,15.0,0.5,256,42,77.3500,77.2121,91.0000,73.0800,73.8182,0.0000,77.8990,0.0000,-4.0808,1.7170,28.492,0.012,28.505,NVIDIA A10,4875190
cifar100,resnet18,20,15.0,0.5,512,42,77.3500,77.2121,91.0000,61.9400,62.5657,0.0000,77.8990,0.0000,-15.3333,2.9055,26.633,0.017,26.650,NVIDIA A10,4875190
cifar100,resnet18,20,15.0,0.5,64,42,77.3500,77.2121,91.0000,75.7500,76.5152,0.0000,77.8990,0.0000,-1.3838,0.5909,27.004,0.012,27.016,NVIDIA A10,4875190
cifar100,resnet18,20,15.0,1.0,256,42,77.3500,77.2121,91.0000,73.1700,73.9091,0.0000,77.8990,0.0000,-3.9899,1.7170,28.492,0.016,28.508,NVIDIA A10,4875190
cifar100,resnet18,20,15.0,1.0,512,42,77.3500,77.2121,91.0000,62.1800,62.8081,0.0000,77.8990,0.0000,-15.0909,2.9055,26.633,0.022,26.655,NVIDIA A10,4875190
cifar100,resnet18,20,15.0,1.0,64,42,77.3500,77.2121,91.0000,75.7700,76.5354,0.0000,77.8990,0.0000,-1.3636,0.5909,27.004,0.012,27.016,NVIDIA A10,4875190
cifar100,resnet18,20,2.0,0.1,256,42,77.3500,77.2121,91.0000,5.2500,5.3030,0.0000,77.8990,0.0000,-72.5960,10.7803,28.492,0.017,28.509,NVIDIA A10,4875190
cifar100,resnet18,20,2.0,0.1,512,42,77.3500,77.2121,91.0000,3.0600,3.0909,0.0000,77.8990,0.0000,-74.8081,14.4853,26.633,0.018,26.651,NVIDIA A10,4875190
cifar100,resnet18,20,2.0,0.1,64,42,77.3500,77.2121,91.0000,44.4300,44.8788,0.0000,77.8990,0.0000,-33.0202,5.3858,27.004,0.019,27.023,NVIDIA A10,4875190
cifar100,resnet18,20,2.0,0.5,256,42,77.3500,77.2121,91.0000,6.5300,6.5960,0.0000,77.8990,0.0000,-71.3030,10.7803,28.492,0.016,28.509,NVIDIA A10,4875190
cifar100,resnet18,20,2.0,0.5,512,42,77.3500,77.2121,91.0000,3.3500,3.3838,0.0000,77.8990,0.0000,-74.5152,14.4853,26.633,0.014,26.647,NVIDIA A10,4875190
cifar100,resnet18,20,2.0,0.5,64,42,77.3500,77.2121,91.0000,47.4900,47.9697,0.0000,77.8990,0.0000,-29.9293,5.3858,27.004,0.012,27.017,NVIDIA A10,4875190
cifar100,resnet18,20,2.0,1.0,256,42,77.3500,77.2121,91.0000,9.1700,9.2626,0.0000,77.8990,0.0000,-68.6364,10.7803,28.492,0.013,28.505,NVIDIA A10,4875190
cifar100,resnet18,20,2.0,1.0,512,42,77.3500,77.2121,91.0000,3.7500,3.7879,0.0000,77.8990,0.0000,-74.1111,14.4853,26.633,0.013,26.647,NVIDIA A10,4875190
cifar100,resnet18,20,2.0,1.0,64,42,77.3500,77.2121,91.0000,51.9100,52.4343,0.0000,77.8990,0.0000,-25.4646,5.3858,27.004,0.013,27.017,NVIDIA A10,4875190
cifar100,resnet18,20,20.0,0.1,256,42,77.3500,77.2121,91.0000,75.4800,76.2424,0.0000,77.8990,0.0000,-1.6566,1.2077,28.492,0.012,28.505,NVIDIA A10,4875190
cifar100,resnet18,20,20.0,0.1,512,42,77.3500,77.2121,91.0000,68.0200,68.7071,0.0000,77.8990,0.0000,-9.1919,2.1315,26.633,0.013,26.647,NVIDIA A10,4875190
cifar100,resnet18,20,20.0,0.1,64,42,77.3500,77.2121,91.0000,76.0500,76.8182,0.0000,77.8990,0.0000,-1.0808,0.3922,27.004,0.012,27.016,NVIDIA A10,4875190
cifar100,resnet18,20,20.0,0.5,256,42,77.3500,77.2121,91.0000,75.4800,76.2424,0.0000,77.8990,0.0000,-1.6566,1.2077,28.492,0.012,28.504,NVIDIA A10,4875190
cifar100,resnet18,20,20.0,0.5,512,42,77.3500,77.2121,91.0000,68.1700,68.8586,0.0000,77.8990,0.0000,-9.0404,2.1315,26.633,0.016,26.649,NVIDIA A10,4875190
cifar100,resnet18,20,20.0,0.5,64,42,77.3500,77.2121,91.0000,76.0400,76.8081,0.0000,77.8990,0.0000,-1.0909,0.3922,27.004,0.012,27.016,NVIDIA A10,4875190
cifar100,resnet18,20,20.0,1.0,256,42,77.3500,77.2121,91.0000,75.5400,76.3030,0.0000,77.8990,0.0000,-1.5960,1.2077,28.492,0.016,28.508,NVIDIA A10,4875190
cifar100,resnet18,20,20.0,1.0,512,42,77.3500,77.2121,91.0000,68.3500,69.0404,0.0000,77.8990,0.0000,-8.8586,2.1315,26.633,0.017,26.651,NVIDIA A10,4875190
cifar100,resnet18,20,20.0,1.0,64,42,77.3500,77.2121,91.0000,76.0400,76.8081,0.0000,77.8990,0.0000,-1.0909,0.3922,27.004,0.012,27.016,NVIDIA A10,4875190
cifar100,resnet18,20,30.0,0.1,256,42,77.3500,77.2121,91.0000,75.6800,76.4444,0.0000,77.8990,0.0000,-1.4545,0.6753,28.492,0.012,28.505,NVIDIA A10,4875190
cifar100,resnet18,20,30.0,0.1,512,42,77.3500,77.2121,91.0000,75.0900,75.8485,0.0000,77.8990,0.0000,-2.0505,1.2971,26.633,0.016,26.649,NVIDIA A10,4875190
cifar100,resnet18,20,30.0,0.1,64,42,77.3500,77.2121,91.0000,76.1400,76.9091,0.0000,77.8990,0.0000,-0.9899,0.1949,27.004,0.012,27.016,NVIDIA A10,4875190
cifar100,resnet18,20,30.0,0.5,256,42,77.3500,77.2121,91.0000,75.6800,76.4444,0.0000,77.8990,0.0000,-1.4545,0.6753,28.492,0.016,28.509,NVIDIA A10,4875190
cifar100,resnet18,20,30.0,0.5,512,42,77.3500,77.2121,91.0000,75.1100,75.8687,0.0000,77.8990,0.0000,-2.0303,1.2971,26.633,0.012,26.646,NVIDIA A10,4875190
cifar100,resnet18,20,30.0,0.5,64,42,77.3500,77.2121,91.0000,76.1400,76.9091,0.0000,77.8990,0.0000,-0.9899,0.1949,27.004,0.011,27.016,NVIDIA A10,4875190
cifar100,resnet18,20,30.0,1.0,256,42,77.3500,77.2121,91.0000,75.6900,76.4545,0.0000,77.8990,0.0000,-1.4444,0.6753,28.492,0.012,28.504,NVIDIA A10,4875190
cifar100,resnet18,20,30.0,1.0,512,42,77.3500,77.2121,91.0000,75.1300,75.8889,0.0000,77.8990,0.0000,-2.0101,1.2971,26.633,0.012,26.646,NVIDIA A10,4875190
cifar100,resnet18,20,30.0,1.0,64,42,77.3500,77.2121,91.0000,76.1300,76.8990,0.0000,77.8990,0.0000,-1.0000,0.1949,27.004,0.011,27.016,NVIDIA A10,4875190
cifar100,resnet18,20,4.0,0.1,256,42,77.3500,77.2121,91.0000,25.7100,25.9697,0.0000,77.8990,0.0000,-51.9293,6.2996,28.492,0.013,28.505,NVIDIA A10,4875190
cifar100,resnet18,20,4.0,0.1,512,42,77.3500,77.2121,91.0000,8.7000,8.7879,0.0000,77.8990,0.0000,-69.1111,9.1123,26.633,0.018,26.651,NVIDIA A10,4875190
cifar100,resnet18,20,4.0,0.1,64,42,77.3500,77.2121,91.0000,66.2900,66.9596,0.0000,77.8990,0.0000,-10.9394,2.7350,27.004,0.012,27.017,NVIDIA A10,4875190
cifar100,resnet18,20,4.0,0.5,256,42,77.3500,77.2121,91.0000,27.4900,27.7677,0.0000,77.8990,0.0000,-50.1313,6.2996,28.492,0.012,28.505,NVIDIA A10,4875190
cifar100,resnet18,20,4.0,0.5,512,42,77.3500,77.2121,91.0000,8.9500,9.0404,0.0000,77.8990,0.0000,-68.8586,9.1123,26.633,0.017,26.651,NVIDIA A10,4875190
cifar100,resnet18,20,4.0,0.5,64,42,77.3500,77.2121,91.0000,67.0500,67.7273,0.0000,77.8990,0.0000,-10.1717,2.7350,27.004,0.016,27.020,NVIDIA A10,4875190
cifar100,resnet18,20,4.0,1.0,256,42,77.3500,77.2121,91.0000,29.9600,30.2626,0.0000,77.8990,0.0000,-47.6364,6.2996,28.492,0.019,28.511,NVIDIA A10,4875190
cifar100,resnet18,20,4.0,1.0,512,42,77.3500,77.2121,91.0000,9.8300,9.9293,0.0000,77.8990,0.0000,-67.9697,9.1123,26.633,0.013,26.647,NVIDIA A10,4875190
cifar100,resnet18,20,4.0,1.0,64,42,77.3500,77.2121,91.0000,68.0300,68.7172,0.0000,77.8990,0.0000,-9.1818,2.7350,27.004,0.012,27.017,NVIDIA A10,4875190
cifar100,resnet18,20,50.0,0.1,256,42,77.3500,77.2121,91.0000,76.0500,76.8182,0.0000,77.8990,0.0000,-1.0808,0.2188,28.492,0.012,28.504,NVIDIA A10,4875190
cifar100,resnet18,20,50.0,0.1,512,42,77.3500,77.2121,91.0000,75.8600,76.6263,0.0000,77.8990,0.0000,-1.2727,0.5529,26.633,0.015,26.649,NVIDIA A10,4875190
cifar100,resnet18,20,50.0,0.1,64,42,77.3500,77.2121,91.0000,76.3800,77.1515,0.0000,77.8990,0.0000,-0.7475,0.0496,27.004,0.011,27.015,NVIDIA A10,4875190
cifar100,resnet18,20,50.0,0.5,256,42,77.3500,77.2121,91.0000,76.0600,76.8283,0.0000,77.8990,0.0000,-1.0707,0.2188,28.492,0.012,28.504,NVIDIA A10,4875190
cifar100,resnet18,20,50.0,0.5,512,42,77.3500,77.2121,91.0000,75.8800,76.6465,0.0000,77.8990,0.0000,-1.2525,0.5529,26.633,0.016,26.650,NVIDIA A10,4875190
cifar100,resnet18,20,50.0,0.5,64,42,77.3500,77.2121,91.0000,76.3800,77.1515,0.0000,77.8990,0.0000,-0.7475,0.0496,27.004,0.014,27.019,NVIDIA A10,4875190
cifar100,resnet18,20,50.0,1.0,256,42,77.3500,77.2121,91.0000,76.0700,76.8384,0.0000,77.8990,0.0000,-1.0606,0.2188,28.492,0.012,28.504,NVIDIA A10,4875190
cifar100,resnet18,20,50.0,1.0,512,42,77.3500,77.2121,91.0000,75.8800,76.6465,0.0000,77.8990,0.0000,-1.2525,0.5529,26.633,0.012,26.645,NVIDIA A10,4875190
cifar100,resnet18,20,50.0,1.0,64,42,77.3500,77.2121,91.0000,76.3800,77.1515,0.0000,77.8990,0.0000,-0.7475,0.0496,27.004,0.011,27.015,NVIDIA A10,4875190
cifar100,resnet18,20,6.0,0.1,256,42,77.3500,77.2121,91.0000,43.3500,43.7879,0.0000,77.8990,0.0000,-34.1111,4.4108,28.492,0.013,28.505,NVIDIA A10,4875190
cifar100,resnet18,20,6.0,0.1,512,42,77.3500,77.2121,91.0000,18.5300,18.7172,0.0000,77.8990,0.0000,-59.1818,6.6837,26.633,0.019,26.653,NVIDIA A10,4875190
cifar100,resnet18,20,6.0,0.1,64,42,77.3500,77.2121,91.0000,73.4800,74.2222,0.0000,77.8990,0.0000,-3.6768,1.7724,27.004,0.012,27.016,NVIDIA A10,4875190
cifar100,resnet18,20,6.0,0.5,256,42,77.3500,77.2121,91.0000,44.4300,44.8788,0.0000,77.8990,0.0000,-33.0202,4.4108,28.492,0.013,28.505,NVIDIA A10,4875190
cifar100,resnet18,20,6.0,0.5,512,42,77.3500,77.2121,91.0000,19.8600,20.0606,0.0000,77.8990,0.0000,-57.8384,6.6837,26.633,0.013,26.647,NVIDIA A10,4875190
cifar100,resnet18,20,6.0,0.5,64,42,77.3500,77.2121,91.0000,73.6700,74.4141,0.0000,77.8990,0.0000,-3.4848,1.7724,27.004,0.012,27.017,NVIDIA A10,4875190
cifar100,resnet18,20,6.0,1.0,256,42,77.3500,77.2121,91.0000,45.9800,46.4444,0.0000,77.8990,0.0000,-31.4545,4.4108,28.492,0.013,28.506,NVIDIA A10,4875190
cifar100,resnet18,20,6.0,1.0,512,42,77.3500,77.2121,91.0000,21.9900,22.2121,0.0000,77.8990,0.0000,-55.6869,6.6837,26.633,0.013,26.646,NVIDIA A10,4875190
cifar100,resnet18,20,6.0,1.0,64,42,77.3500,77.2121,91.0000,73.8100,74.5556,0.0000,77.8990,0.0000,-3.3434,1.7724,27.004,0.012,27.017,NVIDIA A10,4875190
cifar100,resnet18,20,8.0,0.1,256,42,77.3500,77.2121,91.0000,56.5500,57.1212,0.0000,77.8990,0.0000,-20.7778,3.3523,28.492,0.013,28.505,NVIDIA A10,4875190
cifar100,resnet18,20,8.0,0.1,512,42,77.3500,77.2121,91.0000,28.4400,28.7273,0.0000,77.8990,0.0000,-49.1717,5.2542,26.633,0.017,26.651,NVIDIA A10,4875190
cifar100,resnet18,20,8.0,0.1,64,42,77.3500,77.2121,91.0000,75.1800,75.9394,0.0000,77.8990,0.0000,-1.9596,1.2805,27.004,0.012,27.016,NVIDIA A10,4875190
cifar100,resnet18,20,8.0,0.5,256,42,77.3500,77.2121,91.0000,57.1400,57.7172,0.0000,77.8990,0.0000,-20.1818,3.3523,28.492,0.013,28.505,NVIDIA A10,4875190
cifar100,resnet18,20,8.0,0.5,512,42,77.3500,77.2121,91.0000,29.5900,29.8889,0.0000,77.8990,0.0000,-48.0101,5.2542,26.633,0.018,26.651,NVIDIA A10,4875190
cifar100,resnet18,20,8.0,0.5,64,42,77.3500,77.2121,91.0000,75.1900,75.9495,0.0000,77.8990,0.0000,-1.9495,1.2805,27.004,0.012,27.016,NVIDIA A10,4875190
cifar100,resnet18,20,8.0,1.0,256,42,77.3500,77.2121,91.0000,58.0500,58.6364,0.0000,77.8990,0.0000,-19.2626,3.3523,28.492,0.013,28.505,NVIDIA A10,4875190
cifar100,resnet18,20,8.0,1.0,512,42,77.3500,77.2121,91.0000,31.1500,31.4646,0.0000,77.8990,0.0000,-46.4343,5.2542,26.633,0.013,26.646,NVIDIA A10,4875190
cifar100,resnet18,20,8.0,1.0,64,42,77.3500,77.2121,91.0000,75.2700,76.0303,0.0000,77.8990,0.0000,-1.8687,1.2805,27.004,0.012,27.016,NVIDIA A10,4875190
cifar100,resnet18,3,10.0,0.1,256,42,77.3500,77.4444,68.0000,8.0600,8.1414,0.0000,77.8788,0.0000,-69.7374,12.3908,17.368,0.019,17.386,NVIDIA A10,4875190
cifar100,resnet18,3,10.0,0.1,512,42,77.3500,77.4444,68.0000,1.0000,1.0101,0.0000,77.8788,0.0000,-76.8687,19.4247,24.128,0.021,24.148,NVIDIA A10,4875190
cifar100,resnet18,3,10.0,0.1,64,42,77.3500,77.4444,68.0000,53.2100,53.7475,0.0000,77.8788,0.0000,-24.1313,5.8226,19.526,0.016,19.542,NVIDIA A10,4875190
cifar100,resnet18,3,10.0,0.5,256,42,77.3500,77.4444,68.0000,8.9800,9.0707,0.0000,77.8788,0.0000,-68.8081,12.3908,17.368,0.019,17.386,NVIDIA A10,4875190
cifar100,resnet18,3,10.0,0.5,512,42,77.3500,77.4444,68.0000,1.0000,1.0101,0.0000,77.8788,0.0000,-76.8687,19.4247,24.128,0.017,24.145,NVIDIA A10,4875190
cifar100,resnet18,3,10.0,0.5,64,42,77.3500,77.4444,68.0000,54.1700,54.7172,0.0000,77.8788,0.0000,-23.1616,5.8226,19.526,0.016,19.542,NVIDIA A10,4875190
cifar100,resnet18,3,10.0,1.0,256,42,77.3500,77.4444,68.0000,10.1700,10.2727,0.0000,77.8788,0.0000,-67.6061,12.3908,17.368,0.014,17.382,NVIDIA A10,4875190
cifar100,resnet18,3,10.0,1.0,512,42,77.3500,77.4444,68.0000,1.0000,1.0101,0.0000,77.8788,0.0000,-76.8687,19.4247,24.128,0.017,24.144,NVIDIA A10,4875190
cifar100,resnet18,3,10.0,1.0,64,42,77.3500,77.4444,68.0000,55.5700,56.1313,0.0000,77.8788,0.0000,-21.7475,5.8226,19.526,0.016,19.542,NVIDIA A10,4875190
cifar100,resnet18,3,12.0,0.1,256,42,77.3500,77.4444,68.0000,16.2100,16.3737,0.0000,77.8788,0.0000,-61.5051,10.1864,17.368,0.013,17.380,NVIDIA A10,4875190
cifar100,resnet18,3,12.0,0.1,512,42,77.3500,77.4444,68.0000,1.0600,1.0707,0.0000,77.8788,0.0000,-76.8081,16.7250,24.128,0.017,24.144,NVIDIA A10,4875190
cifar100,resnet18,3,12.0,0.1,64,42,77.3500,77.4444,68.0000,60.6300,61.2424,0.0000,77.8788,0.0000,-16.6364,4.7400,19.526,0.016,19.542,NVIDIA A10,4875190
cifar100,resnet18,3,12.0,0.5,256,42,77.3500,77.4444,68.0000,17.5800,17.7576,0.0000,77.8788,0.0000,-60.1212,10.1864,17.368,0.013,17.381,NVIDIA A10,4875190
cifar100,resnet18,3,12.0,0.5,512,42,77.3500,77.4444,68.0000,1.0400,1.0505,0.0000,77.8788,0.0000,-76.8283,16.7250,24.128,0.013,24.141,NVIDIA A10,4875190
cifar100,resnet18,3,12.0,0.5,64,42,77.3500,77.4444,68.0000,61.2500,61.8687,0.0000,77.8788,0.0000,-16.0101,4.7400,19.526,0.012,19.538,NVIDIA A10,4875190
cifar100,resnet18,3,12.0,1.0,256,42,77.3500,77.4444,68.0000,19.4700,19.6667,0.0000,77.8788,0.0000,-58.2121,10.1864,17.368,0.013,17.380,NVIDIA A10,4875190
cifar100,resnet18,3,12.0,1.0,512,42,77.3500,77.4444,68.0000,1.0500,1.0606,0.0000,77.8788,0.0000,-76.8182,16.7250,24.128,0.013,24.141,NVIDIA A10,4875190
cifar100,resnet18,3,12.0,1.0,64,42,77.3500,77.4444,68.0000,61.9500,62.5758,0.0000,77.8788,0.0000,-15.3030,4.7400,19.526,0.012,19.538,NVIDIA A10,4875190
cifar100,resnet18,3,15.0,0.1,256,42,77.3500,77.4444,68.0000,37.5600,37.9394,0.0000,77.8788,0.0000,-39.9394,7.8230,17.368,0.013,17.380,NVIDIA A10,4875190
cifar100,resnet18,3,15.0,0.1,512,42,77.3500,77.4444,68.0000,3.7800,3.8182,0.0000,77.8788,0.0000,-74.0606,13.6221,24.128,0.013,24.141,NVIDIA A10,4875190
cifar100,resnet18,3,15.0,0.1,64,42,77.3500,77.4444,68.0000,69.4800,70.1818,0.0000,77.8788,0.0000,-7.6970,3.6614,19.526,0.012,19.538,NVIDIA A10,4875190
cifar100,resnet18,3,15.0,0.5,256,42,77.3500,77.4444,68.0000,38.4200,38.8081,0.0000,77.8788,0.0000,-39.0707,7.8230,17.368,0.013,17.380,NVIDIA A10,4875190
cifar100,resnet18,3,15.0,0.5,512,42,77.3500,77.4444,68.0000,4.0400,4.0808,0.0000,77.8788,0.0000,-73.7980,13.6221,24.128,0.013,24.141,NVIDIA A10,4875190
cifar100,resnet18,3,15.0,0.5,64,42,77.3500,77.4444,68.0000,69.6800,70.3838,0.0000,77.8788,0.0000,-7.4949,3.6614,19.526,0.016,19.542,NVIDIA A10,4875190
cifar100,resnet18,3,15.0,1.0,256,42,77.3500,77.4444,68.0000,39.5900,39.9899,0.0000,77.8788,0.0000,-37.8889,7.8230,17.368,0.013,17.380,NVIDIA A10,4875190
cifar100,resnet18,3,15.0,1.0,512,42,77.3500,77.4444,68.0000,4.4400,4.4848,0.0000,77.8788,0.0000,-73.3939,13.6221,24.128,0.014,24.141,NVIDIA A10,4875190
cifar100,resnet18,3,15.0,1.0,64,42,77.3500,77.4444,68.0000,69.9100,70.6162,0.0000,77.8788,0.0000,-7.2626,3.6614,19.526,0.018,19.544,NVIDIA A10,4875190
cifar100,resnet18,3,2.0,0.1,256,42,77.3500,77.4444,68.0000,1.0000,1.0101,0.0000,77.8788,0.0000,-76.8687,38.6757,17.368,0.018,17.385,NVIDIA A10,4875190
cifar100,resnet18,3,2.0,0.1,512,42,77.3500,77.4444,68.0000,1.0000,1.0101,0.0000,77.8788,0.0000,-76.8687,45.7601,24.128,0.017,24.145,NVIDIA A10,4875190
cifar100,resnet18,3,2.0,0.1,64,42,77.3500,77.4444,68.0000,1.0000,1.0101,0.0000,77.8788,0.0000,-76.8687,26.0055,19.526,0.066,19.592,NVIDIA A10,4875190
cifar100,resnet18,3,2.0,0.5,256,42,77.3500,77.4444,68.0000,1.0000,1.0101,0.0000,77.8788,0.0000,-76.8687,38.6757,17.368,0.019,17.387,NVIDIA A10,4875190
cifar100,resnet18,3,2.0,0.5,512,42,77.3500,77.4444,68.0000,1.0000,1.0101,0.0000,77.8788,0.0000,-76.8687,45.7601,24.128,0.015,24.142,NVIDIA A10,4875190
cifar100,resnet18,3,2.0,0.5,64,42,77.3500,77.4444,68.0000,1.0000,1.0101,0.0000,77.8788,0.0000,-76.8687,26.0055,19.526,0.019,19.545,NVIDIA A10,4875190
cifar100,resnet18,3,2.0,1.0,256,42,77.3500,77.4444,68.0000,1.2000,1.2121,0.0000,77.8788,0.0000,-76.6667,38.6757,17.368,0.017,17.385,NVIDIA A10,4875190
cifar100,resnet18,3,2.0,1.0,512,42,77.3500,77.4444,68.0000,1.1200,1.1313,0.0000,77.8788,0.0000,-76.7475,45.7601,24.128,0.018,24.146,NVIDIA A10,4875190
cifar100,resnet18,3,2.0,1.0,64,42,77.3500,77.4444,68.0000,1.0000,1.0101,0.0000,77.8788,0.0000,-76.8687,26.0055,19.526,0.019,19.545,NVIDIA A10,4875190
cifar100,resnet18,3,20.0,0.1,256,42,77.3500,77.4444,68.0000,46.0400,46.5051,0.0000,77.8788,0.0000,-31.3737,5.3535,17.368,0.013,17.380,NVIDIA A10,4875190
cifar100,resnet18,3,20.0,0.1,512,42,77.3500,77.4444,68.0000,20.9600,21.1717,0.0000,77.8788,0.0000,-56.7071,10.0396,24.128,0.013,24.141,NVIDIA A10,4875190
cifar100,resnet18,3,20.0,0.1,64,42,77.3500,77.4444,68.0000,72.8300,73.5657,0.0000,77.8788,0.0000,-4.3131,2.5834,19.526,0.018,19.544,NVIDIA A10,4875190
cifar100,resnet18,3,20.0,0.5,256,42,77.3500,77.4444,68.0000,46.5200,46.9899,0.0000,77.8788,0.0000,-30.8889,5.3535,17.368,0.013,17.380,NVIDIA A10,4875190
cifar100,resnet18,3,20.0,0.5,512,42,77.3500,77.4444,68.0000,21.6500,21.8687,0.0000,77.8788,0.0000,-56.0101,10.0396,24.128,0.013,24.141,NVIDIA A10,4875190
cifar100,resnet18,3,20.0,0.5,64,42,77.3500,77.4444,68.0000,72.9300,73.6667,0.0000,77.8788,0.0000,-4.2121,2.5834,19.526,0.018,19.544,NVIDIA A10,4875190
cifar100,resnet18,3,20.0,1.0,256,42,77.3500,77.4444,68.0000,47.0300,47.5051,0.0000,77.8788,0.0000,-30.3737,5.3535,17.368,0.013,17.380,NVIDIA A10,4875190
cifar100,resnet18,3,20.0,1.0,512,42,77.3500,77.4444,68.0000,22.4300,22.6566,0.0000,77.8788,0.0000,-55.2222,10.0396,24.128,0.013,24.141,NVIDIA A10,4875190
cifar100,resnet18,3,20.0,1.0,64,42,77.3500,77.4444,68.0000,72.9800,73.7172,0.0000,77.8788,0.0000,-4.1616,2.5834,19.526,0.016,19.542,NVIDIA A10,4875190
cifar100,resnet18,3,30.0,0.1,256,42,77.3500,77.4444,68.0000,69.2300,69.9293,0.0000,77.8788,0.0000,-7.9495,2.9226,17.368,0.016,17.384,NVIDIA A10,4875190
cifar100,resnet18,3,30.0,0.1,512,42,77.3500,77.4444,68.0000,49.5400,50.0404,0.0000,77.8788,0.0000,-27.8384,5.8928,24.128,0.015,24.142,NVIDIA A10,4875190
cifar100,resnet18,3,30.0,0.1,64,42,77.3500,77.4444,68.0000,75.0800,75.8384,0.0000,77.8788,0.0000,-2.0404,1.5041,19.526,0.017,19.543,NVIDIA A10,4875190
cifar100,resnet18,3,30.0,0.5,256,42,77.3500,77.4444,68.0000,69.3200,70.0202,0.0000,77.8788,0.0000,-7.8586,2.9226,17.368,0.012,17.380,NVIDIA A10,4875190
cifar100,resnet18,3,30.0,0.5,512,42,77.3500,77.4444,68.0000,49.8600,50.3636,0.0000,77.8788,0.0000,-27.5152,5.8928,24.128,0.014,24.142,NVIDIA A10,4875190
cifar100,resnet18,3,30.0,0.5,64,42,77.3500,77.4444,68.0000,75.0800,75.8384,0.0000,77.8788,0.0000,-2.0404,1.5041,19.526,0.017,19.543,NVIDIA A10,4875190
cifar100,resnet18,3,30.0,1.0,256,42,77.3500,77.4444,68.0000,69.4000,70.1010,0.0000,77.8788,0.0000,-7.7778,2.9226,17.368,0.012,17.380,NVIDIA A10,4875190
cifar100,resnet18,3,30.0,1.0,512,42,77.3500,77.4444,68.0000,50.4200,50.9293,0.0000,77.8788,0.0000,-26.9495,5.8928,24.128,0.013,24.140,NVIDIA A10,4875190
cifar100,resnet18,3,30.0,1.0,64,42,77.3500,77.4444,68.0000,75.1200,75.8788,0.0000,77.8788,0.0000,-2.0000,1.5041,19.526,0.012,19.538,NVIDIA A10,4875190
cifar100,resnet18,3,4.0,0.1,256,42,77.3500,77.4444,68.0000,1.0100,1.0202,0.0000,77.8788,0.0000,-76.8586,26.3916,17.368,0.017,17.385,NVIDIA A10,4875190
cifar100,resnet18,3,4.0,0.1,512,42,77.3500,77.4444,68.0000,1.0000,1.0101,0.0000,77.8788,0.0000,-76.8687,34.3413,24.128,0.014,24.142,NVIDIA A10,4875190
cifar100,resnet18,3,4.0,0.1,64,42,77.3500,77.4444,68.0000,3.0900,3.1212,0.0000,77.8788,0.0000,-74.7576,14.8090,19.526,0.019,19.544,NVIDIA A10,4875190
cifar100,resnet18,3,4.0,0.5,256,42,77.3500,77.4444,68.0000,1.0000,1.0101,0.0000,77.8788,0.0000,-76.8687,26.3916,17.368,0.017,17.385,NVIDIA A10,4875190
cifar100,resnet18,3,4.0,0.5,512,42,77.3500,77.4444,68.0000,1.0000,1.0101,0.0000,77.8788,0.0000,-76.8687,34.3413,24.128,0.014,24.142,NVIDIA A10,4875190
cifar100,resnet18,3,4.0,0.5,64,42,77.3500,77.4444,68.0000,4.2800,4.3232,0.0000,77.8788,0.0000,-73.5556,14.8090,19.526,0.019,19.545,NVIDIA A10,4875190
cifar100,resnet18,3,4.0,1.0,256,42,77.3500,77.4444,68.0000,1.0000,1.0101,0.0000,77.8788,0.0000,-76.8687,26.3916,17.368,0.017,17.385,NVIDIA A10,4875190
cifar100,resnet18,3,4.0,1.0,512,42,77.3500,77.4444,68.0000,1.0100,1.0202,0.0000,77.8788,0.0000,-76.8586,34.3413,24.128,0.014,24.142,NVIDIA A10,4875190
cifar100,resnet18,3,4.0,1.0,64,42,77.3500,77.4444,68.0000,6.7800,6.8485,0.0000,77.8788,0.0000,-71.0303,14.8090,19.526,0.018,19.544,NVIDIA A10,4875190
cifar100,resnet18,3,50.0,0.1,256,42,77.3500,77.4444,68.0000,75.6800,76.4444,0.0000,77.8788,0.0000,-1.4343,1.0546,17.368,0.016,17.383,NVIDIA A10,4875190
cifar100,resnet18,3,50.0,0.1,512,42,77.3500,77.4444,68.0000,72.2500,72.9798,0.0000,77.8788,0.0000,-4.8990,2.3209,24.128,0.016,24.144,NVIDIA A10,4875190
cifar100,resnet18,3,50.0,0.1,64,42,77.3500,77.4444,68.0000,76.3800,77.1515,0.0000,77.8788,0.0000,-0.7273,0.6403,19.526,0.017,19.543,NVIDIA A10,4875190
cifar100,resnet18,3,50.0,0.5,256,42,77.3500,77.4444,68.0000,75.7000,76.4646,0.0000,77.8788,0.0000,-1.4141,1.0546,17.368,0.012,17.379,NVIDIA A10,4875190
cifar100,resnet18,3,50.0,0.5,512,42,77.3500,77.4444,68.0000,72.2300,72.9596,0.0000,77.8788,0.0000,-4.9192,2.3209,24.128,0.012,24.140,NVIDIA A10,4875190
cifar100,resnet18,3,50.0,0.5,64,42,77.3500,77.4444,68.0000,76.3900,77.1616,0.0000,77.8788,0.0000,-0.7172,0.6403,19.526,0.015,19.541,NVIDIA A10,4875190
cifar100,resnet18,3,50.0,1.0,256,42,77.3500,77.4444,68.0000,75.6900,76.4545,0.0000,77.8788,0.0000,-1.4242,1.0546,17.368,0.012,17.380,NVIDIA A10,4875190
cifar100,resnet18,3,50.0,1.0,512,42,77.3500,77.4444,68.0000,72.2900,73.0202,0.0000,77.8788,0.0000,-4.8586,2.3209,24.128,0.012,24.140,NVIDIA A10,4875190
cifar100,resnet18,3,50.0,1.0,64,42,77.3500,77.4444,68.0000,76.3900,77.1616,0.0000,77.8788,0.0000,-0.7172,0.6403,19.526,0.017,19.543,NVIDIA A10,4875190
cifar100,resnet18,3,6.0,0.1,256,42,77.3500,77.4444,68.0000,0.9400,0.9495,0.0000,77.8788,0.0000,-76.9293,19.7120,17.368,0.017,17.384,NVIDIA A10,4875190
cifar100,resnet18,3,6.0,0.1,512,42,77.3500,77.4444,68.0000,1.0000,1.0101,0.0000,77.8788,0.0000,-76.8687,27.5750,24.128,0.016,24.143,NVIDIA A10,4875190
cifar100,resnet18,3,6.0,0.1,64,42,77.3500,77.4444,68.0000,26.8200,27.0909,0.0000,77.8788,0.0000,-50.7879,10.0354,19.526,0.019,19.545,NVIDIA A10,4875190
cifar100,resnet18,3,6.0,0.5,256,42,77.3500,77.4444,68.0000,1.0500,1.0606,0.0000,77.8788,0.0000,-76.8182,19.7120,17.368,0.016,17.384,NVIDIA A10,4875190
cifar100,resnet18,3,6.0,0.5,512,42,77.3500,77.4444,68.0000,1.0000,1.0101,0.0000,77.8788,0.0000,-76.8687,27.5750,24.128,0.014,24.141,NVIDIA A10,4875190
cifar100,resnet18,3,6.0,0.5,64,42,77.3500,77.4444,68.0000,29.0300,29.3232,0.0000,77.8788,0.0000,-48.5556,10.0354,19.526,0.019,19.545,NVIDIA A10,4875190
cifar100,resnet18,3,6.0,1.0,256,42,77.3500,77.4444,68.0000,0.9900,1.0000,0.0000,77.8788,0.0000,-76.8788,19.7120,17.368,0.019,17.387,NVIDIA A10,4875190
cifar100,resnet18,3,6.0,1.0,512,42,77.3500,77.4444,68.0000,1.0000,1.0101,0.0000,77.8788,0.0000,-76.8687,27.5750,24.128,0.014,24.141,NVIDIA A10,4875190
cifar100,resnet18,3,6.0,1.0,64,42,77.3500,77.4444,68.0000,31.8000,32.1212,0.0000,77.8788,0.0000,-45.7576,10.0354,19.526,0.019,19.545,NVIDIA A10,4875190
cifar100,resnet18,3,8.0,0.1,256,42,77.3500,77.4444,68.0000,1.4300,1.4444,0.0000,77.8788,0.0000,-76.4343,15.4062,17.368,0.017,17.384,NVIDIA A10,4875190
cifar100,resnet18,3,8.0,0.1,512,42,77.3500,77.4444,68.0000,1.1300,1.1414,0.0000,77.8788,0.0000,-76.7374,22.9008,24.128,0.014,24.141,NVIDIA A10,4875190
cifar100,resnet18,3,8.0,0.1,64,42,77.3500,77.4444,68.0000,42.1500,42.5758,0.0000,77.8788,0.0000,-35.3030,7.4326,19.526,0.019,19.544,NVIDIA A10,4875190
cifar100,resnet18,3,8.0,0.5,256,42,77.3500,77.4444,68.0000,1.4700,1.4848,0.0000,77.8788,0.0000,-76.3939,15.4062,17.368,0.019,17.386,NVIDIA A10,4875190
cifar100,resnet18,3,8.0,0.5,512,42,77.3500,77.4444,68.0000,1.1300,1.1414,0.0000,77.8788,0.0000,-76.7374,22.9008,24.128,0.013,24.141,NVIDIA A10,4875190
cifar100,resnet18,3,8.0,0.5,64,42,77.3500,77.4444,68.0000,43.5000,43.9394,0.0000,77.8788,0.0000,-33.9394,7.4326,19.526,0.018,19.544,NVIDIA A10,4875190
cifar100,resnet18,3,8.0,1.0,256,42,77.3500,77.4444,68.0000,1.5500,1.5657,0.0000,77.8788,0.0000,-76.3131,15.4062,17.368,0.019,17.386,NVIDIA A10,4875190
cifar100,resnet18,3,8.0,1.0,512,42,77.3500,77.4444,68.0000,1.0700,1.0808,0.0000,77.8788,0.0000,-76.7980,22.9008,24.128,0.017,24.145,NVIDIA A10,4875190
cifar100,resnet18,3,8.0,1.0,64,42,77.3500,77.4444,68.0000,45.1700,45.6263,0.0000,77.8788,0.0000,-32.2525,7.4326,19.526,0.016,19.542,NVIDIA A10,4875190
cifar100,resnet18,51,10.0,0.1,256,42,77.3500,77.3838,74.0000,64.8800,65.5354,0.0000,77.7273,0.0000,-12.1919,4.4488,29.176,0.013,29.189,NVIDIA A10,4875190
cifar100,resnet18,51,10.0,0.1,512,42,77.3500,77.3838,74.0000,30.0000,30.3030,0.0000,77.7273,0.0000,-47.4242,8.0684,27.419,0.013,27.432,NVIDIA A10,4875190
cifar100,resnet18,51,10.0,0.1,64,42,77.3500,77.3838,74.0000,75.4200,76.1717,0.0000,77.7273,0.0000,-1.5556,1.6024,27.741,0.012,27.753,NVIDIA A10,4875190
cifar100,resnet18,51,10.0,0.5,256,42,77.3500,77.3838,74.0000,65.3300,65.9899,0.0000,77.7273,0.0000,-11.7374,4.4488,29.176,0.013,29.189,NVIDIA A10,4875190
cifar100,resnet18,51,10.0,0.5,512,42,77.3500,77.3838,74.0000,31.4300,31.7475,0.0000,77.7273,0.0000,-45.9798,8.0684,27.419,0.013,27.432,NVIDIA A10,4875190
cifar100,resnet18,51,10.0,0.5,64,42,77.3500,77.3838,74.0000,75.4500,76.2121,0.0000,77.7273,0.0000,-1.5152,1.6024,27.741,0.012,27.753,NVIDIA A10,4875190
cifar100,resnet18,51,10.0,1.0,256,42,77.3500,77.3838,74.0000,65.8400,66.5051,0.0000,77.7273,0.0000,-11.2222,4.4488,29.176,0.013,29.189,NVIDIA A10,4875190
cifar100,resnet18,51,10.0,1.0,512,42,77.3500,77.3838,74.0000,33.0100,33.3434,0.0000,77.7273,0.0000,-44.3838,8.0684,27.419,0.013,27.432,NVIDIA A10,4875190
cifar100,resnet18,51,10.0,1.0,64,42,77.3500,77.3838,74.0000,75.5800,76.3434,0.0000,77.7273,0.0000,-1.3838,1.6024,27.741,0.012,27.753,NVIDIA A10,4875190
cifar100,resnet18,51,12.0,0.1,256,42,77.3500,77.3838,74.0000,68.2100,68.8990,0.0000,77.7273,0.0000,-8.8283,3.5479,29.176,0.013,29.189,NVIDIA A10,4875190
cifar100,resnet18,51,12.0,0.1,512,42,77.3500,77.3838,74.0000,42.0200,42.4444,0.0000,77.7273,0.0000,-35.2828,6.6274,27.419,0.013,27.432,NVIDIA A10,4875190
cifar100,resnet18,51,12.0,0.1,64,42,77.3500,77.3838,74.0000,75.8300,76.5960,0.0000,77.7273,0.0000,-1.1313,1.2860,27.741,0.012,27.753,NVIDIA A10,4875190
cifar100,resnet18,51,12.0,0.5,256,42,77.3500,77.3838,74.0000,68.3500,69.0404,0.0000,77.7273,0.0000,-8.6869,3.5479,29.176,0.013,29.189,NVIDIA A10,4875190
cifar100,resnet18,51,12.0,0.5,512,42,77.3500,77.3838,74.0000,42.9500,43.3838,0.0000,77.7273,0.0000,-34.3434,6.6274,27.419,0.013,27.432,NVIDIA A10,4875190
cifar100,resnet18,51,12.0,0.5,64,42,77.3500,77.3838,74.0000,75.8300,76.5960,0.0000,77.7273,0.0000,-1.1313,1.2860,27.741,0.012,27.753,NVIDIA A10,4875190
cifar100,resnet18,51,12.0,1.0,256,42,77.3500,77.3838,74.0000,68.7800,69.4747,0.0000,77.7273,0.0000,-8.2525,3.5479,29.176,0.016,29.193,NVIDIA A10,4875190
cifar100,resnet18,51,12.0,1.0,512,42,77.3500,77.3838,74.0000,44.1800,44.6263,0.0000,77.7273,0.0000,-33.1010,6.6274,27.419,0.013,27.432,NVIDIA A10,4875190
cifar100,resnet18,51,12.0,1.0,64,42,77.3500,77.3838,74.0000,75.8800,76.6465,0.0000,77.7273,0.0000,-1.0808,1.2860,27.741,0.012,27.753,NVIDIA A10,4875190
cifar100,resnet18,51,15.0,0.1,256,42,77.3500,77.3838,74.0000,71.5700,72.2929,0.0000,77.7273,0.0000,-5.4343,2.6726,29.176,0.013,29.189,NVIDIA A10,4875190
cifar100,resnet18,51,15.0,0.1,512,42,77.3500,77.3838,74.0000,56.0200,56.5859,0.0000,77.7273,0.0000,-21.1414,5.1256,27.419,0.013,27.432,NVIDIA A10,4875190
cifar100,resnet18,51,15.0,0.1,64,42,77.3500,77.3838,74.0000,76.3200,77.0909,0.0000,77.7273,0.0000,-0.6364,0.9888,27.741,0.012,27.752,NVIDIA A10,4875190
cifar100,resnet18,51,15.0,0.5,256,42,77.3500,77.3838,74.0000,71.6600,72.3838,0.0000,77.7273,0.0000,-5.3434,2.6726,29.176,0.012,29.189,NVIDIA A10,4875190
cifar100,resnet18,51,15.0,0.5,512,42,77.3500,77.3838,74.0000,56.5800,57.1515,0.0000,77.7273,0.0000,-20.5758,5.1256,27.419,0.013,27.432,NVIDIA A10,4875190
cifar100,resnet18,51,15.0,0.5,64,42,77.3500,77.3838,74.0000,76.3500,77.1212,0.0000,77.7273,0.0000,-0.6061,0.9888,27.741,0.012,27.752,NVIDIA A10,4875190
cifar100,resnet18,51,15.0,1.0,256,42,77.3500,77.3838,74.0000,71.7500,72.4747,0.0000,77.7273,0.0000,-5.2525,2.6726,29.176,0.016,29.192,NVIDIA A10,4875190
cifar100,resnet18,51,15.0,1.0,512,42,77.3500,77.3838,74.0000,57.2000,57.7778,0.0000,77.7273,0.0000,-19.9495,5.1256,27.419,0.013,27.432,NVIDIA A10,4875190
cifar100,resnet18,51,15.0,1.0,64,42,77.3500,77.3838,74.0000,76.4100,77.1818,0.0000,77.7273,0.0000,-0.5455,0.9888,27.741,0.012,27.752,NVIDIA A10,4875190
cifar100,resnet18,51,2.0,0.1,256,42,77.3500,77.3838,74.0000,1.9500,1.9697,0.0000,77.7273,0.0000,-75.7576,21.1489,29.176,0.017,29.194,NVIDIA A10,4875190
cifar100,resnet18,51,2.0,0.1,512,42,77.3500,77.3838,74.0000,1.3100,1.3232,0.0000,77.7273,0.0000,-76.4040,28.0868,27.419,0.015,27.434,NVIDIA A10,4875190
cifar100,resnet18,51,2.0,0.1,64,42,77.3500,77.3838,74.0000,12.4200,12.5455,0.0000,77.7273,0.0000,-65.1818,10.6946,27.741,0.019,27.760,NVIDIA A10,4875190
cifar100,resnet18,51,2.0,0.5,256,42,77.3500,77.3838,74.0000,1.7800,1.7980,0.0000,77.7273,0.0000,-75.9293,21.1489,29.176,0.013,29.190,NVIDIA A10,4875190
cifar100,resnet18,51,2.0,0.5,512,42,77.3500,77.3838,74.0000,1.0100,1.0202,0.0000,77.7273,0.0000,-76.7071,28.0868,27.419,0.014,27.433,NVIDIA A10,4875190
cifar100,resnet18,51,2.0,0.5,64,42,77.3500,77.3838,74.0000,18.7000,18.8889,0.0000,77.7273,0.0000,-58.8384,10.6946,27.741,0.019,27.759,NVIDIA A10,4875190
cifar100,resnet18,51,2.0,1.0,256,42,77.3500,77.3838,74.0000,2.3800,2.4040,0.0000,77.7273,0.0000,-75.3232,21.1489,29.176,0.017,29.194,NVIDIA A10,4875190
cifar100,resnet18,51,2.0,1.0,512,42,77.3500,77.3838,74.0000,1.2100,1.2222,0.0000,77.7273,0.0000,-76.5051,28.0868,27.419,0.014,27.433,NVIDIA A10,4875190
cifar100,resnet18,51,2.0,1.0,64,42,77.3500,77.3838,74.0000,29.7700,30.0707,0.0000,77.7273,0.0000,-47.6566,10.6946,27.741,0.013,27.754,NVIDIA A10,4875190
cifar100,resnet18,51,20.0,0.1,256,42,77.3500,77.3838,74.0000,73.9500,74.6970,0.0000,77.7273,0.0000,-3.0303,1.8556,29.176,0.012,29.189,NVIDIA A10,4875190
cifar100,resnet18,51,20.0,0.1,512,42,77.3500,77.3838,74.0000,68.5900,69.2828,0.0000,77.7273,0.0000,-8.4444,3.5915,27.419,0.013,27.432,NVIDIA A10,4875190
cifar100,resnet18,51,20.0,0.1,64,42,77.3500,77.3838,74.0000,76.5100,77.2828,0.0000,77.7273,0.0000,-0.4444,0.6990,27.741,0.012,27.752,NVIDIA A10,4875190
cifar100,resnet18,51,20.0,0.5,256,42,77.3500,77.3838,74.0000,74.0000,74.7475,0.0000,77.7273,0.0000,-2.9798,1.8556,29.176,0.016,29.192,NVIDIA A10,4875190
cifar100,resnet18,51,20.0,0.5,512,42,77.3500,77.3838,74.0000,68.7900,69.4848,0.0000,77.7273,0.0000,-8.2424,3.5915,27.419,0.012,27.432,NVIDIA A10,4875190
cifar100,resnet18,51,20.0,0.5,64,42,77.3500,77.3838,74.0000,76.5100,77.2828,0.0000,77.7273,0.0000,-0.4444,0.6990,27.741,0.011,27.752,NVIDIA A10,4875190
cifar100,resnet18,51,20.0,1.0,256,42,77.3500,77.3838,74.0000,73.9900,74.7374,0.0000,77.7273,0.0000,-2.9899,1.8556,29.176,0.012,29.189,NVIDIA A10,4875190
cifar100,resnet18,51,20.0,1.0,512,42,77.3500,77.3838,74.0000,68.9600,69.6566,0.0000,77.7273,0.0000,-8.0707,3.5915,27.419,0.013,27.432,NVIDIA A10,4875190
cifar100,resnet18,51,20.0,1.0,64,42,77.3500,77.3838,74.0000,76.5000,77.2727,0.0000,77.7273,0.0000,-0.4545,0.6990,27.741,0.012,27.752,NVIDIA A10,4875190
cifar100,resnet18,51,30.0,0.1,256,42,77.3500,77.3838,74.0000,75.9100,76.6768,0.0000,77.7273,0.0000,-1.0505,1.0750,29.176,0.012,29.188,NVIDIA A10,4875190
cifar100,resnet18,51,30.0,0.1,512,42,77.3500,77.3838,74.0000,73.8900,74.6364,0.0000,77.7273,0.0000,-3.0909,2.0963,27.419,0.014,27.433,NVIDIA A10,4875190
cifar100,resnet18,51,30.0,0.1,64,42,77.3500,77.3838,74.0000,76.4800,77.2424,0.0000,77.7273,0.0000,-0.4848,0.3994,27.741,0.012,27.752,NVIDIA A10,4875190
cifar100,resnet18,51,30.0,0.5,256,42,77.3500,77.3838,74.0000,75.9000,76.6667,0.0000,77.7273,0.0000,-1.0606,1.0750,29.176,0.012,29.188,NVIDIA A10,4875190
cifar100,resnet18,51,30.0,0.5,512,42,77.3500,77.3838,74.0000,73.9100,74.6566,0.0000,77.7273,0.0000,-3.0707,2.0963,27.419,0.013,27.432,NVIDIA A10,4875190
cifar100,resnet18,51,30.0,0.5,64,42,77.3500,77.3838,74.0000,76.4700,77.2424,0.0000,77.7273,0.0000,-0.4848,0.3994,27.741,0.012,27.752,NVIDIA A10,4875190
cifar100,resnet18,51,30.0,1.0,256,42,77.3500,77.3838,74.0000,75.9200,76.6869,0.0000,77.7273,0.0000,-1.0404,1.0750,29.176,0.012,29.188,NVIDIA A10,4875190
cifar100,resnet18,51,30.0,1.0,512,42,77.3500,77.3838,74.0000,73.9300,74.6768,0.0000,77.7273,0.0000,-3.0505,2.0963,27.419,0.012,27.432,NVIDIA A10,4875190
cifar100,resnet18,51,30.0,1.0,64,42,77.3500,77.3838,74.0000,76.4700,77.2424,0.0000,77.7273,0.0000,-0.4848,0.3994,27.741,0.012,27.752,NVIDIA A10,4875190
cifar100,resnet18,51,4.0,0.1,256,42,77.3500,77.3838,74.0000,8.4400,8.5253,0.0000,77.7273,0.0000,-69.2020,12.0430,29.176,0.013,29.189,NVIDIA A10,4875190
cifar100,resnet18,51,4.0,0.1,512,42,77.3500,77.3838,74.0000,1.5500,1.5657,0.0000,77.7273,0.0000,-76.1616,18.2010,27.419,0.013,27.433,NVIDIA A10,4875190
cifar100,resnet18,51,4.0,0.1,64,42,77.3500,77.3838,74.0000,62.6500,63.2828,0.0000,77.7273,0.0000,-14.4444,4.9612,27.741,0.013,27.753,NVIDIA A10,4875190
cifar100,resnet18,51,4.0,0.5,256,42,77.3500,77.3838,74.0000,10.7600,10.8687,0.0000,77.7273,0.0000,-66.8586,12.0430,29.176,0.013,29.189,NVIDIA A10,4875190
cifar100,resnet18,51,4.0,0.5,512,42,77.3500,77.3838,74.0000,1.9600,1.9798,0.0000,77.7273,0.0000,-75.7475,18.2010,27.419,0.013,27.433,NVIDIA A10,4875190
cifar100,resnet18,51,4.0,0.5,64,42,77.3500,77.3838,74.0000,63.4300,64.0707,0.0000,77.7273,0.0000,-13.6566,4.9612,27.741,0.013,27.753,NVIDIA A10,4875190
cifar100,resnet18,51,4.0,1.0,256,42,77.3500,77.3838,74.0000,13.9500,14.0909,0.0000,77.7273,0.0000,-63.6364,12.0430,29.176,0.013,29.189,NVIDIA A10,4875190
cifar100,resnet18,51,4.0,1.0,512,42,77.3500,77.3838,74.0000,2.5100,2.5354,0.0000,77.7273,0.0000,-75.1919,18.2010,27.419,0.013,27.433,NVIDIA A10,4875190
cifar100,resnet18,51,4.0,1.0,64,42,77.3500,77.3838,74.0000,64.8100,65.4646,0.0000,77.7273,0.0000,-12.2626,4.9612,27.741,0.014,27.755,NVIDIA A10,4875190
cifar100,resnet18,51,50.0,0.1,256,42,77.3500,77.3838,74.0000,76.5000,77.2727,0.0000,77.7273,0.0000,-0.4545,0.4443,29.176,0.011,29.188,NVIDIA A10,4875190
cifar100,resnet18,51,50.0,0.1,512,42,77.3500,77.3838,74.0000,76.2000,76.9697,0.0000,77.7273,0.0000,-0.7576,0.9422,27.419,0.012,27.431,NVIDIA A10,4875190
cifar100,resnet18,51,50.0,0.1,64,42,77.3500,77.3838,74.0000,76.6700,77.4444,0.0000,77.7273,0.0000,-0.2828,0.1453,27.741,0.011,27.752,NVIDIA A10,4875190
cifar100,resnet18,51,50.0,0.5,256,42,77.3500,77.3838,74.0000,76.5100,77.2828,0.0000,77.7273,0.0000,-0.4444,0.4443,29.176,0.011,29.188,NVIDIA A10,4875190
cifar100,resnet18,51,50.0,0.5,512,42,77.3500,77.3838,74.0000,76.1900,76.9596,0.0000,77.7273,0.0000,-0.7677,0.9422,27.419,0.012,27.431,NVIDIA A10,4875190
cifar100,resnet18,51,50.0,0.5,64,42,77.3500,77.3838,74.0000,76.6800,77.4545,0.0000,77.7273,0.0000,-0.2727,0.1453,27.741,0.011,27.752,NVIDIA A10,4875190
cifar100,resnet18,51,50.0,1.0,256,42,77.3500,77.3838,74.0000,76.5200,77.2929,0.0000,77.7273,0.0000,-0.4343,0.4443,29.176,0.011,29.188,NVIDIA A10,4875190
cifar100,resnet18,51,50.0,1.0,512,42,77.3500,77.3838,74.0000,76.1800,76.9495,0.0000,77.7273,0.0000,-0.7778,0.9422,27.419,0.012,27.431,NVIDIA A10,4875190
cifar100,resnet18,51,50.0,1.0,64,42,77.3500,77.3838,74.0000,76.6800,77.4545,0.0000,77.7273,0.0000,-0.2727,0.1453,27.741,0.011,27.752,NVIDIA A10,4875190
cifar100,resnet18,51,6.0,0.1,256,42,77.3500,77.3838,74.0000,31.3600,31.6768,0.0000,77.7273,0.0000,-46.0505,8.0212,29.176,0.013,29.189,NVIDIA A10,4875190
cifar100,resnet18,51,6.0,0.1,512,42,77.3500,77.3838,74.0000,3.3300,3.3636,0.0000,77.7273,0.0000,-74.3636,13.1702,27.419,0.014,27.433,NVIDIA A10,4875190
cifar100,resnet18,51,6.0,0.1,64,42,77.3500,77.3838,74.0000,70.2700,70.9798,0.0000,77.7273,0.0000,-6.7475,3.0237,27.741,0.012,27.753,NVIDIA A10,4875190
cifar100,resnet18,51,6.0,0.5,256,42,77.3500,77.3838,74.0000,33.2300,33.5657,0.0000,77.7273,0.0000,-44.1616,8.0212,29.176,0.019,29.195,NVIDIA A10,4875190
cifar100,resnet18,51,6.0,0.5,512,42,77.3500,77.3838,74.0000,3.9300,3.9697,0.0000,77.7273,0.0000,-73.7576,13.1702,27.419,0.013,27.432,NVIDIA A10,4875190
cifar100,resnet18,51,6.0,0.5,64,42,77.3500,77.3838,74.0000,70.4800,71.1919,0.0000,77.7273,0.0000,-6.5354,3.0237,27.741,0.012,27.753,NVIDIA A10,4875190
cifar100,resnet18,51,6.0,1.0,256,42,77.3500,77.3838,74.0000,36.3300,36.6970,0.0000,77.7273,0.0000,-41.0303,8.0212,29.176,0.013,29.189,NVIDIA A10,4875190
cifar100,resnet18,51,6.0,1.0,512,42,77.3500,77.3838,74.0000,5.1100,5.1616,0.0000,77.7273,0.0000,-72.5657,13.1702,27.419,0.017,27.436,NVIDIA A10,4875190
cifar100,resnet18,51,6.0,1.0,64,42,77.3500,77.3838,74.0000,70.8000,71.5152,0.0000,77.7273,0.0000,-6.2121,3.0237,27.741,0.013,27.753,NVIDIA A10,4875190
cifar100,resnet18,51,8.0,0.1,256,42,77.3500,77.3838,74.0000,51.8500,52.3636,0.0000,77.7273,0.0000,-25.3636,5.8143,29.176,0.013,29.189,NVIDIA A10,4875190
cifar100,resnet18,51,8.0,0.1,512,42,77.3500,77.3838,74.0000,17.0100,17.1818,0.0000,77.7273,0.0000,-60.5455,10.1057,27.419,0.017,27.436,NVIDIA A10,4875190
cifar100,resnet18,51,8.0,0.1,64,42,77.3500,77.3838,74.0000,73.6000,74.3434,0.0000,77.7273,0.0000,-3.3838,2.1131,27.741,0.012,27.753,NVIDIA A10,4875190
cifar100,resnet18,51,8.0,0.5,256,42,77.3500,77.3838,74.0000,52.7400,53.2727,0.0000,77.7273,0.0000,-24.4545,5.8143,29.176,0.015,29.191,NVIDIA A10,4875190
cifar100,resnet18,51,8.0,0.5,512,42,77.3500,77.3838,74.0000,18.4400,18.6263,0.0000,77.7273,0.0000,-59.1010,10.1057,27.419,0.013,27.432,NVIDIA A10,4875190
cifar100,resnet18,51,8.0,0.5,64,42,77.3500,77.3838,74.0000,73.7000,74.4444,0.0000,77.7273,0.0000,-3.2828,2.1131,27.741,0.016,27.757,NVIDIA A10,4875190
cifar100,resnet18,51,8.0,1.0,256,42,77.3500,77.3838,74.0000,53.9100,54.4545,0.0000,77.7273,0.0000,-23.2727,5.8143,29.176,0.013,29.189,NVIDIA A10,4875190
cifar100,resnet18,51,8.0,1.0,512,42,77.3500,77.3838,74.0000,20.1200,20.3232,0.0000,77.7273,0.0000,-57.4040,10.1057,27.419,0.013,27.432,NVIDIA A10,4875190
cifar100,resnet18,51,8.0,1.0,64,42,77.3500,77.3838,74.0000,73.8100,74.5556,0.0000,77.7273,0.0000,-3.1717,2.1131,27.741,0.013,27.753,NVIDIA A10,4875190
cifar100,resnet18,69,10.0,0.1,256,42,77.3500,77.3030,82.0000,55.3800,55.9394,0.0000,77.4949,0.0000,-21.5556,4.5512,26.702,0.013,26.715,NVIDIA A10,4875190
cifar100,resnet18,69,10.0,0.1,512,42,77.3500,77.3030,82.0000,21.4900,21.7071,0.0000,77.4949,0.0000,-55.7879,6.9256,26.475,0.013,26.488,NVIDIA A10,4875190
cifar100,resnet18,69,10.0,0.1,64,42,77.3500,77.3030,82.0000,74.4100,75.1616,0.0000,77.4949,0.0000,-2.3333,1.8143,27.259,0.015,27.274,NVIDIA A10,4875190
cifar100,resnet18,69,10.0,0.5,256,42,77.3500,77.3030,82.0000,56.2400,56.8081,0.0000,77.4949,0.0000,-20.6869,4.5512,26.702,0.013,26.715,NVIDIA A10,4875190
cifar100,resnet18,69,10.0,0.5,512,42,77.3500,77.3030,82.0000,22.9900,23.2222,0.0000,77.4949,0.0000,-54.2727,6.9256,26.475,0.017,26.492,NVIDIA A10,4875190
cifar100,resnet18,69,10.0,0.5,64,42,77.3500,77.3030,82.0000,74.4600,75.2121,0.0000,77.4949,0.0000,-2.2828,1.8143,27.259,0.012,27.271,NVIDIA A10,4875190
cifar100,resnet18,69,10.0,1.0,256,42,77.3500,77.3030,82.0000,57.4100,57.9899,0.0000,77.4949,0.0000,-19.5051,4.5512,26.702,0.013,26.715,NVIDIA A10,4875190
cifar100,resnet18,69,10.0,1.0,512,42,77.3500,77.3030,82.0000,24.8900,25.1414,0.0000,77.4949,0.0000,-52.3535,6.9256,26.475,0.013,26.488,NVIDIA A10,4875190
cifar100,resnet18,69,10.0,1.0,64,42,77.3500,77.3030,82.0000,74.6300,75.3838,0.0000,77.4949,0.0000,-2.1111,1.8143,27.259,0.016,27.274,NVIDIA A10,4875190
cifar100,resnet18,69,12.0,0.1,256,42,77.3500,77.3030,82.0000,63.8000,64.4444,0.0000,77.4949,0.0000,-13.0505,3.8269,26.702,0.013,26.715,NVIDIA A10,4875190
cifar100,resnet18,69,12.0,0.1,512,42,77.3500,77.3030,82.0000,36.1700,36.5354,0.0000,77.4949,0.0000,-40.9596,5.8608,26.475,0.014,26.489,NVIDIA A10,4875190
cifar100,resnet18,69,12.0,0.1,64,42,77.3500,77.3030,82.0000,74.9700,75.7273,0.0000,77.4949,0.0000,-1.7677,1.5104,27.259,0.012,27.271,NVIDIA A10,4875190
cifar100,resnet18,69,12.0,0.5,256,42,77.3500,77.3030,82.0000,64.1300,64.7778,0.0000,77.4949,0.0000,-12.7172,3.8269,26.702,0.013,26.715,NVIDIA A10,4875190
cifar100,resnet18,69,12.0,0.5,512,42,77.3500,77.3030,82.0000,37.2700,37.6465,0.0000,77.4949,0.0000,-39.8485,5.8608,26.475,0.013,26.488,NVIDIA A10,4875190
cifar100,resnet18,69,12.0,0.5,64,42,77.3500,77.3030,82.0000,75.0300,75.7879,0.0000,77.4949,0.0000,-1.7071,1.5104,27.259,0.012,27.271,NVIDIA A10,4875190
cifar100,resnet18,69,12.0,1.0,256,42,77.3500,77.3030,82.0000,64.5300,65.1818,0.0000,77.4949,0.0000,-12.3131,3.8269,26.702,0.012,26.715,NVIDIA A10,4875190
cifar100,resnet18,69,12.0,1.0,512,42,77.3500,77.3030,82.0000,38.9300,39.3232,0.0000,77.4949,0.0000,-38.1717,5.8608,26.475,0.013,26.488,NVIDIA A10,4875190
cifar100,resnet18,69,12.0,1.0,64,42,77.3500,77.3030,82.0000,75.0600,75.8182,0.0000,77.4949,0.0000,-1.6768,1.5104,27.259,0.012,27.271,NVIDIA A10,4875190
cifar100,resnet18,69,15.0,0.1,256,42,77.3500,77.3030,82.0000,70.5300,71.2424,0.0000,77.4949,0.0000,-6.2525,3.0753,26.702,0.012,26.714,NVIDIA A10,4875190
cifar100,resnet18,69,15.0,0.1,512,42,77.3500,77.3030,82.0000,54.6000,55.1515,0.0000,77.4949,0.0000,-22.3434,4.7297,26.475,0.013,26.488,NVIDIA A10,4875190
cifar100,resnet18,69,15.0,0.1,64,42,77.3500,77.3030,82.0000,75.2900,76.0505,0.0000,77.4949,0.0000,-1.4444,1.1959,27.259,0.012,27.271,NVIDIA A10,4875190
cifar100,resnet18,69,15.0,0.5,256,42,77.3500,77.3030,82.0000,70.7200,71.4343,0.0000,77.4949,0.0000,-6.0606,3.0753,26.702,0.012,26.714,NVIDIA A10,4875190
cifar100,resnet18,69,15.0,0.5,512,42,77.3500,77.3030,82.0000,55.0600,55.6162,0.0000,77.4949,0.0000,-21.8788,4.7297,26.475,0.013,26.488,NVIDIA A10,4875190
cifar100,resnet18,69,15.0,0.5,64,42,77.3500,77.3030,82.0000,75.2900,76.0505,0.0000,77.4949,0.0000,-1.4444,1.1959,27.259,0.012,27.271,NVIDIA A10,4875190
cifar100,resnet18,69,15.0,1.0,256,42,77.3500,77.3030,82.0000,70.8700,71.5859,0.0000,77.4949,0.0000,-5.9091,3.0753,26.702,0.012,26.714,NVIDIA A10,4875190
cifar100,resnet18,69,15.0,1.0,512,42,77.3500,77.3030,82.0000,55.5000,56.0606,0.0000,77.4949,0.0000,-21.4343,4.7297,26.475,0.013,26.488,NVIDIA A10,4875190
cifar100,resnet18,69,15.0,1.0,64,42,77.3500,77.3030,82.0000,75.3800,76.1414,0.0000,77.4949,0.0000,-1.3535,1.1959,27.259,0.012,27.271,NVIDIA A10,4875190
cifar100,resnet18,69,2.0,0.1,256,42,77.3500,77.3030,82.0000,0.9900,1.0000,0.0000,77.4949,0.0000,-76.4949,16.9405,26.702,0.017,26.719,NVIDIA A10,4875190
cifar100,resnet18,69,2.0,0.1,512,42,77.3500,77.3030,82.0000,1.1100,1.1212,0.0000,77.4949,0.0000,-76.3737,22.4897,26.475,0.015,26.490,NVIDIA A10,4875190
cifar100,resnet18,69,2.0,0.1,64,42,77.3500,77.3030,82.0000,27.9900,28.2727,0.0000,77.4949,0.0000,-49.2222,8.1520,27.259,0.017,27.276,NVIDIA A10,4875190
cifar100,resnet18,69,2.0,0.5,256,42,77.3500,77.3030,82.0000,0.9300,0.9394,0.0000,77.4949,0.0000,-76.5556,16.9405,26.702,0.013,26.715,NVIDIA A10,4875190
cifar100,resnet18,69,2.0,0.5,512,42,77.3500,77.3030,82.0000,1.1100,1.1212,0.0000,77.4949,0.0000,-76.3737,22.4897,26.475,0.014,26.490,NVIDIA A10,4875190
cifar100,resnet18,69,2.0,0.5,64,42,77.3500,77.3030,82.0000,34.5700,34.9192,0.0000,77.4949,0.0000,-42.5758,8.1520,27.259,0.013,27.272,NVIDIA A10,4875190
cifar100,resnet18,69,2.0,1.0,256,42,77.3500,77.3030,82.0000,1.1600,1.1717,0.0000,77.4949,0.0000,-76.3232,16.9405,26.702,0.013,26.715,NVIDIA A10,4875190
cifar100,resnet18,69,2.0,1.0,512,42,77.3500,77.3030,82.0000,1.3800,1.3939,0.0000,77.4949,0.0000,-76.1010,22.4897,26.475,0.013,26.488,NVIDIA A10,4875190
cifar100,resnet18,69,2.0,1.0,64,42,77.3500,77.3030,82.0000,43.7100,44.1515,0.0000,77.4949,0.0000,-33.3434,8.1520,27.259,0.013,27.272,NVIDIA A10,4875190
cifar100,resnet18,69,20.0,0.1,256,42,77.3500,77.3030,82.0000,72.8000,73.5354,0.0000,77.4949,0.0000,-3.9596,2.2777,26.702,0.012,26.714,NVIDIA A10,4875190
cifar100,resnet18,69,20.0,0.1,512,42,77.3500,77.3030,82.0000,64.8700,65.5253,0.0000,77.4949,0.0000,-11.9697,3.5195,26.475,0.013,26.488,NVIDIA A10,4875190
cifar100,resnet18,69,20.0,0.1,64,42,77.3500,77.3030,82.0000,75.9100,76.6768,0.0000,77.4949,0.0000,-0.8182,0.8688,27.259,0.012,27.271,NVIDIA A10,4875190
cifar100,resnet18,69,20.0,0.5,256,42,77.3500,77.3030,82.0000,72.8600,73.5960,0.0000,77.4949,0.0000,-3.8990,2.2777,26.702,0.012,26.714,NVIDIA A10,4875190
cifar100,resnet18,69,20.0,0.5,512,42,77.3500,77.3030,82.0000,65.1300,65.7879,0.0000,77.4949,0.0000,-11.7071,3.5195,26.475,0.013,26.488,NVIDIA A10,4875190
cifar100,resnet18,69,20.0,0.5,64,42,77.3500,77.3030,82.0000,75.9300,76.6970,0.0000,77.4949,0.0000,-0.7980,0.8688,27.259,0.020,27.279,NVIDIA A10,4875190
cifar100,resnet18,69,20.0,1.0,256,42,77.3500,77.3030,82.0000,72.9400,73.6768,0.0000,77.4949,0.0000,-3.8182,2.2777,26.702,0.012,26.714,NVIDIA A10,4875190
cifar100,resnet18,69,20.0,1.0,512,42,77.3500,77.3030,82.0000,65.4200,66.0808,0.0000,77.4949,0.0000,-11.4141,3.5195,26.475,0.016,26.491,NVIDIA A10,4875190
cifar100,resnet18,69,20.0,1.0,64,42,77.3500,77.3030,82.0000,75.9000,76.6667,0.0000,77.4949,0.0000,-0.8283,0.8688,27.259,0.012,27.271,NVIDIA A10,4875190
cifar100,resnet18,69,30.0,0.1,256,42,77.3500,77.3030,82.0000,75.1100,75.8687,0.0000,77.4949,0.0000,-1.6263,1.4106,26.702,0.012,26.714,NVIDIA A10,4875190
cifar100,resnet18,69,30.0,0.1,512,42,77.3500,77.3030,82.0000,73.4000,74.1414,0.0000,77.4949,0.0000,-3.3535,2.1867,26.475,0.012,26.487,NVIDIA A10,4875190
cifar100,resnet18,69,30.0,0.1,64,42,77.3500,77.3030,82.0000,76.2600,77.0303,0.0000,77.4949,0.0000,-0.4646,0.5279,27.259,0.011,27.270,NVIDIA A10,4875190
cifar100,resnet18,69,30.0,0.5,256,42,77.3500,77.3030,82.0000,75.1300,75.8889,0.0000,77.4949,0.0000,-1.6061,1.4106,26.702,0.012,26.714,NVIDIA A10,4875190
cifar100,resnet18,69,30.0,0.5,512,42,77.3500,77.3030,82.0000,73.4300,74.1717,0.0000,77.4949,0.0000,-3.3232,2.1867,26.475,0.016,26.491,NVIDIA A10,4875190
cifar100,resnet18,69,30.0,0.5,64,42,77.3500,77.3030,82.0000,76.2700,77.0404,0.0000,77.4949,0.0000,-0.4545,0.5279,27.259,0.011,27.270,NVIDIA A10,4875190
cifar100,resnet18,69,30.0,1.0,256,42,77.3500,77.3030,82.0000,75.1900,75.9495,0.0000,77.4949,0.0000,-1.5455,1.4106,26.702,0.015,26.717,NVIDIA A10,4875190
cifar100,resnet18,69,30.0,1.0,512,42,77.3500,77.3030,82.0000,73.4800,74.2222,0.0000,77.4949,0.0000,-3.2727,2.1867,26.475,0.012,26.487,NVIDIA A10,4875190
cifar100,resnet18,69,30.0,1.0,64,42,77.3500,77.3030,82.0000,76.2700,77.0404,0.0000,77.4949,0.0000,-0.4545,0.5279,27.259,0.012,27.271,NVIDIA A10,4875190
cifar100,resnet18,69,4.0,0.1,256,42,77.3500,77.3030,82.0000,4.0700,4.1111,0.0000,77.4949,0.0000,-73.3838,10.1261,26.702,0.013,26.715,NVIDIA A10,4875190
cifar100,resnet18,69,4.0,0.1,512,42,77.3500,77.3030,82.0000,1.4800,1.4949,0.0000,77.4949,0.0000,-76.0000,14.4353,26.475,0.013,26.488,NVIDIA A10,4875190
cifar100,resnet18,69,4.0,0.1,64,42,77.3500,77.3030,82.0000,61.8900,62.5152,0.0000,77.4949,0.0000,-14.9798,4.3517,27.259,0.013,27.272,NVIDIA A10,4875190
cifar100,resnet18,69,4.0,0.5,256,42,77.3500,77.3030,82.0000,5.3600,5.4141,0.0000,77.4949,0.0000,-72.0808,10.1261,26.702,0.013,26.715,NVIDIA A10,4875190
cifar100,resnet18,69,4.0,0.5,512,42,77.3500,77.3030,82.0000,1.7100,1.7273,0.0000,77.4949,0.0000,-75.7677,14.4353,26.475,0.013,26.488,NVIDIA A10,4875190
cifar100,resnet18,69,4.0,0.5,64,42,77.3500,77.3030,82.0000,63.1600,63.7980,0.0000,77.4949,0.0000,-13.6970,4.3517,27.259,0.013,27.272,NVIDIA A10,4875190
cifar100,resnet18,69,4.0,1.0,256,42,77.3500,77.3030,82.0000,7.6400,7.7172,0.0000,77.4949,0.0000,-69.7778,10.1261,26.702,0.013,26.715,NVIDIA A10,4875190
cifar100,resnet18,69,4.0,1.0,512,42,77.3500,77.3030,82.0000,1.5000,1.5152,0.0000,77.4949,0.0000,-75.9798,14.4353,26.475,0.013,26.488,NVIDIA A10,4875190
cifar100,resnet18,69,4.0,1.0,64,42,77.3500,77.3030,82.0000,64.4100,65.0606,0.0000,77.4949,0.0000,-12.4343,4.3517,27.259,0.013,27.272,NVIDIA A10,4875190
cifar100,resnet18,69,50.0,0.1,256,42,77.3500,77.3030,82.0000,76.1300,76.8990,0.0000,77.4949,0.0000,-0.5960,0.6295,26.702,0.011,26.713,NVIDIA A10,4875190
cifar100,resnet18,69,50.0,0.1,512,42,77.3500,77.3030,82.0000,75.5800,76.3434,0.0000,77.4949,0.0000,-1.1515,0.9370,26.475,0.012,26.487,NVIDIA A10,4875190
cifar100,resnet18,69,50.0,0.1,64,42,77.3500,77.3030,82.0000,76.2900,77.0606,0.0000,77.4949,0.0000,-0.4343,0.2328,27.259,0.011,27.270,NVIDIA A10,4875190
cifar100,resnet18,69,50.0,0.5,256,42,77.3500,77.3030,82.0000,76.1400,76.9091,0.0000,77.4949,0.0000,-0.5859,0.6295,26.702,0.012,26.714,NVIDIA A10,4875190
cifar100,resnet18,69,50.0,0.5,512,42,77.3500,77.3030,82.0000,75.5800,76.3434,0.0000,77.4949,0.0000,-1.1515,0.9370,26.475,0.012,26.487,NVIDIA A10,4875190
cifar100,resnet18,69,50.0,0.5,64,42,77.3500,77.3030,82.0000,76.2900,77.0606,0.0000,77.4949,0.0000,-0.4343,0.2328,27.259,0.015,27.274,NVIDIA A10,4875190
cifar100,resnet18,69,50.0,1.0,256,42,77.3500,77.3030,82.0000,76.1400,76.9091,0.0000,77.4949,0.0000,-0.5859,0.6295,26.702,0.015,26.717,NVIDIA A10,4875190
cifar100,resnet18,69,50.0,1.0,512,42,77.3500,77.3030,82.0000,75.6100,76.3737,0.0000,77.4949,0.0000,-1.1212,0.9370,26.475,0.012,26.488,NVIDIA A10,4875190
cifar100,resnet18,69,50.0,1.0,64,42,77.3500,77.3030,82.0000,76.2800,77.0505,0.0000,77.4949,0.0000,-0.4444,0.2328,27.259,0.011,27.270,NVIDIA A10,4875190
cifar100,resnet18,69,6.0,0.1,256,42,77.3500,77.3030,82.0000,12.7000,12.8283,0.0000,77.4949,0.0000,-64.6667,7.2180,26.702,0.013,26.715,NVIDIA A10,4875190
cifar100,resnet18,69,6.0,0.1,512,42,77.3500,77.3030,82.0000,2.3000,2.3232,0.0000,77.4949,0.0000,-75.1717,10.6467,26.475,0.014,26.489,NVIDIA A10,4875190
cifar100,resnet18,69,6.0,0.1,64,42,77.3500,77.3030,82.0000,71.4900,72.2121,0.0000,77.4949,0.0000,-5.2828,2.9777,27.259,0.012,27.271,NVIDIA A10,4875190
cifar100,resnet18,69,6.0,0.5,256,42,77.3500,77.3030,82.0000,14.7200,14.8687,0.0000,77.4949,0.0000,-62.6263,7.2180,26.702,0.013,26.715,NVIDIA A10,4875190
cifar100,resnet18,69,6.0,0.5,512,42,77.3500,77.3030,82.0000,2.5600,2.5859,0.0000,77.4949,0.0000,-74.9091,10.6467,26.475,0.016,26.492,NVIDIA A10,4875190
cifar100,resnet18,69,6.0,0.5,64,42,77.3500,77.3030,82.0000,71.7000,72.4242,0.0000,77.4949,0.0000,-5.0707,2.9777,27.259,0.013,27.272,NVIDIA A10,4875190
cifar100,resnet18,69,6.0,1.0,256,42,77.3500,77.3030,82.0000,17.5700,17.7475,0.0000,77.4949,0.0000,-59.7475,7.2180,26.702,0.013,26.715,NVIDIA A10,4875190
cifar100,resnet18,69,6.0,1.0,512,42,77.3500,77.3030,82.0000,2.9000,2.9293,0.0000,77.4949,0.0000,-74.5657,10.6467,26.475,0.014,26.489,NVIDIA A10,4875190
cifar100,resnet18,69,6.0,1.0,64,42,77.3500,77.3030,82.0000,72.0100,72.7374,0.0000,77.4949,0.0000,-4.7576,2.9777,27.259,0.016,27.275,NVIDIA A10,4875190
cifar100,resnet18,69,8.0,0.1,256,42,77.3500,77.3030,82.0000,44.4800,44.9293,0.0000,77.4949,0.0000,-32.5657,5.5892,26.702,0.013,26.715,NVIDIA A10,4875190
cifar100,resnet18,69,8.0,0.1,512,42,77.3500,77.3030,82.0000,9.7500,9.8485,0.0000,77.4949,0.0000,-67.6465,8.4112,26.475,0.013,26.488,NVIDIA A10,4875190
cifar100,resnet18,69,8.0,0.1,64,42,77.3500,77.3030,82.0000,73.0900,73.8283,0.0000,77.4949,0.0000,-3.6667,2.2597,27.259,0.015,27.274,NVIDIA A10,4875190
cifar100,resnet18,69,8.0,0.5,256,42,77.3500,77.3030,82.0000,45.9000,46.3636,0.0000,77.4949,0.0000,-31.1313,5.5892,26.702,0.013,26.715,NVIDIA A10,4875190
cifar100,resnet18,69,8.0,0.5,512,42,77.3500,77.3030,82.0000,10.8600,10.9697,0.0000,77.4949,0.0000,-66.5253,8.4112,26.475,0.013,26.488,NVIDIA A10,4875190
cifar100,resnet18,69,8.0,0.5,64,42,77.3500,77.3030,82.0000,73.2200,73.9596,0.0000,77.4949,0.0000,-3.5354,2.2597,27.259,0.012,27.271,NVIDIA A10,4875190
cifar100,resnet18,69,8.0,1.0,256,42,77.3500,77.3030,82.0000,47.7500,48.2323,0.0000,77.4949,0.0000,-29.2626,5.5892,26.702,0.013,26.715,NVIDIA A10,4875190
cifar100,resnet18,69,8.0,1.0,512,42,77.3500,77.3030,82.0000,12.4600,12.5859,0.0000,77.4949,0.0000,-64.9091,8.4112,26.475,0.013,26.488,NVIDIA A10,4875190
cifar100,resnet18,69,8.0,1.0,64,42,77.3500,77.3030,82.0000,73.3700,74.1010,0.0000,77.4949,0.0000,-3.3939,2.2597,27.259,0.012,27.271,NVIDIA A10,4875190
cifar100,resnet18,85,10.0,0.1,256,42,77.3500,77.2222,90.0000,70.0700,70.7778,0.0000,77.5354,0.0000,-6.7576,2.3585,25.530,0.014,25.544,NVIDIA A10,4875190
cifar100,resnet18,85,10.0,0.1,512,42,77.3500,77.2222,90.0000,18.2100,18.3939,0.0000,77.5354,0.0000,-59.1414,4.3870,24.526,0.013,24.538,NVIDIA A10,4875190
cifar100,resnet18,85,10.0,0.1,64,42,77.3500,77.2222,90.0000,75.9100,76.6768,0.0000,77.5354,0.0000,-0.8586,0.9224,24.441,0.012,24.453,NVIDIA A10,4875190
cifar100,resnet18,85,10.0,0.5,256,42,77.3500,77.2222,90.0000,70.2700,70.9798,0.0000,77.5354,0.0000,-6.5556,2.3585,25.530,0.013,25.543,NVIDIA A10,4875190
cifar100,resnet18,85,10.0,0.5,512,42,77.3500,77.2222,90.0000,19.5000,19.6970,0.0000,77.5354,0.0000,-57.8384,4.3870,24.526,0.013,24.538,NVIDIA A10,4875190
cifar100,resnet18,85,10.0,0.5,64,42,77.3500,77.2222,90.0000,75.9100,76.6768,0.0000,77.5354,0.0000,-0.8586,0.9224,24.441,0.012,24.453,NVIDIA A10,4875190
cifar100,resnet18,85,10.0,1.0,256,42,77.3500,77.2222,90.0000,70.5400,71.2525,0.0000,77.5354,0.0000,-6.2828,2.3585,25.530,0.016,25.546,NVIDIA A10,4875190
cifar100,resnet18,85,10.0,1.0,512,42,77.3500,77.2222,90.0000,21.2500,21.4646,0.0000,77.5354,0.0000,-56.0707,4.3870,24.526,0.012,24.538,NVIDIA A10,4875190
cifar100,resnet18,85,10.0,1.0,64,42,77.3500,77.2222,90.0000,75.8700,76.6364,0.0000,77.5354,0.0000,-0.8990,0.9224,24.441,0.012,24.453,NVIDIA A10,4875190
cifar100,resnet18,85,12.0,0.1,256,42,77.3500,77.2222,90.0000,73.6800,74.4242,0.0000,77.5354,0.0000,-3.1111,1.9083,25.530,0.012,25.542,NVIDIA A10,4875190
cifar100,resnet18,85,12.0,0.1,512,42,77.3500,77.2222,90.0000,38.5600,38.9495,0.0000,77.5354,0.0000,-38.5859,3.5917,24.526,0.016,24.542,NVIDIA A10,4875190
cifar100,resnet18,85,12.0,0.1,64,42,77.3500,77.2222,90.0000,75.9200,76.6869,0.0000,77.5354,0.0000,-0.8485,0.7588,24.441,0.015,24.457,NVIDIA A10,4875190
cifar100,resnet18,85,12.0,0.5,256,42,77.3500,77.2222,90.0000,73.8300,74.5758,0.0000,77.5354,0.0000,-2.9596,1.9083,25.530,0.012,25.542,NVIDIA A10,4875190
cifar100,resnet18,85,12.0,0.5,512,42,77.3500,77.2222,90.0000,39.8900,40.2929,0.0000,77.5354,0.0000,-37.2424,3.5917,24.526,0.016,24.542,NVIDIA A10,4875190
cifar100,resnet18,85,12.0,0.5,64,42,77.3500,77.2222,90.0000,75.9400,76.7071,0.0000,77.5354,0.0000,-0.8283,0.7588,24.441,0.011,24.453,NVIDIA A10,4875190
cifar100,resnet18,85,12.0,1.0,256,42,77.3500,77.2222,90.0000,74.0000,74.7475,0.0000,77.5354,0.0000,-2.7879,1.9083,25.530,0.016,25.546,NVIDIA A10,4875190
cifar100,resnet18,85,12.0,1.0,512,42,77.3500,77.2222,90.0000,41.4000,41.8182,0.0000,77.5354,0.0000,-35.7172,3.5917,24.526,0.016,24.542,NVIDIA A10,4875190
cifar100,resnet18,85,12.0,1.0,64,42,77.3500,77.2222,90.0000,75.9500,76.7172,0.0000,77.5354,0.0000,-0.8182,0.7588,24.441,0.017,24.458,NVIDIA A10,4875190
cifar100,resnet18,85,15.0,0.1,256,42,77.3500,77.2222,90.0000,75.5200,76.2828,0.0000,77.5354,0.0000,-1.2525,1.4620,25.530,0.017,25.547,NVIDIA A10,4875190
cifar100,resnet18,85,15.0,0.1,512,42,77.3500,77.2222,90.0000,59.7800,60.3838,0.0000,77.5354,0.0000,-17.1515,2.7961,24.526,0.017,24.542,NVIDIA A10,4875190
cifar100,resnet18,85,15.0,0.1,64,42,77.3500,77.2222,90.0000,76.2200,76.9899,0.0000,77.5354,0.0000,-0.5455,0.5929,24.441,0.016,24.457,NVIDIA A10,4875190
cifar100,resnet18,85,15.0,0.5,256,42,77.3500,77.2222,90.0000,75.5400,76.3030,0.0000,77.5354,0.0000,-1.2323,1.4620,25.530,0.018,25.548,NVIDIA A10,4875190
cifar100,resnet18,85,15.0,0.5,512,42,77.3500,77.2222,90.0000,60.4000,61.0101,0.0000,77.5354,0.0000,-16.5253,2.7961,24.526,0.018,24.544,NVIDIA A10,4875190
cifar100,resnet18,85,15.0,0.5,64,42,77.3500,77.2222,90.0000,76.2200,76.9899,0.0000,77.5354,0.0000,-0.5455,0.5929,24.441,0.013,24.455,NVIDIA A10,4875190
cifar100,resnet18,85,15.0,1.0,256,42,77.3500,77.2222,90.0000,75.6000,76.3636,0.0000,77.5354,0.0000,-1.1717,1.4620,25.530,0.012,25.542,NVIDIA A10,4875190
cifar100,resnet18,85,15.0,1.0,512,42,77.3500,77.2222,90.0000,61.2200,61.8384,0.0000,77.5354,0.0000,-15.6970,2.7961,24.526,0.012,24.538,NVIDIA A10,4875190
cifar100,resnet18,85,15.0,1.0,64,42,77.3500,77.2222,90.0000,76.2300,77.0000,0.0000,77.5354,0.0000,-0.5354,0.5929,24.441,0.011,24.453,NVIDIA A10,4875190
cifar100,resnet18,85,2.0,0.1,256,42,77.3500,77.2222,90.0000,1.0300,1.0404,0.0000,77.5354,0.0000,-76.4949,12.0715,25.530,0.014,25.544,NVIDIA A10,4875190
cifar100,resnet18,85,2.0,0.1,512,42,77.3500,77.2222,90.0000,1.0500,1.0606,0.0000,77.5354,0.0000,-76.4747,17.4483,24.526,0.015,24.540,NVIDIA A10,4875190
cifar100,resnet18,85,2.0,0.1,64,42,77.3500,77.2222,90.0000,24.7000,24.9495,0.0000,77.5354,0.0000,-52.5859,5.0267,24.441,0.019,24.460,NVIDIA A10,4875190
cifar100,resnet18,85,2.0,0.5,256,42,77.3500,77.2222,90.0000,1.0600,1.0707,0.0000,77.5354,0.0000,-76.4646,12.0715,25.530,0.016,25.546,NVIDIA A10,4875190
cifar100,resnet18,85,2.0,0.5,512,42,77.3500,77.2222,90.0000,1.4700,1.4848,0.0000,77.5354,0.0000,-76.0505,17.4483,24.526,0.013,24.539,NVIDIA A10,4875190
cifar100,resnet18,85,2.0,0.5,64,42,77.3500,77.2222,90.0000,33.0900,33.4242,0.0000,77.5354,0.0000,-44.1111,5.0267,24.441,0.018,24.460,NVIDIA A10,4875190
cifar100,resnet18,85,2.0,1.0,256,42,77.3500,77.2222,90.0000,1.2500,1.2626,0.0000,77.5354,0.0000,-76.2727,12.0715,25.530,0.013,25.543,NVIDIA A10,4875190
cifar100,resnet18,85,2.0,1.0,512,42,77.3500,77.2222,90.0000,1.3300,1.3434,0.0000,77.5354,0.0000,-76.1919,17.4483,24.526,0.013,24.538,NVIDIA A10,4875190
cifar100,resnet18,85,2.0,1.0,64,42,77.3500,77.2222,90.0000,44.9800,45.4343,0.0000,77.5354,0.0000,-32.1010,5.0267,24.441,0.016,24.458,NVIDIA A10,4875190
cifar100,resnet18,85,20.0,0.1,256,42,77.3500,77.2222,90.0000,75.7100,76.4747,0.0000,77.5354,0.0000,-1.0606,1.0137,25.530,0.019,25.549,NVIDIA A10,4875190
cifar100,resnet18,85,20.0,0.1,512,42,77.3500,77.2222,90.0000,72.2000,72.9293,0.0000,77.5354,0.0000,-4.6061,1.9892,24.526,0.012,24.538,NVIDIA A10,4875190
cifar100,resnet18,85,20.0,0.1,64,42,77.3500,77.2222,90.0000,76.3300,77.1010,0.0000,77.5354,0.0000,-0.4343,0.4231,24.441,0.011,24.453,NVIDIA A10,4875190
cifar100,resnet18,85,20.0,0.5,256,42,77.3500,77.2222,90.0000,75.7500,76.5152,0.0000,77.5354,0.0000,-1.0202,1.0137,25.530,0.017,25.547,NVIDIA A10,4875190
cifar100,resnet18,85,20.0,0.5,512,42,77.3500,77.2222,90.0000,72.3100,73.0404,0.0000,77.5354,0.0000,-4.4949,1.9892,24.526,0.019,24.544,NVIDIA A10,4875190
cifar100,resnet18,85,20.0,0.5,64,42,77.3500,77.2222,90.0000,76.3200,77.0909,0.0000,77.5354,0.0000,-0.4444,0.4231,24.441,0.012,24.453,NVIDIA A10,4875190
cifar100,resnet18,85,20.0,1.0,256,42,77.3500,77.2222,90.0000,75.8100,76.5758,0.0000,77.5354,0.0000,-0.9596,1.0137,25.530,0.012,25.542,NVIDIA A10,4875190
cifar100,resnet18,85,20.0,1.0,512,42,77.3500,77.2222,90.0000,72.4800,73.2121,0.0000,77.5354,0.0000,-4.3232,1.9892,24.526,0.013,24.538,NVIDIA A10,4875190
cifar100,resnet18,85,20.0,1.0,64,42,77.3500,77.2222,90.0000,76.2900,77.0606,0.0000,77.5354,0.0000,-0.4747,0.4231,24.441,0.012,24.453,NVIDIA A10,4875190
cifar100,resnet18,85,30.0,0.1,256,42,77.3500,77.2222,90.0000,76.2400,77.0101,0.0000,77.5354,0.0000,-0.5253,0.5507,25.530,0.012,25.541,NVIDIA A10,4875190
cifar100,resnet18,85,30.0,0.1,512,42,77.3500,77.2222,90.0000,75.5400,76.3030,0.0000,77.5354,0.0000,-1.2323,1.1928,24.526,0.012,24.538,NVIDIA A10,4875190
cifar100,resnet18,85,30.0,0.1,64,42,77.3500,77.2222,90.0000,76.4500,77.2222,0.0000,77.5354,0.0000,-0.3131,0.2470,24.441,0.011,24.453,NVIDIA A10,4875190
cifar100,resnet18,85,30.0,0.5,256,42,77.3500,77.2222,90.0000,76.2400,77.0101,0.0000,77.5354,0.0000,-0.5253,0.5507,25.530,0.012,25.542,NVIDIA A10,4875190
cifar100,resnet18,85,30.0,0.5,512,42,77.3500,77.2222,90.0000,75.5500,76.3131,0.0000,77.5354,0.0000,-1.2222,1.1928,24.526,0.012,24.538,NVIDIA A10,4875190
cifar100,resnet18,85,30.0,0.5,64,42,77.3500,77.2222,90.0000,76.4500,77.2222,0.0000,77.5354,0.0000,-0.3131,0.2470,24.441,0.011,24.453,NVIDIA A10,4875190
cifar100,resnet18,85,30.0,1.0,256,42,77.3500,77.2222,90.0000,76.2600,77.0303,0.0000,77.5354,0.0000,-0.5051,0.5507,25.530,0.011,25.541,NVIDIA A10,4875190
cifar100,resnet18,85,30.0,1.0,512,42,77.3500,77.2222,90.0000,75.5500,76.3131,0.0000,77.5354,0.0000,-1.2222,1.1928,24.526,0.016,24.541,NVIDIA A10,4875190
cifar100,resnet18,85,30.0,1.0,64,42,77.3500,77.2222,90.0000,76.4500,77.2222,0.0000,77.5354,0.0000,-0.3131,0.2470,24.441,0.015,24.456,NVIDIA A10,4875190
cifar100,resnet18,85,4.0,0.1,256,42,77.3500,77.2222,90.0000,4.2300,4.2727,0.0000,77.5354,0.0000,-73.2626,6.4406,25.530,0.014,25.544,NVIDIA A10,4875190
cifar100,resnet18,85,4.0,0.1,512,42,77.3500,77.2222,90.0000,1.0800,1.0909,0.0000,77.5354,0.0000,-76.4444,10.4926,24.526,0.017,24.542,NVIDIA A10,4875190
cifar100,resnet18,85,4.0,0.1,64,42,77.3500,77.2222,90.0000,71.9600,72.6869,0.0000,77.5354,0.0000,-4.8485,2.3795,24.441,0.016,24.457,NVIDIA A10,4875190
cifar100,resnet18,85,4.0,0.5,256,42,77.3500,77.2222,90.0000,5.4400,5.4949,0.0000,77.5354,0.0000,-72.0404,6.4406,25.530,0.013,25.543,NVIDIA A10,4875190
cifar100,resnet18,85,4.0,0.5,512,42,77.3500,77.2222,90.0000,1.0800,1.0909,0.0000,77.5354,0.0000,-76.4444,10.4926,24.526,0.013,24.538,NVIDIA A10,4875190
cifar100,resnet18,85,4.0,0.5,64,42,77.3500,77.2222,90.0000,72.4500,73.1818,0.0000,77.5354,0.0000,-4.3535,2.3795,24.441,0.018,24.459,NVIDIA A10,4875190
cifar100,resnet18,85,4.0,1.0,256,42,77.3500,77.2222,90.0000,6.9800,7.0505,0.0000,77.5354,0.0000,-70.4848,6.4406,25.530,0.013,25.543,NVIDIA A10,4875190
cifar100,resnet18,85,4.0,1.0,512,42,77.3500,77.2222,90.0000,1.1300,1.1414,0.0000,77.5354,0.0000,-76.3939,10.4926,24.526,0.013,24.538,NVIDIA A10,4875190
cifar100,resnet18,85,4.0,1.0,64,42,77.3500,77.2222,90.0000,73.1600,73.8990,0.0000,77.5354,0.0000,-3.6364,2.3795,24.441,0.012,24.454,NVIDIA A10,4875190
cifar100,resnet18,85,50.0,0.1,256,42,77.3500,77.2222,90.0000,76.5100,77.2828,0.0000,77.5354,0.0000,-0.2525,0.1714,25.530,0.015,25.545,NVIDIA A10,4875190
cifar100,resnet18,85,50.0,0.1,512,42,77.3500,77.2222,90.0000,76.1500,76.9192,0.0000,77.5354,0.0000,-0.6162,0.5190,24.526,0.013,24.538,NVIDIA A10,4875190
cifar100,resnet18,85,50.0,0.1,64,42,77.3500,77.2222,90.0000,76.3900,77.1616,0.0000,77.5354,0.0000,-0.3737,0.1027,24.441,0.014,24.456,NVIDIA A10,4875190
cifar100,resnet18,85,50.0,0.5,256,42,77.3500,77.2222,90.0000,76.5100,77.2828,0.0000,77.5354,0.0000,-0.2525,0.1714,25.530,0.011,25.541,NVIDIA A10,4875190
cifar100,resnet18,85,50.0,0.5,512,42,77.3500,77.2222,90.0000,76.1500,76.9192,0.0000,77.5354,0.0000,-0.6162,0.5190,24.526,0.012,24.537,NVIDIA A10,4875190
cifar100,resnet18,85,50.0,0.5,64,42,77.3500,77.2222,90.0000,76.4000,77.1717,0.0000,77.5354,0.0000,-0.3636,0.1027,24.441,0.011,24.453,NVIDIA A10,4875190
cifar100,resnet18,85,50.0,1.0,256,42,77.3500,77.2222,90.0000,76.5100,77.2828,0.0000,77.5354,0.0000,-0.2525,0.1714,25.530,0.011,25.541,NVIDIA A10,4875190
cifar100,resnet18,85,50.0,1.0,512,42,77.3500,77.2222,90.0000,76.1500,76.9192,0.0000,77.5354,0.0000,-0.6162,0.5190,24.526,0.011,24.537,NVIDIA A10,4875190
cifar100,resnet18,85,50.0,1.0,64,42,77.3500,77.2222,90.0000,76.4000,77.1717,0.0000,77.5354,0.0000,-0.3636,0.1027,24.441,0.012,24.453,NVIDIA A10,4875190
cifar100,resnet18,85,6.0,0.1,256,42,77.3500,77.2222,90.0000,22.8400,23.0707,0.0000,77.5354,0.0000,-54.4646,4.1971,25.530,0.013,25.543,NVIDIA A10,4875190
cifar100,resnet18,85,6.0,0.1,512,42,77.3500,77.2222,90.0000,1.6100,1.6263,0.0000,77.5354,0.0000,-75.9091,7.3440,24.526,0.013,24.538,NVIDIA A10,4875190
cifar100,resnet18,85,6.0,0.1,64,42,77.3500,77.2222,90.0000,75.2300,75.9899,0.0000,77.5354,0.0000,-1.5455,1.5611,24.441,0.012,24.453,NVIDIA A10,4875190
cifar100,resnet18,85,6.0,0.5,256,42,77.3500,77.2222,90.0000,25.7900,26.0505,0.0000,77.5354,0.0000,-51.4848,4.1971,25.530,0.013,25.543,NVIDIA A10,4875190
cifar100,resnet18,85,6.0,0.5,512,42,77.3500,77.2222,90.0000,1.6600,1.6768,0.0000,77.5354,0.0000,-75.8586,7.3440,24.526,0.013,24.538,NVIDIA A10,4875190
cifar100,resnet18,85,6.0,0.5,64,42,77.3500,77.2222,90.0000,75.3500,76.1111,0.0000,77.5354,0.0000,-1.4242,1.5611,24.441,0.012,24.453,NVIDIA A10,4875190
cifar100,resnet18,85,6.0,1.0,256,42,77.3500,77.2222,90.0000,29.6900,29.9899,0.0000,77.5354,0.0000,-47.5455,4.1971,25.530,0.013,25.543,NVIDIA A10,4875190
cifar100,resnet18,85,6.0,1.0,512,42,77.3500,77.2222,90.0000,1.8100,1.8283,0.0000,77.5354,0.0000,-75.7071,7.3440,24.526,0.013,24.538,NVIDIA A10,4875190
cifar100,resnet18,85,6.0,1.0,64,42,77.3500,77.2222,90.0000,75.4100,76.1717,0.0000,77.5354,0.0000,-1.3636,1.5611,24.441,0.012,24.453,NVIDIA A10,4875190
cifar100,resnet18,85,8.0,0.1,256,42,77.3500,77.2222,90.0000,61.1400,61.7576,0.0000,77.5354,0.0000,-15.7778,3.0440,25.530,0.013,25.542,NVIDIA A10,4875190
cifar100,resnet18,85,8.0,0.1,512,42,77.3500,77.2222,90.0000,7.6000,7.6768,0.0000,77.5354,0.0000,-69.8586,5.5421,24.526,0.013,24.538,NVIDIA A10,4875190
cifar100,resnet18,85,8.0,0.1,64,42,77.3500,77.2222,90.0000,75.8500,76.6162,0.0000,77.5354,0.0000,-0.9192,1.1631,24.441,0.012,24.453,NVIDIA A10,4875190
cifar100,resnet18,85,8.0,0.5,256,42,77.3500,77.2222,90.0000,61.9200,62.5455,0.0000,77.5354,0.0000,-14.9899,3.0440,25.530,0.012,25.542,NVIDIA A10,4875190
cifar100,resnet18,85,8.0,0.5,512,42,77.3500,77.2222,90.0000,8.3500,8.4343,0.0000,77.5354,0.0000,-69.1010,5.5421,24.526,0.013,24.538,NVIDIA A10,4875190
cifar100,resnet18,85,8.0,0.5,64,42,77.3500,77.2222,90.0000,75.8700,76.6364,0.0000,77.5354,0.0000,-0.8990,1.1631,24.441,0.012,24.453,NVIDIA A10,4875190
cifar100,resnet18,85,8.0,1.0,256,42,77.3500,77.2222,90.0000,62.9300,63.5657,0.0000,77.5354,0.0000,-13.9697,3.0440,25.530,0.013,25.542,NVIDIA A10,4875190
cifar100,resnet18,85,8.0,1.0,512,42,77.3500,77.2222,90.0000,9.6000,9.6970,0.0000,77.5354,0.0000,-67.8384,5.5421,24.526,0.013,24.538,NVIDIA A10,4875190
cifar100,resnet18,85,8.0,1.0,64,42,77.3500,77.2222,90.0000,75.9000,76.6667,0.0000,77.5354,0.0000,-0.8687,1.1631,24.441,0.012,24.453,NVIDIA A10,4875190
cifar20,resnet18,10,10.0,0.1,256,42,85.3400,85.0421,91.0000,81.0100,85.2737,0.0000,85.8632,0.0000,-0.5895,0.6307,39.670,0.011,39.682,NVIDIA L4,4875190
cifar20,resnet18,10,10.0,0.1,512,42,85.3400,85.0421,91.0000,80.8300,85.0842,0.0000,85.8632,0.0000,-0.7789,1.0393,42.025,0.011,42.036,NVIDIA L4,4875190
cifar20,resnet18,10,10.0,0.1,64,42,85.3400,85.0421,91.0000,81.8100,85.4316,13.0000,85.8632,0.0000,-0.4316,0.2061,35.081,0.011,35.091,NVIDIA L4,4875190
cifar20,resnet18,10,10.0,0.5,256,42,85.3400,85.0421,91.0000,81.0100,85.2737,0.0000,85.8632,0.0000,-0.5895,0.6307,39.670,0.016,39.686,NVIDIA L4,4875190
cifar20,resnet18,10,10.0,0.5,512,42,85.3400,85.0421,91.0000,80.8400,85.0947,0.0000,85.8632,0.0000,-0.7684,1.0393,42.025,0.011,42.036,NVIDIA L4,4875190
cifar20,resnet18,10,10.0,0.5,64,42,85.3400,85.0421,91.0000,81.9800,85.4316,16.4000,85.8632,0.0000,-0.4316,0.2061,35.081,0.011,35.092,NVIDIA L4,4875190
cifar20,resnet18,10,10.0,1.0,256,42,85.3400,85.0421,91.0000,80.9900,85.2526,0.0000,85.8632,0.0000,-0.6105,0.6307,39.670,0.012,39.682,NVIDIA L4,4875190
cifar20,resnet18,10,10.0,1.0,512,42,85.3400,85.0421,91.0000,80.8700,85.1263,0.0000,85.8632,0.0000,-0.7368,1.0393,42.025,0.011,42.036,NVIDIA L4,4875190
cifar20,resnet18,10,10.0,1.0,64,42,85.3400,85.0421,91.0000,82.2900,85.4316,22.6000,85.8632,0.0000,-0.4316,0.2061,35.081,0.011,35.092,NVIDIA L4,4875190
cifar20,resnet18,10,12.0,0.1,256,42,85.3400,85.0421,91.0000,81.0700,85.3368,0.0000,85.8632,0.0000,-0.5263,0.3716,39.670,0.011,39.682,NVIDIA L4,4875190
cifar20,resnet18,10,12.0,0.1,512,42,85.3400,85.0421,91.0000,80.9900,85.2526,0.0000,85.8632,0.0000,-0.6105,0.6411,42.025,0.011,42.036,NVIDIA L4,4875190
cifar20,resnet18,10,12.0,0.1,64,42,85.3400,85.0421,91.0000,83.7900,85.3895,53.4000,85.8632,0.0000,-0.4737,0.0980,35.081,0.011,35.091,NVIDIA L4,4875190
cifar20,resnet18,10,12.0,0.5,256,42,85.3400,85.0421,91.0000,81.0700,85.3368,0.0000,85.8632,0.0000,-0.5263,0.3716,39.670,0.011,39.681,NVIDIA L4,4875190
cifar20,resnet18,10,12.0,0.5,512,42,85.3400,85.0421,91.0000,81.0200,85.2842,0.0000,85.8632,0.0000,-0.5789,0.6411,42.025,0.011,42.036,NVIDIA L4,4875190
cifar20,resnet18,10,12.0,0.5,64,42,85.3400,85.0421,91.0000,83.8600,85.3895,54.8000,85.8632,0.0000,-0.4737,0.0980,35.081,0.011,35.092,NVIDIA L4,4875190
cifar20,resnet18,10,12.0,1.0,256,42,85.3400,85.0421,91.0000,81.0700,85.3368,0.0000,85.8632,0.0000,-0.5263,0.3716,39.670,0.011,39.682,NVIDIA L4,4875190
cifar20,resnet18,10,12.0,1.0,512,42,85.3400,85.0421,91.0000,81.0300,85.2947,0.0000,85.8632,0.0000,-0.5684,0.6411,42.025,0.011,42.036,NVIDIA L4,4875190
cifar20,resnet18,10,12.0,1.0,64,42,85.3400,85.0421,91.0000,84.0300,85.3684,58.6000,85.8632,0.0000,-0.4947,0.0980,35.081,0.011,35.091,NVIDIA L4,4875190
cifar20,resnet18,10,15.0,0.1,256,42,85.3400,85.0421,91.0000,81.9900,85.3789,17.6000,85.8632,0.0000,-0.4842,0.1283,39.670,0.011,39.682,NVIDIA L4,4875190
cifar20,resnet18,10,15.0,0.1,512,42,85.3400,85.0421,91.0000,81.1100,85.3789,0.0000,85.8632,0.0000,-0.4842,0.2332,42.025,0.012,42.036,NVIDIA L4,4875190
cifar20,resnet18,10,15.0,0.1,64,42,85.3400,85.0421,91.0000,85.2800,85.1895,87.0000,85.8632,0.0000,-0.6737,0.0178,35.081,0.011,35.092,NVIDIA L4,4875190
cifar20,resnet18,10,15.0,0.5,256,42,85.3400,85.0421,91.0000,82.1500,85.3684,21.0000,85.8632,0.0000,-0.4947,0.1283,39.670,0.011,39.682,NVIDIA L4,4875190
cifar20,resnet18,10,15.0,0.5,512,42,85.3400,85.0421,91.0000,81.1000,85.3684,0.0000,85.8632,0.0000,-0.4947,0.2332,42.025,0.011,42.036,NVIDIA L4,4875190
cifar20,resnet18,10,15.0,0.5,64,42,85.3400,85.0421,91.0000,85.2900,85.2000,87.0000,85.8632,0.0000,-0.6632,0.0178,35.081,0.011,35.092,NVIDIA L4,4875190
cifar20,resnet18,10,15.0,1.0,256,42,85.3400,85.0421,91.0000,82.3200,85.3684,24.4000,85.8632,0.0000,-0.4947,0.1283,39.670,0.011,39.682,NVIDIA L4,4875190
cifar20,resnet18,10,15.0,1.0,512,42,85.3400,85.0421,91.0000,81.1000,85.3684,0.0000,85.8632,0.0000,-0.4947,0.2332,42.025,0.011,42.036,NVIDIA L4,4875190
cifar20,resnet18,10,15.0,1.0,64,42,85.3400,85.0421,91.0000,85.3200,85.2105,87.4000,85.8632,0.0000,-0.6526,0.0178,35.081,0.011,35.091,NVIDIA L4,4875190
cifar20,resnet18,10,2.0,0.1,256,42,85.3400,85.0421,91.0000,78.7900,82.9368,0.0000,85.8632,0.0000,-2.9263,5.7753,39.670,0.018,39.689,NVIDIA L4,4875190
cifar20,resnet18,10,2.0,0.1,512,42,85.3400,85.0421,91.0000,72.8600,76.6947,0.0000,85.8632,0.0000,-9.1684,7.9367,42.025,0.014,42.039,NVIDIA L4,4875190
cifar20,resnet18,10,2.0,0.1,64,42,85.3400,85.0421,91.0000,80.3900,84.6211,0.0000,85.8632,0.0000,-1.2421,3.4180,35.081,0.017,35.098,NVIDIA L4,4875190
cifar20,resnet18,10,2.0,0.5,256,42,85.3400,85.0421,91.0000,79.2500,83.4211,0.0000,85.8632,0.0000,-2.4421,5.7753,39.670,0.012,39.682,NVIDIA L4,4875190
cifar20,resnet18,10,2.0,0.5,512,42,85.3400,85.0421,91.0000,74.7100,78.6421,0.0000,85.8632,0.0000,-7.2211,7.9367,42.025,0.013,42.037,NVIDIA L4,4875190
cifar20,resnet18,10,2.0,0.5,64,42,85.3400,85.0421,91.0000,80.4900,84.7263,0.0000,85.8632,0.0000,-1.1368,3.4180,35.081,0.012,35.092,NVIDIA L4,4875190
cifar20,resnet18,10,2.0,1.0,256,42,85.3400,85.0421,91.0000,79.6100,83.8000,0.0000,85.8632,0.0000,-2.0632,5.7753,39.670,0.012,39.683,NVIDIA L4,4875190
cifar20,resnet18,10,2.0,1.0,512,42,85.3400,85.0421,91.0000,76.6900,80.7263,0.0000,85.8632,0.0000,-5.1368,7.9367,42.025,0.017,42.042,NVIDIA L4,4875190
cifar20,resnet18,10,2.0,1.0,64,42,85.3400,85.0421,91.0000,80.6100,84.8526,0.0000,85.8632,0.0000,-1.0105,3.4180,35.081,0.012,35.092,NVIDIA L4,4875190
cifar20,resnet18,10,20.0,0.1,256,42,85.3400,85.0421,91.0000,85.3500,85.0526,91.0000,85.8632,0.0000,-0.8105,0.0018,39.670,0.011,39.682,NVIDIA L4,4875190
cifar20,resnet18,10,20.0,0.1,512,42,85.3400,85.0421,91.0000,85.3400,85.0421,91.0000,85.8632,0.0000,-0.8211,0.0002,42.025,0.011,42.035,NVIDIA L4,4875190
cifar20,resnet18,10,20.0,0.1,64,42,85.3400,85.0421,91.0000,85.3400,85.0421,91.0000,85.8632,0.0000,-0.8211,0.0000,35.081,0.011,35.091,NVIDIA L4,4875190
cifar20,resnet18,10,20.0,0.5,256,42,85.3400,85.0421,91.0000,85.3500,85.0526,91.0000,85.8632,0.0000,-0.8105,0.0018,39.670,0.011,39.682,NVIDIA L4,4875190
cifar20,resnet18,10,20.0,0.5,512,42,85.3400,85.0421,91.0000,85.3400,85.0421,91.0000,85.8632,0.0000,-0.8211,0.0002,42.025,0.011,42.035,NVIDIA L4,4875190
cifar20,resnet18,10,20.0,0.5,64,42,85.3400,85.0421,91.0000,85.3400,85.0421,91.0000,85.8632,0.0000,-0.8211,0.0000,35.081,0.010,35.091,NVIDIA L4,4875190
cifar20,resnet18,10,20.0,1.0,256,42,85.3400,85.0421,91.0000,85.3500,85.0526,91.0000,85.8632,0.0000,-0.8105,0.0018,39.670,0.011,39.682,NVIDIA L4,4875190
cifar20,resnet18,10,20.0,1.0,512,42,85.3400,85.0421,91.0000,85.3400,85.0421,91.0000,85.8632,0.0000,-0.8211,0.0002,42.025,0.011,42.036,NVIDIA L4,4875190
cifar20,resnet18,10,20.0,1.0,64,42,85.3400,85.0421,91.0000,85.3400,85.0421,91.0000,85.8632,0.0000,-0.8211,0.0000,35.081,0.011,35.091,NVIDIA L4,4875190
cifar20,resnet18,10,30.0,0.1,256,42,85.3400,85.0421,91.0000,85.3400,85.0421,91.0000,85.8632,0.0000,-0.8211,0.0000,39.670,0.011,39.681,NVIDIA L4,4875190
cifar20,resnet18,10,30.0,0.1,512,42,85.3400,85.0421,91.0000,85.3400,85.0421,91.0000,85.8632,0.0000,-0.8211,0.0000,42.025,0.011,42.036,NVIDIA L4,4875190
cifar20,resnet18,10,30.0,0.1,64,42,85.3400,85.0421,91.0000,85.3400,85.0421,91.0000,85.8632,0.0000,-0.8211,0.0000,35.081,0.010,35.091,NVIDIA L4,4875190
cifar20,resnet18,10,30.0,0.5,256,42,85.3400,85.0421,91.0000,85.3400,85.0421,91.0000,85.8632,0.0000,-0.8211,0.0000,39.670,0.011,39.681,NVIDIA L4,4875190
cifar20,resnet18,10,30.0,0.5,512,42,85.3400,85.0421,91.0000,85.3400,85.0421,91.0000,85.8632,0.0000,-0.8211,0.0000,42.025,0.010,42.035,NVIDIA L4,4875190
cifar20,resnet18,10,30.0,0.5,64,42,85.3400,85.0421,91.0000,85.3400,85.0421,91.0000,85.8632,0.0000,-0.8211,0.0000,35.081,0.014,35.095,NVIDIA L4,4875190
cifar20,resnet18,10,30.0,1.0,256,42,85.3400,85.0421,91.0000,85.3400,85.0421,91.0000,85.8632,0.0000,-0.8211,0.0000,39.670,0.011,39.681,NVIDIA L4,4875190
cifar20,resnet18,10,30.0,1.0,512,42,85.3400,85.0421,91.0000,85.3400,85.0421,91.0000,85.8632,0.0000,-0.8211,0.0000,42.025,0.011,42.035,NVIDIA L4,4875190
cifar20,resnet18,10,30.0,1.0,64,42,85.3400,85.0421,91.0000,85.3400,85.0421,91.0000,85.8632,0.0000,-0.8211,0.0000,35.081,0.010,35.091,NVIDIA L4,4875190
cifar20,resnet18,10,4.0,0.1,256,42,85.3400,85.0421,91.0000,80.5000,84.7368,0.0000,85.8632,0.0000,-1.1263,2.7849,39.670,0.012,39.682,NVIDIA L4,4875190
cifar20,resnet18,10,4.0,0.1,512,42,85.3400,85.0421,91.0000,79.8700,84.0737,0.0000,85.8632,0.0000,-1.7895,4.0497,42.025,0.012,42.037,NVIDIA L4,4875190
cifar20,resnet18,10,4.0,0.1,64,42,85.3400,85.0421,91.0000,80.9800,85.2421,0.0000,85.8632,0.0000,-0.6211,1.4212,35.081,0.012,35.092,NVIDIA L4,4875190
cifar20,resnet18,10,4.0,0.5,256,42,85.3400,85.0421,91.0000,80.5700,84.8105,0.0000,85.8632,0.0000,-1.0526,2.7849,39.670,0.012,39.682,NVIDIA L4,4875190
cifar20,resnet18,10,4.0,0.5,512,42,85.3400,85.0421,91.0000,79.9700,84.1789,0.0000,85.8632,0.0000,-1.6842,4.0497,42.025,0.012,42.037,NVIDIA L4,4875190
cifar20,resnet18,10,4.0,0.5,64,42,85.3400,85.0421,91.0000,80.9700,85.2316,0.0000,85.8632,0.0000,-0.6316,1.4212,35.081,0.012,35.093,NVIDIA L4,4875190
cifar20,resnet18,10,4.0,1.0,256,42,85.3400,85.0421,91.0000,80.6300,84.8737,0.0000,85.8632,0.0000,-0.9895,2.7849,39.670,0.013,39.684,NVIDIA L4,4875190
cifar20,resnet18,10,4.0,1.0,512,42,85.3400,85.0421,91.0000,80.0800,84.2947,0.0000,85.8632,0.0000,-1.5684,4.0497,42.025,0.012,42.037,NVIDIA L4,4875190
cifar20,resnet18,10,4.0,1.0,64,42,85.3400,85.0421,91.0000,80.9400,85.2000,0.0000,85.8632,0.0000,-0.6632,1.4212,35.081,0.012,35.092,NVIDIA L4,4875190
cifar20,resnet18,10,50.0,0.1,256,42,85.3400,85.0421,91.0000,85.3400,85.0421,91.0000,85.8632,0.0000,-0.8211,0.0000,39.670,0.011,39.681,NVIDIA L4,4875190
cifar20,resnet18,10,50.0,0.1,512,42,85.3400,85.0421,91.0000,85.3400,85.0421,91.0000,85.8632,0.0000,-0.8211,0.0000,42.025,0.011,42.035,NVIDIA L4,4875190
cifar20,resnet18,10,50.0,0.1,64,42,85.3400,85.0421,91.0000,85.3400,85.0421,91.0000,85.8632,0.0000,-0.8211,0.0000,35.081,0.011,35.092,NVIDIA L4,4875190
cifar20,resnet18,10,50.0,0.5,256,42,85.3400,85.0421,91.0000,85.3400,85.0421,91.0000,85.8632,0.0000,-0.8211,0.0000,39.670,0.011,39.681,NVIDIA L4,4875190
cifar20,resnet18,10,50.0,0.5,512,42,85.3400,85.0421,91.0000,85.3400,85.0421,91.0000,85.8632,0.0000,-0.8211,0.0000,42.025,0.011,42.036,NVIDIA L4,4875190
cifar20,resnet18,10,50.0,0.5,64,42,85.3400,85.0421,91.0000,85.3400,85.0421,91.0000,85.8632,0.0000,-0.8211,0.0000,35.081,0.011,35.092,NVIDIA L4,4875190
cifar20,resnet18,10,50.0,1.0,256,42,85.3400,85.0421,91.0000,85.3400,85.0421,91.0000,85.8632,0.0000,-0.8211,0.0000,39.670,0.011,39.681,NVIDIA L4,4875190
cifar20,resnet18,10,50.0,1.0,512,42,85.3400,85.0421,91.0000,85.3400,85.0421,91.0000,85.8632,0.0000,-0.8211,0.0000,42.025,0.011,42.036,NVIDIA L4,4875190
cifar20,resnet18,10,50.0,1.0,64,42,85.3400,85.0421,91.0000,85.3400,85.0421,91.0000,85.8632,0.0000,-0.8211,0.0000,35.081,0.011,35.091,NVIDIA L4,4875190
cifar20,resnet18,10,6.0,0.1,256,42,85.3400,85.0421,91.0000,80.6400,84.8842,0.0000,85.8632,0.0000,-0.9789,1.6335,39.670,0.011,39.682,NVIDIA L4,4875190
cifar20,resnet18,10,6.0,0.1,512,42,85.3400,85.0421,91.0000,80.6100,84.8526,0.0000,85.8632,0.0000,-1.0105,2.4774,42.025,0.011,42.036,NVIDIA L4,4875190
cifar20,resnet18,10,6.0,0.1,64,42,85.3400,85.0421,91.0000,81.0900,85.3579,0.0000,85.8632,0.0000,-0.5053,0.7242,35.081,0.012,35.092,NVIDIA L4,4875190
cifar20,resnet18,10,6.0,0.5,256,42,85.3400,85.0421,91.0000,80.6200,84.8632,0.0000,85.8632,0.0000,-1.0000,1.6335,39.670,0.016,39.687,NVIDIA L4,4875190
cifar20,resnet18,10,6.0,0.5,512,42,85.3400,85.0421,91.0000,80.6400,84.8842,0.0000,85.8632,0.0000,-0.9789,2.4774,42.025,0.012,42.037,NVIDIA L4,4875190
cifar20,resnet18,10,6.0,0.5,64,42,85.3400,85.0421,91.0000,81.1100,85.3789,0.0000,85.8632,0.0000,-0.4842,0.7242,35.081,0.011,35.092,NVIDIA L4,4875190
cifar20,resnet18,10,6.0,1.0,256,42,85.3400,85.0421,91.0000,80.6700,84.9158,0.0000,85.8632,0.0000,-0.9474,1.6335,39.670,0.012,39.683,NVIDIA L4,4875190
cifar20,resnet18,10,6.0,1.0,512,42,85.3400,85.0421,91.0000,80.6500,84.8947,0.0000,85.8632,0.0000,-0.9684,2.4774,42.025,0.012,42.036,NVIDIA L4,4875190
cifar20,resnet18,10,6.0,1.0,64,42,85.3400,85.0421,91.0000,81.1300,85.4000,0.0000,85.8632,0.0000,-0.4632,0.7242,35.081,0.011,35.092,NVIDIA L4,4875190
cifar20,resnet18,10,8.0,0.1,256,42,85.3400,85.0421,91.0000,80.8500,85.1053,0.0000,85.8632,0.0000,-0.7579,1.0128,39.670,0.012,39.682,NVIDIA L4,4875190
cifar20,resnet18,10,8.0,0.1,512,42,85.3400,85.0421,91.0000,80.7200,84.9684,0.0000,85.8632,0.0000,-0.8947,1.6051,42.025,0.011,42.036,NVIDIA L4,4875190
cifar20,resnet18,10,8.0,0.1,64,42,85.3400,85.0421,91.0000,81.0400,85.3053,0.0000,85.8632,0.0000,-0.5579,0.3927,35.081,0.011,35.092,NVIDIA L4,4875190
cifar20,resnet18,10,8.0,0.5,256,42,85.3400,85.0421,91.0000,80.8600,85.1158,0.0000,85.8632,0.0000,-0.7474,1.0128,39.670,0.012,39.682,NVIDIA L4,4875190
cifar20,resnet18,10,8.0,0.5,512,42,85.3400,85.0421,91.0000,80.7500,85.0000,0.0000,85.8632,0.0000,-0.8632,1.6051,42.025,0.012,42.036,NVIDIA L4,4875190
cifar20,resnet18,10,8.0,0.5,64,42,85.3400,85.0421,91.0000,81.0400,85.3053,0.0000,85.8632,0.0000,-0.5579,0.3927,35.081,0.011,35.092,NVIDIA L4,4875190
cifar20,resnet18,10,8.0,1.0,256,42,85.3400,85.0421,91.0000,80.8600,85.1158,0.0000,85.8632,0.0000,-0.7474,1.0128,39.670,0.011,39.682,NVIDIA L4,4875190
cifar20,resnet18,10,8.0,1.0,512,42,85.3400,85.0421,91.0000,80.7600,85.0105,0.0000,85.8632,0.0000,-0.8526,1.6051,42.025,0.013,42.037,NVIDIA L4,4875190
cifar20,resnet18,10,8.0,1.0,64,42,85.3400,85.0421,91.0000,81.0200,85.2737,0.2000,85.8632,0.0000,-0.5895,0.3927,35.081,0.012,35.092,NVIDIA L4,4875190
cifar20,resnet18,14,10.0,0.1,256,42,85.3400,84.9158,93.4000,80.6700,84.9158,0.0000,85.0947,0.0000,-0.1789,1.9659,39.637,0.013,39.649,NVIDIA L4,4875190
cifar20,resnet18,14,10.0,0.1,512,42,85.3400,84.9158,93.4000,79.5900,83.7789,0.0000,85.0947,0.0000,-1.3158,2.8651,42.013,0.013,42.026,NVIDIA L4,4875190
cifar20,resnet18,14,10.0,0.1,64,42,85.3400,84.9158,93.4000,80.8600,85.1158,0.0000,85.0947,0.0000,+0.0211,1.0833,37.424,0.012,37.436,NVIDIA L4,4875190
cifar20,resnet18,14,10.0,0.5,256,42,85.3400,84.9158,93.4000,80.6700,84.9158,0.0000,85.0947,0.0000,-0.1789,1.9659,39.637,0.012,39.648,NVIDIA L4,4875190
cifar20,resnet18,14,10.0,0.5,512,42,85.3400,84.9158,93.4000,79.6100,83.8000,0.0000,85.0947,0.0000,-1.2947,2.8651,42.013,0.013,42.026,NVIDIA L4,4875190
cifar20,resnet18,14,10.0,0.5,64,42,85.3400,84.9158,93.4000,80.8500,85.1053,0.0000,85.0947,0.0000,+0.0105,1.0833,37.424,0.012,37.436,NVIDIA L4,4875190
cifar20,resnet18,14,10.0,1.0,256,42,85.3400,84.9158,93.4000,80.6700,84.9158,0.0000,85.0947,0.0000,-0.1789,1.9659,39.637,0.012,39.648,NVIDIA L4,4875190
cifar20,resnet18,14,10.0,1.0,512,42,85.3400,84.9158,93.4000,79.6600,83.8526,0.0000,85.0947,0.0000,-1.2421,2.8651,42.013,0.012,42.024,NVIDIA L4,4875190
cifar20,resnet18,14,10.0,1.0,64,42,85.3400,84.9158,93.4000,80.8200,85.0737,0.0000,85.0947,0.0000,-0.0211,1.0833,37.424,0.012,37.436,NVIDIA L4,4875190
cifar20,resnet18,14,12.0,0.1,256,42,85.3400,84.9158,93.4000,80.8600,85.1158,0.0000,85.0947,0.0000,+0.0211,1.3265,39.637,0.011,39.648,NVIDIA L4,4875190
cifar20,resnet18,14,12.0,0.1,512,42,85.3400,84.9158,93.4000,80.3400,84.5684,0.0000,85.0947,0.0000,-0.5263,1.9847,42.013,0.011,42.024,NVIDIA L4,4875190
cifar20,resnet18,14,12.0,0.1,64,42,85.3400,84.9158,93.4000,80.8000,85.0526,0.0000,85.0947,0.0000,-0.0421,0.6857,37.424,0.012,37.436,NVIDIA L4,4875190
cifar20,resnet18,14,12.0,0.5,256,42,85.3400,84.9158,93.4000,80.8500,85.1053,0.0000,85.0947,0.0000,+0.0105,1.3265,39.637,0.012,39.649,NVIDIA L4,4875190
cifar20,resnet18,14,12.0,0.5,512,42,85.3400,84.9158,93.4000,80.3700,84.6000,0.0000,85.0947,0.0000,-0.4947,1.9847,42.013,0.011,42.024,NVIDIA L4,4875190
cifar20,resnet18,14,12.0,0.5,64,42,85.3400,84.9158,93.4000,80.8200,85.0737,0.0000,85.0947,0.0000,-0.0211,0.6857,37.424,0.011,37.436,NVIDIA L4,4875190
cifar20,resnet18,14,12.0,1.0,256,42,85.3400,84.9158,93.4000,80.8800,85.1368,0.0000,85.0947,0.0000,+0.0421,1.3265,39.637,0.012,39.649,NVIDIA L4,4875190
cifar20,resnet18,14,12.0,1.0,512,42,85.3400,84.9158,93.4000,80.4200,84.6526,0.0000,85.0947,0.0000,-0.4421,1.9847,42.013,0.012,42.025,NVIDIA L4,4875190
cifar20,resnet18,14,12.0,1.0,64,42,85.3400,84.9158,93.4000,80.8300,85.0842,0.0000,85.0947,0.0000,-0.0105,0.6857,37.424,0.011,37.435,NVIDIA L4,4875190
cifar20,resnet18,14,15.0,0.1,256,42,85.3400,84.9158,93.4000,80.9400,85.2000,0.0000,85.0947,0.0000,+0.1053,0.6519,39.637,0.012,39.649,NVIDIA L4,4875190
cifar20,resnet18,14,15.0,0.1,512,42,85.3400,84.9158,93.4000,80.7300,84.9789,0.0000,85.0947,0.0000,-0.1158,1.0299,42.013,0.012,42.025,NVIDIA L4,4875190
cifar20,resnet18,14,15.0,0.1,64,42,85.3400,84.9158,93.4000,80.9100,85.1684,0.0000,85.0947,0.0000,+0.0737,0.2981,37.424,0.011,37.435,NVIDIA L4,4875190
cifar20,resnet18,14,15.0,0.5,256,42,85.3400,84.9158,93.4000,80.9600,85.2211,0.0000,85.0947,0.0000,+0.1263,0.6519,39.637,0.011,39.648,NVIDIA L4,4875190
cifar20,resnet18,14,15.0,0.5,512,42,85.3400,84.9158,93.4000,80.7600,85.0105,0.0000,85.0947,0.0000,-0.0842,1.0299,42.013,0.012,42.024,NVIDIA L4,4875190
cifar20,resnet18,14,15.0,0.5,64,42,85.3400,84.9158,93.4000,80.9100,85.1684,0.0000,85.0947,0.0000,+0.0737,0.2981,37.424,0.011,37.435,NVIDIA L4,4875190
cifar20,resnet18,14,15.0,1.0,256,42,85.3400,84.9158,93.4000,80.9500,85.2105,0.0000,85.0947,0.0000,+0.1158,0.6519,39.637,0.011,39.648,NVIDIA L4,4875190
cifar20,resnet18,14,15.0,1.0,512,42,85.3400,84.9158,93.4000,80.7800,85.0316,0.0000,85.0947,0.0000,-0.0632,1.0299,42.013,0.011,42.024,NVIDIA L4,4875190
cifar20,resnet18,14,15.0,1.0,64,42,85.3400,84.9158,93.4000,80.9100,85.1684,0.0000,85.0947,0.0000,+0.0737,0.2981,37.424,0.011,37.435,NVIDIA L4,4875190
cifar20,resnet18,14,2.0,0.1,256,42,85.3400,84.9158,93.4000,51.6900,54.4105,0.0000,85.0947,0.0000,-30.6842,13.5841,39.637,0.019,39.655,NVIDIA L4,4875190
cifar20,resnet18,14,2.0,0.1,512,42,85.3400,84.9158,93.4000,28.8100,30.3263,0.0000,85.0947,0.0000,-54.7684,17.7342,42.013,0.015,42.028,NVIDIA L4,4875190
cifar20,resnet18,14,2.0,0.1,64,42,85.3400,84.9158,93.4000,73.0400,76.8842,0.0000,85.0947,0.0000,-8.2105,9.6083,37.424,0.018,37.442,NVIDIA L4,4875190
cifar20,resnet18,14,2.0,0.5,256,42,85.3400,84.9158,93.4000,55.0400,57.9368,0.0000,85.0947,0.0000,-27.1579,13.5841,39.637,0.013,39.650,NVIDIA L4,4875190
cifar20,resnet18,14,2.0,0.5,512,42,85.3400,84.9158,93.4000,32.7400,34.4632,0.0000,85.0947,0.0000,-50.6316,17.7342,42.013,0.013,42.026,NVIDIA L4,4875190
cifar20,resnet18,14,2.0,0.5,64,42,85.3400,84.9158,93.4000,73.7300,77.6105,0.0000,85.0947,0.0000,-7.4842,9.6083,37.424,0.018,37.442,NVIDIA L4,4875190
cifar20,resnet18,14,2.0,1.0,256,42,85.3400,84.9158,93.4000,60.7700,63.9684,0.0000,85.0947,0.0000,-21.1263,13.5841,39.637,0.014,39.650,NVIDIA L4,4875190
cifar20,resnet18,14,2.0,1.0,512,42,85.3400,84.9158,93.4000,39.0300,41.0842,0.0000,85.0947,0.0000,-44.0105,17.7342,42.013,0.014,42.027,NVIDIA L4,4875190
cifar20,resnet18,14,2.0,1.0,64,42,85.3400,84.9158,93.4000,75.1800,79.1368,0.0000,85.0947,0.0000,-5.9579,9.6083,37.424,0.013,37.437,NVIDIA L4,4875190
cifar20,resnet18,14,20.0,0.1,256,42,85.3400,84.9158,93.4000,85.3500,84.9579,92.8000,85.0947,0.0000,-0.1368,0.0190,39.637,0.011,39.648,NVIDIA L4,4875190
cifar20,resnet18,14,20.0,0.1,512,42,85.3400,84.9158,93.4000,85.2600,84.8000,94.0000,85.0947,0.0000,-0.2947,0.0423,42.013,0.012,42.025,NVIDIA L4,4875190
cifar20,resnet18,14,20.0,0.1,64,42,85.3400,84.9158,93.4000,85.3600,84.9895,92.4000,85.0947,0.0000,-0.1053,0.0115,37.424,0.011,37.435,NVIDIA L4,4875190
cifar20,resnet18,14,20.0,0.5,256,42,85.3400,84.9158,93.4000,85.3500,84.9579,92.8000,85.0947,0.0000,-0.1368,0.0190,39.637,0.015,39.651,NVIDIA L4,4875190
cifar20,resnet18,14,20.0,0.5,512,42,85.3400,84.9158,93.4000,85.2600,84.8000,94.0000,85.0947,0.0000,-0.2947,0.0423,42.013,0.011,42.024,NVIDIA L4,4875190
cifar20,resnet18,14,20.0,0.5,64,42,85.3400,84.9158,93.4000,85.3500,84.9789,92.4000,85.0947,0.0000,-0.1158,0.0115,37.424,0.011,37.435,NVIDIA L4,4875190
cifar20,resnet18,14,20.0,1.0,256,42,85.3400,84.9158,93.4000,85.3300,84.9368,92.8000,85.0947,0.0000,-0.1579,0.0190,39.637,0.011,39.647,NVIDIA L4,4875190
cifar20,resnet18,14,20.0,1.0,512,42,85.3400,84.9158,93.4000,85.2600,84.8000,94.0000,85.0947,0.0000,-0.2947,0.0423,42.013,0.011,42.024,NVIDIA L4,4875190
cifar20,resnet18,14,20.0,1.0,64,42,85.3400,84.9158,93.4000,85.3500,84.9789,92.4000,85.0947,0.0000,-0.1158,0.0115,37.424,0.011,37.435,NVIDIA L4,4875190
cifar20,resnet18,14,30.0,0.1,256,42,85.3400,84.9158,93.4000,85.3300,84.9053,93.4000,85.0947,0.0000,-0.1895,0.0000,39.637,0.012,39.648,NVIDIA L4,4875190
cifar20,resnet18,14,30.0,0.1,512,42,85.3400,84.9158,93.4000,85.3400,84.9158,93.4000,85.0947,0.0000,-0.1789,0.0002,42.013,0.010,42.023,NVIDIA L4,4875190
cifar20,resnet18,14,30.0,0.1,64,42,85.3400,84.9158,93.4000,85.3600,84.9368,93.4000,85.0947,0.0000,-0.1579,0.0007,37.424,0.011,37.435,NVIDIA L4,4875190
cifar20,resnet18,14,30.0,0.5,256,42,85.3400,84.9158,93.4000,85.3300,84.9053,93.4000,85.0947,0.0000,-0.1895,0.0000,39.637,0.011,39.647,NVIDIA L4,4875190
cifar20,resnet18,14,30.0,0.5,512,42,85.3400,84.9158,93.4000,85.3400,84.9158,93.4000,85.0947,0.0000,-0.1789,0.0002,42.013,0.012,42.024,NVIDIA L4,4875190
cifar20,resnet18,14,30.0,0.5,64,42,85.3400,84.9158,93.4000,85.3600,84.9368,93.4000,85.0947,0.0000,-0.1579,0.0007,37.424,0.011,37.435,NVIDIA L4,4875190
cifar20,resnet18,14,30.0,1.0,256,42,85.3400,84.9158,93.4000,85.3300,84.9053,93.4000,85.0947,0.0000,-0.1895,0.0000,39.637,0.011,39.648,NVIDIA L4,4875190
cifar20,resnet18,14,30.0,1.0,512,42,85.3400,84.9158,93.4000,85.3400,84.9158,93.4000,85.0947,0.0000,-0.1789,0.0002,42.013,0.012,42.024,NVIDIA L4,4875190
cifar20,resnet18,14,30.0,1.0,64,42,85.3400,84.9158,93.4000,85.3600,84.9368,93.4000,85.0947,0.0000,-0.1579,0.0007,37.424,0.011,37.435,NVIDIA L4,4875190
cifar20,resnet18,14,4.0,0.1,256,42,85.3400,84.9158,93.4000,75.9400,79.9368,0.0000,85.0947,0.0000,-5.1579,6.9642,39.637,0.018,39.655,NVIDIA L4,4875190
cifar20,resnet18,14,4.0,0.1,512,42,85.3400,84.9158,93.4000,65.9000,69.3684,0.0000,85.0947,0.0000,-15.7263,9.4864,42.013,0.013,42.026,NVIDIA L4,4875190
cifar20,resnet18,14,4.0,0.1,64,42,85.3400,84.9158,93.4000,79.0000,83.1579,0.0000,85.0947,0.0000,-1.9368,4.5572,37.424,0.012,37.437,NVIDIA L4,4875190
cifar20,resnet18,14,4.0,0.5,256,42,85.3400,84.9158,93.4000,76.1400,80.1474,0.0000,85.0947,0.0000,-4.9474,6.9642,39.637,0.016,39.653,NVIDIA L4,4875190
cifar20,resnet18,14,4.0,0.5,512,42,85.3400,84.9158,93.4000,67.3200,70.8632,0.0000,85.0947,0.0000,-14.2316,9.4864,42.013,0.012,42.025,NVIDIA L4,4875190
cifar20,resnet18,14,4.0,0.5,64,42,85.3400,84.9158,93.4000,79.0700,83.2316,0.0000,85.0947,0.0000,-1.8632,4.5572,37.424,0.012,37.436,NVIDIA L4,4875190
cifar20,resnet18,14,4.0,1.0,256,42,85.3400,84.9158,93.4000,76.4200,80.4421,0.0000,85.0947,0.0000,-4.6526,6.9642,39.637,0.012,39.649,NVIDIA L4,4875190
cifar20,resnet18,14,4.0,1.0,512,42,85.3400,84.9158,93.4000,69.1100,72.7474,0.0000,85.0947,0.0000,-12.3474,9.4864,42.013,0.012,42.025,NVIDIA L4,4875190
cifar20,resnet18,14,4.0,1.0,64,42,85.3400,84.9158,93.4000,79.2200,83.3895,0.0000,85.0947,0.0000,-1.7053,4.5572,37.424,0.012,37.437,NVIDIA L4,4875190
cifar20,resnet18,14,50.0,0.1,256,42,85.3400,84.9158,93.4000,85.3400,84.9158,93.4000,85.0947,0.0000,-0.1789,0.0000,39.637,0.011,39.647,NVIDIA L4,4875190
cifar20,resnet18,14,50.0,0.1,512,42,85.3400,84.9158,93.4000,85.3400,84.9158,93.4000,85.0947,0.0000,-0.1789,0.0000,42.013,0.011,42.023,NVIDIA L4,4875190
cifar20,resnet18,14,50.0,0.1,64,42,85.3400,84.9158,93.4000,85.3400,84.9158,93.4000,85.0947,0.0000,-0.1789,0.0001,37.424,0.011,37.435,NVIDIA L4,4875190
cifar20,resnet18,14,50.0,0.5,256,42,85.3400,84.9158,93.4000,85.3400,84.9158,93.4000,85.0947,0.0000,-0.1789,0.0000,39.637,0.011,39.647,NVIDIA L4,4875190
cifar20,resnet18,14,50.0,0.5,512,42,85.3400,84.9158,93.4000,85.3400,84.9158,93.4000,85.0947,0.0000,-0.1789,0.0000,42.013,0.015,42.027,NVIDIA L4,4875190
cifar20,resnet18,14,50.0,0.5,64,42,85.3400,84.9158,93.4000,85.3400,84.9158,93.4000,85.0947,0.0000,-0.1789,0.0001,37.424,0.011,37.435,NVIDIA L4,4875190
cifar20,resnet18,14,50.0,1.0,256,42,85.3400,84.9158,93.4000,85.3400,84.9158,93.4000,85.0947,0.0000,-0.1789,0.0000,39.637,0.011,39.647,NVIDIA L4,4875190
cifar20,resnet18,14,50.0,1.0,512,42,85.3400,84.9158,93.4000,85.3400,84.9158,93.4000,85.0947,0.0000,-0.1789,0.0000,42.013,0.011,42.024,NVIDIA L4,4875190
cifar20,resnet18,14,50.0,1.0,64,42,85.3400,84.9158,93.4000,85.3400,84.9158,93.4000,85.0947,0.0000,-0.1789,0.0001,37.424,0.011,37.435,NVIDIA L4,4875190
cifar20,resnet18,14,6.0,0.1,256,42,85.3400,84.9158,93.4000,78.6700,82.8105,0.0000,85.0947,0.0000,-2.2842,4.3282,39.637,0.012,39.649,NVIDIA L4,4875190
cifar20,resnet18,14,6.0,0.1,512,42,85.3400,84.9158,93.4000,77.1700,81.2316,0.0000,85.0947,0.0000,-3.8632,6.0506,42.013,0.013,42.026,NVIDIA L4,4875190
cifar20,resnet18,14,6.0,0.1,64,42,85.3400,84.9158,93.4000,80.0400,84.2526,0.0000,85.0947,0.0000,-0.8421,2.6683,37.424,0.012,37.437,NVIDIA L4,4875190
cifar20,resnet18,14,6.0,0.5,256,42,85.3400,84.9158,93.4000,78.7600,82.9053,0.0000,85.0947,0.0000,-2.1895,4.3282,39.637,0.012,39.649,NVIDIA L4,4875190
cifar20,resnet18,14,6.0,0.5,512,42,85.3400,84.9158,93.4000,77.2900,81.3579,0.0000,85.0947,0.0000,-3.7368,6.0506,42.013,0.015,42.027,NVIDIA L4,4875190
cifar20,resnet18,14,6.0,0.5,64,42,85.3400,84.9158,93.4000,80.0800,84.2947,0.0000,85.0947,0.0000,-0.8000,2.6683,37.424,0.012,37.437,NVIDIA L4,4875190
cifar20,resnet18,14,6.0,1.0,256,42,85.3400,84.9158,93.4000,78.8900,83.0421,0.0000,85.0947,0.0000,-2.0526,4.3282,39.637,0.014,39.651,NVIDIA L4,4875190
cifar20,resnet18,14,6.0,1.0,512,42,85.3400,84.9158,93.4000,77.3700,81.4421,0.0000,85.0947,0.0000,-3.6526,6.0506,42.013,0.012,42.025,NVIDIA L4,4875190
cifar20,resnet18,14,6.0,1.0,64,42,85.3400,84.9158,93.4000,80.1200,84.3368,0.0000,85.0947,0.0000,-0.7579,2.6683,37.424,0.012,37.436,NVIDIA L4,4875190
cifar20,resnet18,14,8.0,0.1,256,42,85.3400,84.9158,93.4000,79.7600,83.9579,0.0000,85.0947,0.0000,-1.1368,2.8870,39.637,0.012,39.649,NVIDIA L4,4875190
cifar20,resnet18,14,8.0,0.1,512,42,85.3400,84.9158,93.4000,78.6400,82.7789,0.0000,85.0947,0.0000,-2.3158,4.1173,42.013,0.012,42.025,NVIDIA L4,4875190
cifar20,resnet18,14,8.0,0.1,64,42,85.3400,84.9158,93.4000,80.5100,84.7474,0.0000,85.0947,0.0000,-0.3474,1.6832,37.424,0.012,37.436,NVIDIA L4,4875190
cifar20,resnet18,14,8.0,0.5,256,42,85.3400,84.9158,93.4000,79.8000,84.0000,0.0000,85.0947,0.0000,-1.0947,2.8870,39.637,0.012,39.649,NVIDIA L4,4875190
cifar20,resnet18,14,8.0,0.5,512,42,85.3400,84.9158,93.4000,78.6600,82.8000,0.0000,85.0947,0.0000,-2.2947,4.1173,42.013,0.014,42.027,NVIDIA L4,4875190
cifar20,resnet18,14,8.0,0.5,64,42,85.3400,84.9158,93.4000,80.5400,84.7789,0.0000,85.0947,0.0000,-0.3158,1.6832,37.424,0.013,37.437,NVIDIA L4,4875190
cifar20,resnet18,14,8.0,1.0,256,42,85.3400,84.9158,93.4000,79.8000,84.0000,0.0000,85.0947,0.0000,-1.0947,2.8870,39.637,0.016,39.653,NVIDIA L4,4875190
cifar20,resnet18,14,8.0,1.0,512,42,85.3400,84.9158,93.4000,78.7400,82.8842,0.0000,85.0947,0.0000,-2.2105,4.1173,42.013,0.012,42.024,NVIDIA L4,4875190
cifar20,resnet18,14,8.0,1.0,64,42,85.3400,84.9158,93.4000,80.5600,84.8000,0.0000,85.0947,0.0000,-0.2947,1.6832,37.424,0.012,37.436,NVIDIA L4,4875190
cifar20,resnet18,19,10.0,0.1,256,42,85.3400,85.2632,86.8000,81.3300,85.6105,0.0000,86.0421,0.0000,-0.4316,1.5406,41.046,0.011,41.058,NVIDIA L4,4875190
cifar20,resnet18,19,10.0,0.1,512,42,85.3400,85.2632,86.8000,81.3100,85.5895,0.0000,86.0421,0.0000,-0.4526,2.3556,43.746,0.016,43.762,NVIDIA L4,4875190
cifar20,resnet18,19,10.0,0.1,64,42,85.3400,85.2632,86.8000,81.4500,85.7368,0.0000,86.0421,0.0000,-0.3053,0.8026,38.572,0.011,38.583,NVIDIA L4,4875190
cifar20,resnet18,19,10.0,0.5,256,42,85.3400,85.2632,86.8000,81.3700,85.6526,0.0000,86.0421,0.0000,-0.3895,1.5406,41.046,0.011,41.058,NVIDIA L4,4875190
cifar20,resnet18,19,10.0,0.5,512,42,85.3400,85.2632,86.8000,81.2700,85.5474,0.0000,86.0421,0.0000,-0.4947,2.3556,43.746,0.012,43.757,NVIDIA L4,4875190
cifar20,resnet18,19,10.0,0.5,64,42,85.3400,85.2632,86.8000,81.4100,85.6947,0.0000,86.0421,0.0000,-0.3474,0.8026,38.572,0.011,38.583,NVIDIA L4,4875190
cifar20,resnet18,19,10.0,1.0,256,42,85.3400,85.2632,86.8000,81.3500,85.6316,0.0000,86.0421,0.0000,-0.4105,1.5406,41.046,0.017,41.063,NVIDIA L4,4875190
cifar20,resnet18,19,10.0,1.0,512,42,85.3400,85.2632,86.8000,81.2600,85.5368,0.0000,86.0421,0.0000,-0.5053,2.3556,43.746,0.011,43.757,NVIDIA L4,4875190
cifar20,resnet18,19,10.0,1.0,64,42,85.3400,85.2632,86.8000,81.4300,85.7158,0.0000,86.0421,0.0000,-0.3263,0.8026,38.572,0.012,38.584,NVIDIA L4,4875190
cifar20,resnet18,19,12.0,0.1,256,42,85.3400,85.2632,86.8000,81.4300,85.7158,0.0000,86.0421,0.0000,-0.3263,0.9779,41.046,0.016,41.063,NVIDIA L4,4875190
cifar20,resnet18,19,12.0,0.1,512,42,85.3400,85.2632,86.8000,81.4600,85.7474,0.0000,86.0421,0.0000,-0.2947,1.5535,43.746,0.011,43.757,NVIDIA L4,4875190
cifar20,resnet18,19,12.0,0.1,64,42,85.3400,85.2632,86.8000,81.4400,85.7263,0.0000,86.0421,0.0000,-0.3158,0.4739,38.572,0.011,38.583,NVIDIA L4,4875190
cifar20,resnet18,19,12.0,0.5,256,42,85.3400,85.2632,86.8000,81.4500,85.7368,0.0000,86.0421,0.0000,-0.3053,0.9779,41.046,0.016,41.063,NVIDIA L4,4875190
cifar20,resnet18,19,12.0,0.5,512,42,85.3400,85.2632,86.8000,81.4600,85.7474,0.0000,86.0421,0.0000,-0.2947,1.5535,43.746,0.012,43.757,NVIDIA L4,4875190
cifar20,resnet18,19,12.0,0.5,64,42,85.3400,85.2632,86.8000,81.4400,85.7263,0.0000,86.0421,0.0000,-0.3158,0.4739,38.572,0.011,38.583,NVIDIA L4,4875190
cifar20,resnet18,19,12.0,1.0,256,42,85.3400,85.2632,86.8000,81.4400,85.7263,0.0000,86.0421,0.0000,-0.3158,0.9779,41.046,0.012,41.059,NVIDIA L4,4875190
cifar20,resnet18,19,12.0,1.0,512,42,85.3400,85.2632,86.8000,81.4700,85.7579,0.0000,86.0421,0.0000,-0.2842,1.5535,43.746,0.011,43.757,NVIDIA L4,4875190
cifar20,resnet18,19,12.0,1.0,64,42,85.3400,85.2632,86.8000,81.4500,85.7368,0.0000,86.0421,0.0000,-0.3053,0.4739,38.572,0.011,38.583,NVIDIA L4,4875190
cifar20,resnet18,19,15.0,0.1,256,42,85.3400,85.2632,86.8000,81.4300,85.7158,0.0000,86.0421,0.0000,-0.3263,0.3982,41.046,0.011,41.057,NVIDIA L4,4875190
cifar20,resnet18,19,15.0,0.1,512,42,85.3400,85.2632,86.8000,81.4300,85.7158,0.0000,86.0421,0.0000,-0.3263,0.7100,43.746,0.011,43.757,NVIDIA L4,4875190
cifar20,resnet18,19,15.0,0.1,64,42,85.3400,85.2632,86.8000,81.4100,85.6947,0.0000,86.0421,0.0000,-0.3474,0.1673,38.572,0.015,38.587,NVIDIA L4,4875190
cifar20,resnet18,19,15.0,0.5,256,42,85.3400,85.2632,86.8000,81.4200,85.7053,0.0000,86.0421,0.0000,-0.3368,0.3982,41.046,0.012,41.058,NVIDIA L4,4875190
cifar20,resnet18,19,15.0,0.5,512,42,85.3400,85.2632,86.8000,81.4200,85.7053,0.0000,86.0421,0.0000,-0.3368,0.7100,43.746,0.011,43.757,NVIDIA L4,4875190
cifar20,resnet18,19,15.0,0.5,64,42,85.3400,85.2632,86.8000,81.4100,85.6947,0.0000,86.0421,0.0000,-0.3474,0.1673,38.572,0.011,38.583,NVIDIA L4,4875190
cifar20,resnet18,19,15.0,1.0,256,42,85.3400,85.2632,86.8000,81.4200,85.7053,0.0000,86.0421,0.0000,-0.3368,0.3982,41.046,0.011,41.058,NVIDIA L4,4875190
cifar20,resnet18,19,15.0,1.0,512,42,85.3400,85.2632,86.8000,81.4100,85.6947,0.0000,86.0421,0.0000,-0.3474,0.7100,43.746,0.011,43.757,NVIDIA L4,4875190
cifar20,resnet18,19,15.0,1.0,64,42,85.3400,85.2632,86.8000,81.4200,85.7053,0.0000,86.0421,0.0000,-0.3368,0.1673,38.572,0.011,38.583,NVIDIA L4,4875190
cifar20,resnet18,19,2.0,0.1,256,42,85.3400,85.2632,86.8000,65.9800,69.4526,0.0000,86.0421,0.0000,-16.5895,12.1965,41.046,0.019,41.065,NVIDIA L4,4875190
cifar20,resnet18,19,2.0,0.1,512,42,85.3400,85.2632,86.8000,44.9800,47.3474,0.0000,86.0421,0.0000,-38.6947,15.9597,43.746,0.015,43.761,NVIDIA L4,4875190
cifar20,resnet18,19,2.0,0.1,64,42,85.3400,85.2632,86.8000,77.9600,82.0632,0.0000,86.0421,0.0000,-3.9789,8.0969,38.572,0.018,38.590,NVIDIA L4,4875190
cifar20,resnet18,19,2.0,0.5,256,42,85.3400,85.2632,86.8000,68.1300,71.7158,0.0000,86.0421,0.0000,-14.3263,12.1965,41.046,0.014,41.061,NVIDIA L4,4875190
cifar20,resnet18,19,2.0,0.5,512,42,85.3400,85.2632,86.8000,49.7600,52.3789,0.0000,86.0421,0.0000,-33.6632,15.9597,43.746,0.013,43.759,NVIDIA L4,4875190
cifar20,resnet18,19,2.0,0.5,64,42,85.3400,85.2632,86.8000,78.5900,82.7263,0.0000,86.0421,0.0000,-3.3158,8.0969,38.572,0.018,38.590,NVIDIA L4,4875190
cifar20,resnet18,19,2.0,1.0,256,42,85.3400,85.2632,86.8000,71.1300,74.8737,0.0000,86.0421,0.0000,-11.1684,12.1965,41.046,0.013,41.059,NVIDIA L4,4875190
cifar20,resnet18,19,2.0,1.0,512,42,85.3400,85.2632,86.8000,55.9000,58.8421,0.0000,86.0421,0.0000,-27.2000,15.9597,43.746,0.015,43.760,NVIDIA L4,4875190
cifar20,resnet18,19,2.0,1.0,64,42,85.3400,85.2632,86.8000,79.2300,83.4000,0.0000,86.0421,0.0000,-2.6421,8.0969,38.572,0.012,38.584,NVIDIA L4,4875190
cifar20,resnet18,19,20.0,0.1,256,42,85.3400,85.2632,86.8000,85.4000,85.3684,86.0000,86.0421,0.0000,-0.6737,0.0163,41.046,0.011,41.057,NVIDIA L4,4875190
cifar20,resnet18,19,20.0,0.1,512,42,85.3400,85.2632,86.8000,85.3400,85.2632,86.8000,86.0421,0.0000,-0.7789,0.0046,43.746,0.011,43.756,NVIDIA L4,4875190
cifar20,resnet18,19,20.0,0.1,64,42,85.3400,85.2632,86.8000,85.3200,85.2421,86.8000,86.0421,0.0000,-0.8000,0.0014,38.572,0.011,38.583,NVIDIA L4,4875190
cifar20,resnet18,19,20.0,0.5,256,42,85.3400,85.2632,86.8000,85.4000,85.3684,86.0000,86.0421,0.0000,-0.6737,0.0163,41.046,0.011,41.057,NVIDIA L4,4875190
cifar20,resnet18,19,20.0,0.5,512,42,85.3400,85.2632,86.8000,85.3400,85.2632,86.8000,86.0421,0.0000,-0.7789,0.0046,43.746,0.011,43.757,NVIDIA L4,4875190
cifar20,resnet18,19,20.0,0.5,64,42,85.3400,85.2632,86.8000,85.3200,85.2421,86.8000,86.0421,0.0000,-0.8000,0.0014,38.572,0.011,38.583,NVIDIA L4,4875190
cifar20,resnet18,19,20.0,1.0,256,42,85.3400,85.2632,86.8000,85.4000,85.3684,86.0000,86.0421,0.0000,-0.6737,0.0163,41.046,0.011,41.057,NVIDIA L4,4875190
cifar20,resnet18,19,20.0,1.0,512,42,85.3400,85.2632,86.8000,85.3400,85.2632,86.8000,86.0421,0.0000,-0.7789,0.0046,43.746,0.011,43.757,NVIDIA L4,4875190
cifar20,resnet18,19,20.0,1.0,64,42,85.3400,85.2632,86.8000,85.3300,85.2526,86.8000,86.0421,0.0000,-0.7895,0.0014,38.572,0.012,38.584,NVIDIA L4,4875190
cifar20,resnet18,19,30.0,0.1,256,42,85.3400,85.2632,86.8000,85.3400,85.2632,86.8000,86.0421,0.0000,-0.7789,0.0001,41.046,0.011,41.057,NVIDIA L4,4875190
cifar20,resnet18,19,30.0,0.1,512,42,85.3400,85.2632,86.8000,85.3400,85.2632,86.8000,86.0421,0.0000,-0.7789,0.0000,43.746,0.010,43.756,NVIDIA L4,4875190
cifar20,resnet18,19,30.0,0.1,64,42,85.3400,85.2632,86.8000,85.3400,85.2632,86.8000,86.0421,0.0000,-0.7789,0.0000,38.572,0.014,38.586,NVIDIA L4,4875190
cifar20,resnet18,19,30.0,0.5,256,42,85.3400,85.2632,86.8000,85.3400,85.2632,86.8000,86.0421,0.0000,-0.7789,0.0001,41.046,0.011,41.057,NVIDIA L4,4875190
cifar20,resnet18,19,30.0,0.5,512,42,85.3400,85.2632,86.8000,85.3400,85.2632,86.8000,86.0421,0.0000,-0.7789,0.0000,43.746,0.011,43.757,NVIDIA L4,4875190
cifar20,resnet18,19,30.0,0.5,64,42,85.3400,85.2632,86.8000,85.3400,85.2632,86.8000,86.0421,0.0000,-0.7789,0.0000,38.572,0.011,38.583,NVIDIA L4,4875190
cifar20,resnet18,19,30.0,1.0,256,42,85.3400,85.2632,86.8000,85.3400,85.2632,86.8000,86.0421,0.0000,-0.7789,0.0001,41.046,0.011,41.057,NVIDIA L4,4875190
cifar20,resnet18,19,30.0,1.0,512,42,85.3400,85.2632,86.8000,85.3400,85.2632,86.8000,86.0421,0.0000,-0.7789,0.0000,43.746,0.011,43.756,NVIDIA L4,4875190
cifar20,resnet18,19,30.0,1.0,64,42,85.3400,85.2632,86.8000,85.3400,85.2632,86.8000,86.0421,0.0000,-0.7789,0.0000,38.572,0.010,38.582,NVIDIA L4,4875190
cifar20,resnet18,19,4.0,0.1,256,42,85.3400,85.2632,86.8000,78.5400,82.6737,0.0000,86.0421,0.0000,-3.3684,6.0479,41.046,0.013,41.060,NVIDIA L4,4875190
cifar20,resnet18,19,4.0,0.1,512,42,85.3400,85.2632,86.8000,74.7400,78.6737,0.0000,86.0421,0.0000,-7.3684,8.3213,43.746,0.013,43.758,NVIDIA L4,4875190
cifar20,resnet18,19,4.0,0.1,64,42,85.3400,85.2632,86.8000,81.0700,85.3368,0.0000,86.0421,0.0000,-0.7053,3.7255,38.572,0.012,38.584,NVIDIA L4,4875190
cifar20,resnet18,19,4.0,0.5,256,42,85.3400,85.2632,86.8000,78.9000,83.0526,0.0000,86.0421,0.0000,-2.9895,6.0479,41.046,0.012,41.059,NVIDIA L4,4875190
cifar20,resnet18,19,4.0,0.5,512,42,85.3400,85.2632,86.8000,75.2500,79.2105,0.0000,86.0421,0.0000,-6.8316,8.3213,43.746,0.012,43.758,NVIDIA L4,4875190
cifar20,resnet18,19,4.0,0.5,64,42,85.3400,85.2632,86.8000,81.0700,85.3368,0.0000,86.0421,0.0000,-0.7053,3.7255,38.572,0.013,38.585,NVIDIA L4,4875190
cifar20,resnet18,19,4.0,1.0,256,42,85.3400,85.2632,86.8000,79.3100,83.4842,0.0000,86.0421,0.0000,-2.5579,6.0479,41.046,0.013,41.059,NVIDIA L4,4875190
cifar20,resnet18,19,4.0,1.0,512,42,85.3400,85.2632,86.8000,76.0000,80.0000,0.0000,86.0421,0.0000,-6.0421,8.3213,43.746,0.012,43.758,NVIDIA L4,4875190
cifar20,resnet18,19,4.0,1.0,64,42,85.3400,85.2632,86.8000,81.1100,85.3789,0.0000,86.0421,0.0000,-0.6632,3.7255,38.572,0.012,38.584,NVIDIA L4,4875190
cifar20,resnet18,19,50.0,0.1,256,42,85.3400,85.2632,86.8000,85.3400,85.2632,86.8000,86.0421,0.0000,-0.7789,0.0000,41.046,0.011,41.057,NVIDIA L4,4875190
cifar20,resnet18,19,50.0,0.1,512,42,85.3400,85.2632,86.8000,85.3400,85.2632,86.8000,86.0421,0.0000,-0.7789,0.0000,43.746,0.011,43.757,NVIDIA L4,4875190
cifar20,resnet18,19,50.0,0.1,64,42,85.3400,85.2632,86.8000,85.3400,85.2632,86.8000,86.0421,0.0000,-0.7789,0.0000,38.572,0.011,38.583,NVIDIA L4,4875190
cifar20,resnet18,19,50.0,0.5,256,42,85.3400,85.2632,86.8000,85.3400,85.2632,86.8000,86.0421,0.0000,-0.7789,0.0000,41.046,0.012,41.058,NVIDIA L4,4875190
cifar20,resnet18,19,50.0,0.5,512,42,85.3400,85.2632,86.8000,85.3400,85.2632,86.8000,86.0421,0.0000,-0.7789,0.0000,43.746,0.011,43.757,NVIDIA L4,4875190
cifar20,resnet18,19,50.0,0.5,64,42,85.3400,85.2632,86.8000,85.3400,85.2632,86.8000,86.0421,0.0000,-0.7789,0.0000,38.572,0.011,38.583,NVIDIA L4,4875190
cifar20,resnet18,19,50.0,1.0,256,42,85.3400,85.2632,86.8000,85.3400,85.2632,86.8000,86.0421,0.0000,-0.7789,0.0000,41.046,0.011,41.057,NVIDIA L4,4875190
cifar20,resnet18,19,50.0,1.0,512,42,85.3400,85.2632,86.8000,85.3400,85.2632,86.8000,86.0421,0.0000,-0.7789,0.0000,43.746,0.010,43.756,NVIDIA L4,4875190
cifar20,resnet18,19,50.0,1.0,64,42,85.3400,85.2632,86.8000,85.3400,85.2632,86.8000,86.0421,0.0000,-0.7789,0.0000,38.572,0.015,38.587,NVIDIA L4,4875190
cifar20,resnet18,19,6.0,0.1,256,42,85.3400,85.2632,86.8000,80.9000,85.1579,0.0000,86.0421,0.0000,-0.8842,3.6628,41.046,0.012,41.058,NVIDIA L4,4875190
cifar20,resnet18,19,6.0,0.1,512,42,85.3400,85.2632,86.8000,79.0500,83.2105,0.0000,86.0421,0.0000,-2.8316,5.2177,43.746,0.012,43.758,NVIDIA L4,4875190
cifar20,resnet18,19,6.0,0.1,64,42,85.3400,85.2632,86.8000,81.2000,85.4737,0.0000,86.0421,0.0000,-0.5684,2.1274,38.572,0.012,38.584,NVIDIA L4,4875190
cifar20,resnet18,19,6.0,0.5,256,42,85.3400,85.2632,86.8000,80.9700,85.2316,0.0000,86.0421,0.0000,-0.8105,3.6628,41.046,0.012,41.058,NVIDIA L4,4875190
cifar20,resnet18,19,6.0,0.5,512,42,85.3400,85.2632,86.8000,79.3200,83.4947,0.0000,86.0421,0.0000,-2.5474,5.2177,43.746,0.012,43.758,NVIDIA L4,4875190
cifar20,resnet18,19,6.0,0.5,64,42,85.3400,85.2632,86.8000,81.2600,85.5368,0.0000,86.0421,0.0000,-0.5053,2.1274,38.572,0.012,38.584,NVIDIA L4,4875190
cifar20,resnet18,19,6.0,1.0,256,42,85.3400,85.2632,86.8000,80.9900,85.2526,0.0000,86.0421,0.0000,-0.7895,3.6628,41.046,0.012,41.058,NVIDIA L4,4875190
cifar20,resnet18,19,6.0,1.0,512,42,85.3400,85.2632,86.8000,79.5000,83.6842,0.0000,86.0421,0.0000,-2.3579,5.2177,43.746,0.013,43.759,NVIDIA L4,4875190
cifar20,resnet18,19,6.0,1.0,64,42,85.3400,85.2632,86.8000,81.3300,85.6105,0.0000,86.0421,0.0000,-0.4316,2.1274,38.572,0.012,38.584,NVIDIA L4,4875190
cifar20,resnet18,19,8.0,0.1,256,42,85.3400,85.2632,86.8000,81.2200,85.4947,0.0000,86.0421,0.0000,-0.5474,2.3649,41.046,0.011,41.058,NVIDIA L4,4875190
cifar20,resnet18,19,8.0,0.1,512,42,85.3400,85.2632,86.8000,80.5100,84.7474,0.0000,86.0421,0.0000,-1.2947,3.4824,43.746,0.012,43.757,NVIDIA L4,4875190
cifar20,resnet18,19,8.0,0.1,64,42,85.3400,85.2632,86.8000,81.3800,85.6632,0.0000,86.0421,0.0000,-0.3789,1.3047,38.572,0.011,38.583,NVIDIA L4,4875190
cifar20,resnet18,19,8.0,0.5,256,42,85.3400,85.2632,86.8000,81.2100,85.4842,0.0000,86.0421,0.0000,-0.5579,2.3649,41.046,0.013,41.059,NVIDIA L4,4875190
cifar20,resnet18,19,8.0,0.5,512,42,85.3400,85.2632,86.8000,80.6600,84.9053,0.0000,86.0421,0.0000,-1.1368,3.4824,43.746,0.011,43.757,NVIDIA L4,4875190
cifar20,resnet18,19,8.0,0.5,64,42,85.3400,85.2632,86.8000,81.3900,85.6737,0.0000,86.0421,0.0000,-0.3684,1.3047,38.572,0.012,38.584,NVIDIA L4,4875190
cifar20,resnet18,19,8.0,1.0,256,42,85.3400,85.2632,86.8000,81.2600,85.5368,0.0000,86.0421,0.0000,-0.5053,2.3649,41.046,0.011,41.058,NVIDIA L4,4875190
cifar20,resnet18,19,8.0,1.0,512,42,85.3400,85.2632,86.8000,80.6300,84.8737,0.0000,86.0421,0.0000,-1.1684,3.4824,43.746,0.012,43.758,NVIDIA L4,4875190
cifar20,resnet18,19,8.0,1.0,64,42,85.3400,85.2632,86.8000,81.4000,85.6842,0.0000,86.0421,0.0000,-0.3579,1.3047,38.572,0.012,38.584,NVIDIA L4,4875190
cifar20,resnet18,3,10.0,0.1,256,42,85.3400,85.3263,85.6000,80.6200,84.8632,0.0000,85.9053,0.0000,-1.0421,1.8715,42.036,0.012,42.049,NVIDIA L4,4875190
cifar20,resnet18,3,10.0,0.1,512,42,85.3400,85.3263,85.6000,79.6700,83.8632,0.0000,85.9053,0.0000,-2.0421,2.8050,39.364,0.017,39.381,NVIDIA L4,4875190
cifar20,resnet18,3,10.0,0.1,64,42,85.3400,85.3263,85.6000,81.2600,85.5368,0.0000,85.9053,0.0000,-0.3684,0.7759,34.876,0.012,34.887,NVIDIA L4,4875190
cifar20,resnet18,3,10.0,0.5,256,42,85.3400,85.3263,85.6000,80.6600,84.9053,0.0000,85.9053,0.0000,-1.0000,1.8715,42.036,0.012,42.048,NVIDIA L4,4875190
cifar20,resnet18,3,10.0,0.5,512,42,85.3400,85.3263,85.6000,79.7000,83.8947,0.0000,85.9053,0.0000,-2.0105,2.8050,39.364,0.012,39.376,NVIDIA L4,4875190
cifar20,resnet18,3,10.0,0.5,64,42,85.3400,85.3263,85.6000,81.2600,85.5368,0.0000,85.9053,0.0000,-0.3684,0.7759,34.876,0.011,34.887,NVIDIA L4,4875190
cifar20,resnet18,3,10.0,1.0,256,42,85.3400,85.3263,85.6000,80.6800,84.9263,0.0000,85.9053,0.0000,-0.9789,1.8715,42.036,0.012,42.048,NVIDIA L4,4875190
cifar20,resnet18,3,10.0,1.0,512,42,85.3400,85.3263,85.6000,79.7400,83.9368,0.0000,85.9053,0.0000,-1.9684,2.8050,39.364,0.014,39.378,NVIDIA L4,4875190
cifar20,resnet18,3,10.0,1.0,64,42,85.3400,85.3263,85.6000,81.2400,85.5158,0.0000,85.9053,0.0000,-0.3895,0.7759,34.876,0.012,34.887,NVIDIA L4,4875190
cifar20,resnet18,3,12.0,0.1,256,42,85.3400,85.3263,85.6000,80.9100,85.1684,0.0000,85.9053,0.0000,-0.7368,1.2132,42.036,0.013,42.049,NVIDIA L4,4875190
cifar20,resnet18,3,12.0,0.1,512,42,85.3400,85.3263,85.6000,80.5900,84.8316,0.0000,85.9053,0.0000,-1.0737,1.8153,39.364,0.011,39.376,NVIDIA L4,4875190
cifar20,resnet18,3,12.0,0.1,64,42,85.3400,85.3263,85.6000,81.1700,85.4421,0.0000,85.9053,0.0000,-0.4632,0.4492,34.876,0.011,34.887,NVIDIA L4,4875190
cifar20,resnet18,3,12.0,0.5,256,42,85.3400,85.3263,85.6000,80.9300,85.1895,0.0000,85.9053,0.0000,-0.7158,1.2132,42.036,0.012,42.048,NVIDIA L4,4875190
cifar20,resnet18,3,12.0,0.5,512,42,85.3400,85.3263,85.6000,80.6400,84.8842,0.0000,85.9053,0.0000,-1.0211,1.8153,39.364,0.012,39.376,NVIDIA L4,4875190
cifar20,resnet18,3,12.0,0.5,64,42,85.3400,85.3263,85.6000,81.1800,85.4526,0.0000,85.9053,0.0000,-0.4526,0.4492,34.876,0.011,34.887,NVIDIA L4,4875190
cifar20,resnet18,3,12.0,1.0,256,42,85.3400,85.3263,85.6000,80.9500,85.2105,0.0000,85.9053,0.0000,-0.6947,1.2132,42.036,0.012,42.048,NVIDIA L4,4875190
cifar20,resnet18,3,12.0,1.0,512,42,85.3400,85.3263,85.6000,80.7900,85.0421,0.0000,85.9053,0.0000,-0.8632,1.8153,39.364,0.013,39.378,NVIDIA L4,4875190
cifar20,resnet18,3,12.0,1.0,64,42,85.3400,85.3263,85.6000,81.1900,85.4632,0.0000,85.9053,0.0000,-0.4421,0.4492,34.876,0.012,34.887,NVIDIA L4,4875190
cifar20,resnet18,3,15.0,0.1,256,42,85.3400,85.3263,85.6000,81.2500,85.5263,0.0000,85.9053,0.0000,-0.3789,0.5542,42.036,0.012,42.048,NVIDIA L4,4875190
cifar20,resnet18,3,15.0,0.1,512,42,85.3400,85.3263,85.6000,81.1800,85.4526,0.0000,85.9053,0.0000,-0.4526,0.8131,39.364,0.012,39.376,NVIDIA L4,4875190
cifar20,resnet18,3,15.0,0.1,64,42,85.3400,85.3263,85.6000,81.3200,85.6000,0.0000,85.9053,0.0000,-0.3053,0.1604,34.876,0.011,34.887,NVIDIA L4,4875190
cifar20,resnet18,3,15.0,0.5,256,42,85.3400,85.3263,85.6000,81.2300,85.5053,0.0000,85.9053,0.0000,-0.4000,0.5542,42.036,0.013,42.049,NVIDIA L4,4875190
cifar20,resnet18,3,15.0,0.5,512,42,85.3400,85.3263,85.6000,81.1800,85.4526,0.0000,85.9053,0.0000,-0.4526,0.8131,39.364,0.011,39.376,NVIDIA L4,4875190
cifar20,resnet18,3,15.0,0.5,64,42,85.3400,85.3263,85.6000,81.3300,85.6000,0.2000,85.9053,0.0000,-0.3053,0.1604,34.876,0.012,34.887,NVIDIA L4,4875190
cifar20,resnet18,3,15.0,1.0,256,42,85.3400,85.3263,85.6000,81.2200,85.4947,0.0000,85.9053,0.0000,-0.4105,0.5542,42.036,0.012,42.048,NVIDIA L4,4875190
cifar20,resnet18,3,15.0,1.0,512,42,85.3400,85.3263,85.6000,81.2000,85.4737,0.0000,85.9053,0.0000,-0.4316,0.8131,39.364,0.011,39.375,NVIDIA L4,4875190
cifar20,resnet18,3,15.0,1.0,64,42,85.3400,85.3263,85.6000,81.3400,85.5895,0.6000,85.9053,0.0000,-0.3158,0.1604,34.876,0.011,34.887,NVIDIA L4,4875190
cifar20,resnet18,3,2.0,0.1,256,42,85.3400,85.3263,85.6000,51.0700,53.7579,0.0000,85.9053,0.0000,-32.1474,14.3263,42.036,0.019,42.055,NVIDIA L4,4875190
cifar20,resnet18,3,2.0,0.1,512,42,85.3400,85.3263,85.6000,20.4300,21.5053,0.0000,85.9053,0.0000,-64.4000,18.6183,39.364,0.019,39.384,NVIDIA L4,4875190
cifar20,resnet18,3,2.0,0.1,64,42,85.3400,85.3263,85.6000,70.2600,73.9579,0.0000,85.9053,0.0000,-11.9474,8.8536,34.876,0.018,34.894,NVIDIA L4,4875190
cifar20,resnet18,3,2.0,0.5,256,42,85.3400,85.3263,85.6000,54.2400,57.0947,0.0000,85.9053,0.0000,-28.8105,14.3263,42.036,0.014,42.050,NVIDIA L4,4875190
cifar20,resnet18,3,2.0,0.5,512,42,85.3400,85.3263,85.6000,25.7100,27.0632,0.0000,85.9053,0.0000,-58.8421,18.6183,39.364,0.013,39.377,NVIDIA L4,4875190
cifar20,resnet18,3,2.0,0.5,64,42,85.3400,85.3263,85.6000,71.9400,75.7263,0.0000,85.9053,0.0000,-10.1789,8.8536,34.876,0.013,34.889,NVIDIA L4,4875190
cifar20,resnet18,3,2.0,1.0,256,42,85.3400,85.3263,85.6000,58.7700,61.8632,0.0000,85.9053,0.0000,-24.0421,14.3263,42.036,0.016,42.053,NVIDIA L4,4875190
cifar20,resnet18,3,2.0,1.0,512,42,85.3400,85.3263,85.6000,34.3200,36.1263,0.0000,85.9053,0.0000,-49.7789,18.6183,39.364,0.013,39.377,NVIDIA L4,4875190
cifar20,resnet18,3,2.0,1.0,64,42,85.3400,85.3263,85.6000,74.1400,78.0421,0.0000,85.9053,0.0000,-7.8632,8.8536,34.876,0.012,34.888,NVIDIA L4,4875190
cifar20,resnet18,3,20.0,0.1,256,42,85.3400,85.3263,85.6000,85.2700,85.3579,83.6000,85.9053,0.0000,-0.5474,0.0638,42.036,0.011,42.048,NVIDIA L4,4875190
cifar20,resnet18,3,20.0,0.1,512,42,85.3400,85.3263,85.6000,85.3600,85.3368,85.8000,85.9053,0.0000,-0.5684,0.0058,39.364,0.011,39.375,NVIDIA L4,4875190
cifar20,resnet18,3,20.0,0.1,64,42,85.3400,85.3263,85.6000,85.3200,85.3053,85.6000,85.9053,0.0000,-0.6000,0.0104,34.876,0.011,34.887,NVIDIA L4,4875190
cifar20,resnet18,3,20.0,0.5,256,42,85.3400,85.3263,85.6000,85.2700,85.3579,83.6000,85.9053,0.0000,-0.5474,0.0638,42.036,0.011,42.047,NVIDIA L4,4875190
cifar20,resnet18,3,20.0,0.5,512,42,85.3400,85.3263,85.6000,85.3600,85.3368,85.8000,85.9053,0.0000,-0.5684,0.0058,39.364,0.011,39.375,NVIDIA L4,4875190
cifar20,resnet18,3,20.0,0.5,64,42,85.3400,85.3263,85.6000,85.3200,85.3053,85.6000,85.9053,0.0000,-0.6000,0.0104,34.876,0.016,34.892,NVIDIA L4,4875190
cifar20,resnet18,3,20.0,1.0,256,42,85.3400,85.3263,85.6000,85.2600,85.3474,83.6000,85.9053,0.0000,-0.5579,0.0638,42.036,0.011,42.047,NVIDIA L4,4875190
cifar20,resnet18,3,20.0,1.0,512,42,85.3400,85.3263,85.6000,85.3600,85.3368,85.8000,85.9053,0.0000,-0.5684,0.0058,39.364,0.011,39.375,NVIDIA L4,4875190
cifar20,resnet18,3,20.0,1.0,64,42,85.3400,85.3263,85.6000,85.3200,85.3053,85.6000,85.9053,0.0000,-0.6000,0.0104,34.876,0.011,34.887,NVIDIA L4,4875190
cifar20,resnet18,3,30.0,0.1,256,42,85.3400,85.3263,85.6000,85.3600,85.3474,85.6000,85.9053,0.0000,-0.5579,0.0006,42.036,0.011,42.047,NVIDIA L4,4875190
cifar20,resnet18,3,30.0,0.1,512,42,85.3400,85.3263,85.6000,85.3400,85.3263,85.6000,85.9053,0.0000,-0.5789,0.0000,39.364,0.011,39.375,NVIDIA L4,4875190
cifar20,resnet18,3,30.0,0.1,64,42,85.3400,85.3263,85.6000,85.3300,85.3158,85.6000,85.9053,0.0000,-0.5895,0.0019,34.876,0.012,34.887,NVIDIA L4,4875190
cifar20,resnet18,3,30.0,0.5,256,42,85.3400,85.3263,85.6000,85.3600,85.3474,85.6000,85.9053,0.0000,-0.5579,0.0006,42.036,0.015,42.051,NVIDIA L4,4875190
cifar20,resnet18,3,30.0,0.5,512,42,85.3400,85.3263,85.6000,85.3400,85.3263,85.6000,85.9053,0.0000,-0.5789,0.0000,39.364,0.011,39.375,NVIDIA L4,4875190
cifar20,resnet18,3,30.0,0.5,64,42,85.3400,85.3263,85.6000,85.3300,85.3158,85.6000,85.9053,0.0000,-0.5895,0.0019,34.876,0.011,34.887,NVIDIA L4,4875190
cifar20,resnet18,3,30.0,1.0,256,42,85.3400,85.3263,85.6000,85.3600,85.3474,85.6000,85.9053,0.0000,-0.5579,0.0006,42.036,0.011,42.047,NVIDIA L4,4875190
cifar20,resnet18,3,30.0,1.0,512,42,85.3400,85.3263,85.6000,85.3400,85.3263,85.6000,85.9053,0.0000,-0.5789,0.0000,39.364,0.011,39.375,NVIDIA L4,4875190
cifar20,resnet18,3,30.0,1.0,64,42,85.3400,85.3263,85.6000,85.3300,85.3158,85.6000,85.9053,0.0000,-0.5895,0.0019,34.876,0.012,34.887,NVIDIA L4,4875190
cifar20,resnet18,3,4.0,0.1,256,42,85.3400,85.3263,85.6000,71.1300,74.8737,0.0000,85.9053,0.0000,-11.0316,7.2845,42.036,0.012,42.048,NVIDIA L4,4875190
cifar20,resnet18,3,4.0,0.1,512,42,85.3400,85.3263,85.6000,62.1400,65.4105,0.0000,85.9053,0.0000,-20.4947,10.1156,39.364,0.012,39.377,NVIDIA L4,4875190
cifar20,resnet18,3,4.0,0.1,64,42,85.3400,85.3263,85.6000,79.3300,83.5053,0.0000,85.9053,0.0000,-2.4000,3.9375,34.876,0.018,34.894,NVIDIA L4,4875190
cifar20,resnet18,3,4.0,0.5,256,42,85.3400,85.3263,85.6000,71.9000,75.6842,0.0000,85.9053,0.0000,-10.2211,7.2845,42.036,0.012,42.048,NVIDIA L4,4875190
cifar20,resnet18,3,4.0,0.5,512,42,85.3400,85.3263,85.6000,63.6300,66.9789,0.0000,85.9053,0.0000,-18.9263,10.1156,39.364,0.013,39.377,NVIDIA L4,4875190
cifar20,resnet18,3,4.0,0.5,64,42,85.3400,85.3263,85.6000,79.5400,83.7263,0.0000,85.9053,0.0000,-2.1789,3.9375,34.876,0.013,34.888,NVIDIA L4,4875190
cifar20,resnet18,3,4.0,1.0,256,42,85.3400,85.3263,85.6000,72.6100,76.4316,0.0000,85.9053,0.0000,-9.4737,7.2845,42.036,0.013,42.049,NVIDIA L4,4875190
cifar20,resnet18,3,4.0,1.0,512,42,85.3400,85.3263,85.6000,65.8000,69.2632,0.0000,85.9053,0.0000,-16.6421,10.1156,39.364,0.013,39.377,NVIDIA L4,4875190
cifar20,resnet18,3,4.0,1.0,64,42,85.3400,85.3263,85.6000,79.7000,83.8947,0.0000,85.9053,0.0000,-2.0105,3.9375,34.876,0.019,34.895,NVIDIA L4,4875190
cifar20,resnet18,3,50.0,0.1,256,42,85.3400,85.3263,85.6000,85.3400,85.3263,85.6000,85.9053,0.0000,-0.5789,0.0000,42.036,0.011,42.047,NVIDIA L4,4875190
cifar20,resnet18,3,50.0,0.1,512,42,85.3400,85.3263,85.6000,85.3400,85.3263,85.6000,85.9053,0.0000,-0.5789,0.0000,39.364,0.011,39.376,NVIDIA L4,4875190
cifar20,resnet18,3,50.0,0.1,64,42,85.3400,85.3263,85.6000,85.3500,85.3368,85.6000,85.9053,0.0000,-0.5684,0.0003,34.876,0.012,34.887,NVIDIA L4,4875190
cifar20,resnet18,3,50.0,0.5,256,42,85.3400,85.3263,85.6000,85.3400,85.3263,85.6000,85.9053,0.0000,-0.5789,0.0000,42.036,0.011,42.047,NVIDIA L4,4875190
cifar20,resnet18,3,50.0,0.5,512,42,85.3400,85.3263,85.6000,85.3400,85.3263,85.6000,85.9053,0.0000,-0.5789,0.0000,39.364,0.011,39.375,NVIDIA L4,4875190
cifar20,resnet18,3,50.0,0.5,64,42,85.3400,85.3263,85.6000,85.3500,85.3368,85.6000,85.9053,0.0000,-0.5684,0.0003,34.876,0.011,34.886,NVIDIA L4,4875190
cifar20,resnet18,3,50.0,1.0,256,42,85.3400,85.3263,85.6000,85.3400,85.3263,85.6000,85.9053,0.0000,-0.5789,0.0000,42.036,0.011,42.047,NVIDIA L4,4875190
cifar20,resnet18,3,50.0,1.0,512,42,85.3400,85.3263,85.6000,85.3400,85.3263,85.6000,85.9053,0.0000,-0.5789,0.0000,39.364,0.011,39.375,NVIDIA L4,4875190
cifar20,resnet18,3,50.0,1.0,64,42,85.3400,85.3263,85.6000,85.3500,85.3368,85.6000,85.9053,0.0000,-0.5684,0.0003,34.876,0.016,34.892,NVIDIA L4,4875190
cifar20,resnet18,3,6.0,0.1,256,42,85.3400,85.3263,85.6000,77.2700,81.3368,0.0000,85.9053,0.0000,-4.5684,4.4180,42.036,0.013,42.049,NVIDIA L4,4875190
cifar20,resnet18,3,6.0,0.1,512,42,85.3400,85.3263,85.6000,72.8700,76.7053,0.0000,85.9053,0.0000,-9.2000,6.3780,39.364,0.012,39.376,NVIDIA L4,4875190
cifar20,resnet18,3,6.0,0.1,64,42,85.3400,85.3263,85.6000,80.5800,84.8211,0.0000,85.9053,0.0000,-1.0842,2.1778,34.876,0.012,34.888,NVIDIA L4,4875190
cifar20,resnet18,3,6.0,0.5,256,42,85.3400,85.3263,85.6000,77.3400,81.4105,0.0000,85.9053,0.0000,-4.4947,4.4180,42.036,0.016,42.053,NVIDIA L4,4875190
cifar20,resnet18,3,6.0,0.5,512,42,85.3400,85.3263,85.6000,73.5100,77.3789,0.0000,85.9053,0.0000,-8.5263,6.3780,39.364,0.013,39.377,NVIDIA L4,4875190
cifar20,resnet18,3,6.0,0.5,64,42,85.3400,85.3263,85.6000,80.6400,84.8842,0.0000,85.9053,0.0000,-1.0211,2.1778,34.876,0.012,34.888,NVIDIA L4,4875190
cifar20,resnet18,3,6.0,1.0,256,42,85.3400,85.3263,85.6000,77.5500,81.6316,0.0000,85.9053,0.0000,-4.2737,4.4180,42.036,0.013,42.049,NVIDIA L4,4875190
cifar20,resnet18,3,6.0,1.0,512,42,85.3400,85.3263,85.6000,74.0100,77.9053,0.0000,85.9053,0.0000,-8.0000,6.3780,39.364,0.012,39.377,NVIDIA L4,4875190
cifar20,resnet18,3,6.0,1.0,64,42,85.3400,85.3263,85.6000,80.6600,84.9053,0.0000,85.9053,0.0000,-1.0000,2.1778,34.876,0.013,34.888,NVIDIA L4,4875190
cifar20,resnet18,3,8.0,0.1,256,42,85.3400,85.3263,85.6000,79.7500,83.9474,0.0000,85.9053,0.0000,-1.9579,2.8481,42.036,0.013,42.049,NVIDIA L4,4875190
cifar20,resnet18,3,8.0,0.1,512,42,85.3400,85.3263,85.6000,77.4600,81.5368,0.0000,85.9053,0.0000,-4.3684,4.2196,39.364,0.012,39.376,NVIDIA L4,4875190
cifar20,resnet18,3,8.0,0.1,64,42,85.3400,85.3263,85.6000,81.3200,85.6000,0.0000,85.9053,0.0000,-0.3053,1.2882,34.876,0.012,34.888,NVIDIA L4,4875190
cifar20,resnet18,3,8.0,0.5,256,42,85.3400,85.3263,85.6000,79.8100,84.0105,0.0000,85.9053,0.0000,-1.8947,2.8481,42.036,0.012,42.048,NVIDIA L4,4875190
cifar20,resnet18,3,8.0,0.5,512,42,85.3400,85.3263,85.6000,77.6200,81.7053,0.0000,85.9053,0.0000,-4.2000,4.2196,39.364,0.012,39.376,NVIDIA L4,4875190
cifar20,resnet18,3,8.0,0.5,64,42,85.3400,85.3263,85.6000,81.3500,85.6316,0.0000,85.9053,0.0000,-0.2737,1.2882,34.876,0.012,34.887,NVIDIA L4,4875190
cifar20,resnet18,3,8.0,1.0,256,42,85.3400,85.3263,85.6000,79.9300,84.1368,0.0000,85.9053,0.0000,-1.7684,2.8481,42.036,0.012,42.048,NVIDIA L4,4875190
cifar20,resnet18,3,8.0,1.0,512,42,85.3400,85.3263,85.6000,77.7700,81.8632,0.0000,85.9053,0.0000,-4.0421,4.2196,39.364,0.012,39.376,NVIDIA L4,4875190
cifar20,resnet18,3,8.0,1.0,64,42,85.3400,85.3263,85.6000,81.3700,85.6526,0.0000,85.9053,0.0000,-0.2526,1.2882,34.876,0.011,34.887,NVIDIA L4,4875190
cifar20,resnet18,4,10.0,0.1,256,42,85.3400,85.2000,88.0000,81.3200,85.6000,0.0000,85.5579,0.0000,+0.0421,0.5579,40.368,0.012,40.380,NVIDIA L4,4875190
cifar20,resnet18,4,10.0,0.1,512,42,85.3400,85.2000,88.0000,81.3400,85.6211,0.0000,85.5579,0.0000,+0.0632,0.9493,41.922,0.012,41.933,NVIDIA L4,4875190
cifar20,resnet18,4,10.0,0.1,64,42,85.3400,85.2000,88.0000,81.2400,85.5158,0.0000,85.5579,0.0000,-0.0421,0.2176,36.435,0.011,36.446,NVIDIA L4,4875190
cifar20,resnet18,4,10.0,0.5,256,42,85.3400,85.2000,88.0000,81.3300,85.6105,0.0000,85.5579,0.0000,+0.0526,0.5579,40.368,0.011,40.380,NVIDIA L4,4875190
cifar20,resnet18,4,10.0,0.5,512,42,85.3400,85.2000,88.0000,81.3400,85.6211,0.0000,85.5579,0.0000,+0.0632,0.9493,41.922,0.011,41.933,NVIDIA L4,4875190
cifar20,resnet18,4,10.0,0.5,64,42,85.3400,85.2000,88.0000,81.2400,85.5158,0.0000,85.5579,0.0000,-0.0421,0.2176,36.435,0.011,36.446,NVIDIA L4,4875190
cifar20,resnet18,4,10.0,1.0,256,42,85.3400,85.2000,88.0000,81.3500,85.6316,0.0000,85.5579,0.0000,+0.0737,0.5579,40.368,0.011,40.379,NVIDIA L4,4875190
cifar20,resnet18,4,10.0,1.0,512,42,85.3400,85.2000,88.0000,81.3500,85.6316,0.0000,85.5579,0.0000,+0.0737,0.9493,41.922,0.011,41.933,NVIDIA L4,4875190
cifar20,resnet18,4,10.0,1.0,64,42,85.3400,85.2000,88.0000,81.2300,85.5053,0.0000,85.5579,0.0000,-0.0526,0.2176,36.435,0.011,36.446,NVIDIA L4,4875190
cifar20,resnet18,4,12.0,0.1,256,42,85.3400,85.2000,88.0000,81.3200,85.6000,0.0000,85.5579,0.0000,+0.0421,0.3312,40.368,0.011,40.379,NVIDIA L4,4875190
cifar20,resnet18,4,12.0,0.1,512,42,85.3400,85.2000,88.0000,81.3400,85.6211,0.0000,85.5579,0.0000,+0.0632,0.5890,41.922,0.012,41.934,NVIDIA L4,4875190
cifar20,resnet18,4,12.0,0.1,64,42,85.3400,85.2000,88.0000,81.2400,85.5158,0.0000,85.5579,0.0000,-0.0421,0.1210,36.435,0.011,36.446,NVIDIA L4,4875190
cifar20,resnet18,4,12.0,0.5,256,42,85.3400,85.2000,88.0000,81.3100,85.5895,0.0000,85.5579,0.0000,+0.0316,0.3312,40.368,0.011,40.379,NVIDIA L4,4875190
cifar20,resnet18,4,12.0,0.5,512,42,85.3400,85.2000,88.0000,81.3300,85.6105,0.0000,85.5579,0.0000,+0.0526,0.5890,41.922,0.011,41.933,NVIDIA L4,4875190
cifar20,resnet18,4,12.0,0.5,64,42,85.3400,85.2000,88.0000,81.2300,85.5053,0.0000,85.5579,0.0000,-0.0526,0.1210,36.435,0.011,36.446,NVIDIA L4,4875190
cifar20,resnet18,4,12.0,1.0,256,42,85.3400,85.2000,88.0000,81.3100,85.5895,0.0000,85.5579,0.0000,+0.0316,0.3312,40.368,0.011,40.379,NVIDIA L4,4875190
cifar20,resnet18,4,12.0,1.0,512,42,85.3400,85.2000,88.0000,81.3200,85.6000,0.0000,85.5579,0.0000,+0.0421,0.5890,41.922,0.011,41.933,NVIDIA L4,4875190
cifar20,resnet18,4,12.0,1.0,64,42,85.3400,85.2000,88.0000,81.2200,85.4947,0.0000,85.5579,0.0000,-0.0632,0.1210,36.435,0.012,36.448,NVIDIA L4,4875190
cifar20,resnet18,4,15.0,0.1,256,42,85.3400,85.2000,88.0000,81.2500,85.5263,0.0000,85.5579,0.0000,-0.0316,0.1110,40.368,0.011,40.380,NVIDIA L4,4875190
cifar20,resnet18,4,15.0,0.1,512,42,85.3400,85.2000,88.0000,81.2700,85.5474,0.0000,85.5579,0.0000,-0.0105,0.2134,41.922,0.011,41.933,NVIDIA L4,4875190
cifar20,resnet18,4,15.0,0.1,64,42,85.3400,85.2000,88.0000,84.1100,85.5263,57.2000,85.5579,0.0000,-0.0316,0.0419,36.435,0.012,36.447,NVIDIA L4,4875190
cifar20,resnet18,4,15.0,0.5,256,42,85.3400,85.2000,88.0000,81.2500,85.5263,0.0000,85.5579,0.0000,-0.0316,0.1110,40.368,0.011,40.379,NVIDIA L4,4875190
cifar20,resnet18,4,15.0,0.5,512,42,85.3400,85.2000,88.0000,81.2700,85.5474,0.0000,85.5579,0.0000,-0.0105,0.2134,41.922,0.011,41.933,NVIDIA L4,4875190
cifar20,resnet18,4,15.0,0.5,64,42,85.3400,85.2000,88.0000,84.1900,85.5263,58.8000,85.5579,0.0000,-0.0316,0.0419,36.435,0.011,36.447,NVIDIA L4,4875190
cifar20,resnet18,4,15.0,1.0,256,42,85.3400,85.2000,88.0000,81.2500,85.5263,0.0000,85.5579,0.0000,-0.0316,0.1110,40.368,0.011,40.380,NVIDIA L4,4875190
cifar20,resnet18,4,15.0,1.0,512,42,85.3400,85.2000,88.0000,81.2800,85.5579,0.0000,85.5579,0.0000,+0.0000,0.2134,41.922,0.012,41.933,NVIDIA L4,4875190
cifar20,resnet18,4,15.0,1.0,64,42,85.3400,85.2000,88.0000,84.3000,85.5158,61.2000,85.5579,0.0000,-0.0421,0.0419,36.435,0.012,36.447,NVIDIA L4,4875190
cifar20,resnet18,4,2.0,0.1,256,42,85.3400,85.2000,88.0000,78.3700,82.4947,0.0000,85.5579,0.0000,-3.0632,5.1024,40.368,0.019,40.387,NVIDIA L4,4875190
cifar20,resnet18,4,2.0,0.1,512,42,85.3400,85.2000,88.0000,72.2600,76.0632,0.0000,85.5579,0.0000,-9.4947,7.4227,41.922,0.015,41.936,NVIDIA L4,4875190
cifar20,resnet18,4,2.0,0.1,64,42,85.3400,85.2000,88.0000,80.6000,84.8421,0.0000,85.5579,0.0000,-0.7158,2.7892,36.435,0.017,36.453,NVIDIA L4,4875190
cifar20,resnet18,4,2.0,0.5,256,42,85.3400,85.2000,88.0000,79.0300,83.1895,0.0000,85.5579,0.0000,-2.3684,5.1024,40.368,0.012,40.381,NVIDIA L4,4875190
cifar20,resnet18,4,2.0,0.5,512,42,85.3400,85.2000,88.0000,73.6600,77.5368,0.0000,85.5579,0.0000,-8.0211,7.4227,41.922,0.013,41.935,NVIDIA L4,4875190
cifar20,resnet18,4,2.0,0.5,64,42,85.3400,85.2000,88.0000,80.7500,85.0000,0.0000,85.5579,0.0000,-0.5579,2.7892,36.435,0.012,36.448,NVIDIA L4,4875190
cifar20,resnet18,4,2.0,1.0,256,42,85.3400,85.2000,88.0000,79.5300,83.7158,0.0000,85.5579,0.0000,-1.8421,5.1024,40.368,0.012,40.380,NVIDIA L4,4875190
cifar20,resnet18,4,2.0,1.0,512,42,85.3400,85.2000,88.0000,75.4400,79.4105,0.0000,85.5579,0.0000,-6.1474,7.4227,41.922,0.014,41.936,NVIDIA L4,4875190
cifar20,resnet18,4,2.0,1.0,64,42,85.3400,85.2000,88.0000,80.8300,85.0842,0.0000,85.5579,0.0000,-0.4737,2.7892,36.435,0.012,36.447,NVIDIA L4,4875190
cifar20,resnet18,4,20.0,0.1,256,42,85.3400,85.2000,88.0000,85.3400,85.2000,88.0000,85.5579,0.0000,-0.3579,0.0005,40.368,0.011,40.379,NVIDIA L4,4875190
cifar20,resnet18,4,20.0,0.1,512,42,85.3400,85.2000,88.0000,85.3500,85.2105,88.0000,85.5579,0.0000,-0.3474,0.0002,41.922,0.011,41.932,NVIDIA L4,4875190
cifar20,resnet18,4,20.0,0.1,64,42,85.3400,85.2000,88.0000,85.3400,85.2000,88.0000,85.5579,0.0000,-0.3579,0.0000,36.435,0.016,36.451,NVIDIA L4,4875190
cifar20,resnet18,4,20.0,0.5,256,42,85.3400,85.2000,88.0000,85.3400,85.2000,88.0000,85.5579,0.0000,-0.3579,0.0005,40.368,0.011,40.379,NVIDIA L4,4875190
cifar20,resnet18,4,20.0,0.5,512,42,85.3400,85.2000,88.0000,85.3500,85.2105,88.0000,85.5579,0.0000,-0.3474,0.0002,41.922,0.010,41.932,NVIDIA L4,4875190
cifar20,resnet18,4,20.0,0.5,64,42,85.3400,85.2000,88.0000,85.3400,85.2000,88.0000,85.5579,0.0000,-0.3579,0.0000,36.435,0.011,36.446,NVIDIA L4,4875190
cifar20,resnet18,4,20.0,1.0,256,42,85.3400,85.2000,88.0000,85.3400,85.2000,88.0000,85.5579,0.0000,-0.3579,0.0005,40.368,0.011,40.379,NVIDIA L4,4875190
cifar20,resnet18,4,20.0,1.0,512,42,85.3400,85.2000,88.0000,85.3500,85.2105,88.0000,85.5579,0.0000,-0.3474,0.0002,41.922,0.011,41.933,NVIDIA L4,4875190
cifar20,resnet18,4,20.0,1.0,64,42,85.3400,85.2000,88.0000,85.3400,85.2000,88.0000,85.5579,0.0000,-0.3579,0.0000,36.435,0.011,36.446,NVIDIA L4,4875190
cifar20,resnet18,4,30.0,0.1,256,42,85.3400,85.2000,88.0000,85.3400,85.2000,88.0000,85.5579,0.0000,-0.3579,0.0000,40.368,0.011,40.380,NVIDIA L4,4875190
cifar20,resnet18,4,30.0,0.1,512,42,85.3400,85.2000,88.0000,85.3400,85.2000,88.0000,85.5579,0.0000,-0.3579,0.0000,41.922,0.011,41.933,NVIDIA L4,4875190
cifar20,resnet18,4,30.0,0.1,64,42,85.3400,85.2000,88.0000,85.3400,85.2000,88.0000,85.5579,0.0000,-0.3579,0.0000,36.435,0.011,36.446,NVIDIA L4,4875190
cifar20,resnet18,4,30.0,0.5,256,42,85.3400,85.2000,88.0000,85.3400,85.2000,88.0000,85.5579,0.0000,-0.3579,0.0000,40.368,0.011,40.380,NVIDIA L4,4875190
cifar20,resnet18,4,30.0,0.5,512,42,85.3400,85.2000,88.0000,85.3400,85.2000,88.0000,85.5579,0.0000,-0.3579,0.0000,41.922,0.010,41.932,NVIDIA L4,4875190
cifar20,resnet18,4,30.0,0.5,64,42,85.3400,85.2000,88.0000,85.3400,85.2000,88.0000,85.5579,0.0000,-0.3579,0.0000,36.435,0.011,36.446,NVIDIA L4,4875190
cifar20,resnet18,4,30.0,1.0,256,42,85.3400,85.2000,88.0000,85.3400,85.2000,88.0000,85.5579,0.0000,-0.3579,0.0000,40.368,0.010,40.379,NVIDIA L4,4875190
cifar20,resnet18,4,30.0,1.0,512,42,85.3400,85.2000,88.0000,85.3400,85.2000,88.0000,85.5579,0.0000,-0.3579,0.0000,41.922,0.011,41.932,NVIDIA L4,4875190
cifar20,resnet18,4,30.0,1.0,64,42,85.3400,85.2000,88.0000,85.3400,85.2000,88.0000,85.5579,0.0000,-0.3579,0.0000,36.435,0.011,36.446,NVIDIA L4,4875190
cifar20,resnet18,4,4.0,0.1,256,42,85.3400,85.2000,88.0000,80.8200,85.0737,0.0000,85.5579,0.0000,-0.4842,2.4072,40.368,0.012,40.380,NVIDIA L4,4875190
cifar20,resnet18,4,4.0,0.1,512,42,85.3400,85.2000,88.0000,79.7900,83.9895,0.0000,85.5579,0.0000,-1.5684,3.6666,41.922,0.016,41.938,NVIDIA L4,4875190
cifar20,resnet18,4,4.0,0.1,64,42,85.3400,85.2000,88.0000,81.0700,85.3368,0.0000,85.5579,0.0000,-0.2211,1.2086,36.435,0.012,36.447,NVIDIA L4,4875190
cifar20,resnet18,4,4.0,0.5,256,42,85.3400,85.2000,88.0000,80.8400,85.0947,0.0000,85.5579,0.0000,-0.4632,2.4072,40.368,0.012,40.380,NVIDIA L4,4875190
cifar20,resnet18,4,4.0,0.5,512,42,85.3400,85.2000,88.0000,79.8200,84.0211,0.0000,85.5579,0.0000,-1.5368,3.6666,41.922,0.012,41.934,NVIDIA L4,4875190
cifar20,resnet18,4,4.0,0.5,64,42,85.3400,85.2000,88.0000,81.1300,85.4000,0.0000,85.5579,0.0000,-0.1579,1.2086,36.435,0.011,36.447,NVIDIA L4,4875190
cifar20,resnet18,4,4.0,1.0,256,42,85.3400,85.2000,88.0000,80.8700,85.1263,0.0000,85.5579,0.0000,-0.4316,2.4072,40.368,0.017,40.385,NVIDIA L4,4875190
cifar20,resnet18,4,4.0,1.0,512,42,85.3400,85.2000,88.0000,80.0500,84.2632,0.0000,85.5579,0.0000,-1.2947,3.6666,41.922,0.016,41.938,NVIDIA L4,4875190
cifar20,resnet18,4,4.0,1.0,64,42,85.3400,85.2000,88.0000,81.2100,85.4842,0.0000,85.5579,0.0000,-0.0737,1.2086,36.435,0.014,36.449,NVIDIA L4,4875190
cifar20,resnet18,4,50.0,0.1,256,42,85.3400,85.2000,88.0000,85.3400,85.2000,88.0000,85.5579,0.0000,-0.3579,0.0000,40.368,0.010,40.379,NVIDIA L4,4875190
cifar20,resnet18,4,50.0,0.1,512,42,85.3400,85.2000,88.0000,85.3400,85.2000,88.0000,85.5579,0.0000,-0.3579,0.0000,41.922,0.012,41.933,NVIDIA L4,4875190
cifar20,resnet18,4,50.0,0.1,64,42,85.3400,85.2000,88.0000,85.3400,85.2000,88.0000,85.5579,0.0000,-0.3579,0.0000,36.435,0.010,36.446,NVIDIA L4,4875190
cifar20,resnet18,4,50.0,0.5,256,42,85.3400,85.2000,88.0000,85.3400,85.2000,88.0000,85.5579,0.0000,-0.3579,0.0000,40.368,0.011,40.379,NVIDIA L4,4875190
cifar20,resnet18,4,50.0,0.5,512,42,85.3400,85.2000,88.0000,85.3400,85.2000,88.0000,85.5579,0.0000,-0.3579,0.0000,41.922,0.011,41.933,NVIDIA L4,4875190
cifar20,resnet18,4,50.0,0.5,64,42,85.3400,85.2000,88.0000,85.3400,85.2000,88.0000,85.5579,0.0000,-0.3579,0.0000,36.435,0.011,36.446,NVIDIA L4,4875190
cifar20,resnet18,4,50.0,1.0,256,42,85.3400,85.2000,88.0000,85.3400,85.2000,88.0000,85.5579,0.0000,-0.3579,0.0000,40.368,0.011,40.379,NVIDIA L4,4875190
cifar20,resnet18,4,50.0,1.0,512,42,85.3400,85.2000,88.0000,85.3400,85.2000,88.0000,85.5579,0.0000,-0.3579,0.0000,41.922,0.011,41.932,NVIDIA L4,4875190
cifar20,resnet18,4,50.0,1.0,64,42,85.3400,85.2000,88.0000,85.3400,85.2000,88.0000,85.5579,0.0000,-0.3579,0.0000,36.435,0.010,36.446,NVIDIA L4,4875190
cifar20,resnet18,4,6.0,0.1,256,42,85.3400,85.2000,88.0000,81.0900,85.3579,0.0000,85.5579,0.0000,-0.2000,1.4100,40.368,0.011,40.380,NVIDIA L4,4875190
cifar20,resnet18,4,6.0,0.1,512,42,85.3400,85.2000,88.0000,80.8600,85.1158,0.0000,85.5579,0.0000,-0.4421,2.2229,41.922,0.013,41.934,NVIDIA L4,4875190
cifar20,resnet18,4,6.0,0.1,64,42,85.3400,85.2000,88.0000,81.3100,85.5895,0.0000,85.5579,0.0000,+0.0316,0.6593,36.435,0.011,36.447,NVIDIA L4,4875190
cifar20,resnet18,4,6.0,0.5,256,42,85.3400,85.2000,88.0000,81.1400,85.4105,0.0000,85.5579,0.0000,-0.1474,1.4100,40.368,0.015,40.384,NVIDIA L4,4875190
cifar20,resnet18,4,6.0,0.5,512,42,85.3400,85.2000,88.0000,80.8800,85.1368,0.0000,85.5579,0.0000,-0.4211,2.2229,41.922,0.014,41.936,NVIDIA L4,4875190
cifar20,resnet18,4,6.0,0.5,64,42,85.3400,85.2000,88.0000,81.3000,85.5789,0.0000,85.5579,0.0000,+0.0211,0.6593,36.435,0.011,36.447,NVIDIA L4,4875190
cifar20,resnet18,4,6.0,1.0,256,42,85.3400,85.2000,88.0000,81.1300,85.4000,0.0000,85.5579,0.0000,-0.1579,1.4100,40.368,0.011,40.380,NVIDIA L4,4875190
cifar20,resnet18,4,6.0,1.0,512,42,85.3400,85.2000,88.0000,80.9000,85.1579,0.0000,85.5579,0.0000,-0.4000,2.2229,41.922,0.013,41.935,NVIDIA L4,4875190
cifar20,resnet18,4,6.0,1.0,64,42,85.3400,85.2000,88.0000,81.3100,85.5895,0.0000,85.5579,0.0000,+0.0316,0.6593,36.435,0.011,36.447,NVIDIA L4,4875190
cifar20,resnet18,4,8.0,0.1,256,42,85.3400,85.2000,88.0000,81.2100,85.4842,0.0000,85.5579,0.0000,-0.0737,0.8816,40.368,0.015,40.383,NVIDIA L4,4875190
cifar20,resnet18,4,8.0,0.1,512,42,85.3400,85.2000,88.0000,81.1200,85.3895,0.0000,85.5579,0.0000,-0.1684,1.4453,41.922,0.015,41.937,NVIDIA L4,4875190
cifar20,resnet18,4,8.0,0.1,64,42,85.3400,85.2000,88.0000,81.2700,85.5474,0.0000,85.5579,0.0000,-0.0105,0.3802,36.435,0.011,36.446,NVIDIA L4,4875190
cifar20,resnet18,4,8.0,0.5,256,42,85.3400,85.2000,88.0000,81.2100,85.4842,0.0000,85.5579,0.0000,-0.0737,0.8816,40.368,0.011,40.380,NVIDIA L4,4875190
cifar20,resnet18,4,8.0,0.5,512,42,85.3400,85.2000,88.0000,81.1600,85.4316,0.0000,85.5579,0.0000,-0.1263,1.4453,41.922,0.011,41.933,NVIDIA L4,4875190
cifar20,resnet18,4,8.0,0.5,64,42,85.3400,85.2000,88.0000,81.2900,85.5684,0.0000,85.5579,0.0000,+0.0105,0.3802,36.435,0.012,36.447,NVIDIA L4,4875190
cifar20,resnet18,4,8.0,1.0,256,42,85.3400,85.2000,88.0000,81.2300,85.5053,0.0000,85.5579,0.0000,-0.0526,0.8816,40.368,0.011,40.379,NVIDIA L4,4875190
cifar20,resnet18,4,8.0,1.0,512,42,85.3400,85.2000,88.0000,81.2100,85.4842,0.0000,85.5579,0.0000,-0.0737,1.4453,41.922,0.012,41.933,NVIDIA L4,4875190
cifar20,resnet18,4,8.0,1.0,64,42,85.3400,85.2000,88.0000,81.2900,85.5684,0.0000,85.5579,0.0000,+0.0105,0.3802,36.435,0.011,36.447,NVIDIA L4,4875190
