dataset,arch,forget_class,method,config,forget_n,forget_available,seed,post_overall,post_retain,post_forget,gold_retain,gold_forget,gap_retain,score,method_time_s,marginal_time_s,params_damped_pct,eval_device,git_commit
cifar10,resnet18,0,ssd,a8.0_l1.0_b256,1,5000,42,94.9600,94.8667,95.8000,95.1222,0.0000,-0.2556,96.0556,20.236,0.081,,NVIDIA L4,4875190
cifar10,resnet18,0,ssd,a8.0_l1.0_b256,10,5000,42,10.0000,11.1111,0.0000,95.1222,0.0000,-84.0111,84.0111,20.203,0.048,,NVIDIA L4,4875190
cifar10,resnet18,0,ssd,a8.0_l1.0_b256,100,5000,42,64.1400,71.2667,0.0000,95.1222,0.0000,-23.8556,23.8556,20.238,0.084,,NVIDIA L4,4875190
cifar10,resnet18,0,ssd,a8.0_l1.0_b256,1000,5000,42,94.9600,94.9333,95.2000,95.1222,0.0000,-0.1889,95.3889,20.580,0.425,,NVIDIA L4,4875190
cifar10,resnet18,0,ssd,a8.0_l1.0_b256,25,5000,42,12.1500,13.5000,0.0000,95.1222,0.0000,-81.6222,81.6222,20.217,0.063,,NVIDIA L4,4875190
cifar10,resnet18,0,ssd,a8.0_l1.0_b256,5,5000,42,93.0400,93.4333,89.5000,95.1222,0.0000,-1.6889,91.1889,20.204,0.049,,NVIDIA L4,4875190
cifar10,resnet18,0,ssd,a8.0_l1.0_b256,50,5000,42,22.3900,24.8778,0.0000,95.1222,0.0000,-70.2444,70.2444,20.208,0.054,,NVIDIA L4,4875190
cifar10,resnet18,0,ssd,a8.0_l1.0_b256,500,5000,42,94.9800,94.8111,96.5000,95.1222,0.0000,-0.3111,96.8111,20.400,0.245,,NVIDIA L4,4875190
cifar10,resnet18,0,ssd,a8.0_l1.0_b256,5000,5000,42,85.6500,95.1667,0.0000,95.1222,0.0000,+0.0444,0.0444,22.478,2.323,,NVIDIA L4,4875190
cifar10,resnet18,0,ssd_alphagrid,a10.0_l1.0_b256,1,5000,42,94.9600,94.8667,95.8000,95.1222,0.0000,-0.2556,96.0556,20.236,0.081,,NVIDIA L4,4875190
cifar10,resnet18,0,ssd_alphagrid,a10.0_l1.0_b256,10,5000,42,10.0000,11.1111,0.0000,95.1222,0.0000,-84.0111,84.0111,20.203,0.048,,NVIDIA L4,4875190
cifar10,resnet18,0,ssd_alphagrid,a10.0_l1.0_b256,100,5000,42,76.4200,84.9111,0.0000,95.1222,0.0000,-10.2111,10.2111,20.236,0.081,,NVIDIA L4,4875190
cifar10,resnet18,0,ssd_alphagrid,a10.0_l1.0_b256,1000,5000,42,94.9500,94.8556,95.8000,95.1222,0.0000,-0.2667,96.0667,20.580,0.425,,NVIDIA L4,4875190
cifar10,resnet18,0,ssd_alphagrid,a10.0_l1.0_b256,25,5000,42,10.0100,11.1222,0.0000,95.1222,0.0000,-84.0000,84.0000,20.212,0.058,,NVIDIA L4,4875190
cifar10,resnet18,0,ssd_alphagrid,a10.0_l1.0_b256,5,5000,42,93.9700,93.9889,93.8000,95.1222,0.0000,-1.1333,94.9333,20.199,0.045,,NVIDIA L4,4875190
cifar10,resnet18,0,ssd_alphagrid,a10.0_l1.0_b256,50,5000,42,31.7500,35.2778,0.0000,95.1222,0.0000,-59.8444,59.8444,20.212,0.058,,NVIDIA L4,4875190
cifar10,resnet18,0,ssd_alphagrid,a10.0_l1.0_b256,500,5000,42,94.9700,94.8222,96.3000,95.1222,0.0000,-0.3000,96.6000,20.400,0.245,,NVIDIA L4,4875190
cifar10,resnet18,0,ssd_alphagrid,a10.0_l1.0_b256,5000,5000,42,94.9500,94.9111,95.3000,95.1222,0.0000,-0.2111,95.5111,22.476,2.321,,NVIDIA L4,4875190
cifar10,resnet18,0,ssd_alphagrid,a12.0_l1.0_b256,1,5000,42,94.9600,94.8667,95.8000,95.1222,0.0000,-0.2556,96.0556,20.242,0.087,,NVIDIA L4,4875190
cifar10,resnet18,0,ssd_alphagrid,a12.0_l1.0_b256,10,5000,42,10.0000,11.1111,0.0000,95.1222,0.0000,-84.0111,84.0111,20.207,0.052,,NVIDIA L4,4875190
cifar10,resnet18,0,ssd_alphagrid,a12.0_l1.0_b256,100,5000,42,81.1900,90.2111,0.0000,95.1222,0.0000,-4.9111,4.9111,20.237,0.083,,NVIDIA L4,4875190
cifar10,resnet18,0,ssd_alphagrid,a12.0_l1.0_b256,1000,5000,42,94.9600,94.8667,95.8000,95.1222,0.0000,-0.2556,96.0556,20.578,0.424,,NVIDIA L4,4875190
cifar10,resnet18,0,ssd_alphagrid,a12.0_l1.0_b256,25,5000,42,10.4100,11.5667,0.0000,95.1222,0.0000,-83.5556,83.5556,20.212,0.058,,NVIDIA L4,4875190
cifar10,resnet18,0,ssd_alphagrid,a12.0_l1.0_b256,5,5000,42,94.1300,94.2000,93.5000,95.1222,0.0000,-0.9222,94.4222,20.199,0.045,,NVIDIA L4,4875190
cifar10,resnet18,0,ssd_alphagrid,a12.0_l1.0_b256,50,5000,42,47.4900,52.7111,0.5000,95.1222,0.0000,-42.4111,42.9111,20.215,0.061,,NVIDIA L4,4875190
cifar10,resnet18,0,ssd_alphagrid,a12.0_l1.0_b256,500,5000,42,94.9900,94.8556,96.2000,95.1222,0.0000,-0.2667,96.4667,20.400,0.245,,NVIDIA L4,4875190
cifar10,resnet18,0,ssd_alphagrid,a12.0_l1.0_b256,5000,5000,42,94.9800,94.8778,95.9000,95.1222,0.0000,-0.2444,96.1444,22.475,2.321,,NVIDIA L4,4875190
cifar10,resnet18,0,ssd_alphagrid,a15.0_l1.0_b256,1,5000,42,94.9800,94.8778,95.9000,95.1222,0.0000,-0.2444,96.1444,20.236,0.082,,NVIDIA L4,4875190
cifar10,resnet18,0,ssd_alphagrid,a15.0_l1.0_b256,10,5000,42,10.0000,11.1111,0.0000,95.1222,0.0000,-84.0111,84.0111,20.207,0.052,,NVIDIA L4,4875190
cifar10,resnet18,0,ssd_alphagrid,a15.0_l1.0_b256,100,5000,42,91.2600,92.9778,75.8000,95.1222,0.0000,-2.1444,77.9444,20.230,0.076,,NVIDIA L4,4875190
cifar10,resnet18,0,ssd_alphagrid,a15.0_l1.0_b256,1000,5000,42,94.9700,94.8667,95.9000,95.1222,0.0000,-0.2556,96.1556,20.577,0.422,,NVIDIA L4,4875190
cifar10,resnet18,0,ssd_alphagrid,a15.0_l1.0_b256,25,5000,42,10.6000,11.7778,0.0000,95.1222,0.0000,-83.3444,83.3444,20.212,0.058,,NVIDIA L4,4875190
cifar10,resnet18,0,ssd_alphagrid,a15.0_l1.0_b256,5,5000,42,94.3800,94.3333,94.8000,95.1222,0.0000,-0.7889,95.5889,20.199,0.044,,NVIDIA L4,4875190
cifar10,resnet18,0,ssd_alphagrid,a15.0_l1.0_b256,50,5000,42,66.1300,66.8778,59.5000,95.1222,0.0000,-28.2444,87.7444,20.209,0.055,,NVIDIA L4,4875190
cifar10,resnet18,0,ssd_alphagrid,a15.0_l1.0_b256,500,5000,42,94.9600,94.8556,95.9000,95.1222,0.0000,-0.2667,96.1667,20.397,0.243,,NVIDIA L4,4875190
cifar10,resnet18,0,ssd_alphagrid,a15.0_l1.0_b256,5000,5000,42,94.9700,94.8667,95.9000,95.1222,0.0000,-0.2556,96.1556,22.476,2.321,,NVIDIA L4,4875190
cifar10,resnet18,0,ssd_alphagrid,a2.0_l1.0_b256,1,5000,42,94.9600,94.8556,95.9000,95.1222,0.0000,-0.2667,96.1667,20.236,0.082,,NVIDIA L4,4875190
cifar10,resnet18,0,ssd_alphagrid,a2.0_l1.0_b256,10,5000,42,10.0000,11.1111,0.0000,95.1222,0.0000,-84.0111,84.0111,20.202,0.048,,NVIDIA L4,4875190
cifar10,resnet18,0,ssd_alphagrid,a2.0_l1.0_b256,100,5000,42,10.2000,11.3333,0.0000,95.1222,0.0000,-83.7889,83.7889,20.237,0.083,,NVIDIA L4,4875190
cifar10,resnet18,0,ssd_alphagrid,a2.0_l1.0_b256,1000,5000,42,84.6100,94.0111,0.0000,95.1222,0.0000,-1.1111,1.1111,20.579,0.424,,NVIDIA L4,4875190
cifar10,resnet18,0,ssd_alphagrid,a2.0_l1.0_b256,25,5000,42,10.0800,11.2000,0.0000,95.1222,0.0000,-83.9222,83.9222,20.216,0.062,,NVIDIA L4,4875190
cifar10,resnet18,0,ssd_alphagrid,a2.0_l1.0_b256,5,5000,42,52.3400,58.1556,0.0000,95.1222,0.0000,-36.9667,36.9667,20.200,0.045,,NVIDIA L4,4875190
cifar10,resnet18,0,ssd_alphagrid,a2.0_l1.0_b256,50,5000,42,13.0700,14.5222,0.0000,95.1222,0.0000,-80.6000,80.6000,20.209,0.054,,NVIDIA L4,4875190
cifar10,resnet18,0,ssd_alphagrid,a2.0_l1.0_b256,500,5000,42,82.7200,91.9111,0.0000,95.1222,0.0000,-3.2111,3.2111,20.404,0.250,,NVIDIA L4,4875190
cifar10,resnet18,0,ssd_alphagrid,a2.0_l1.0_b256,5000,5000,42,34.5700,38.4111,0.0000,95.1222,0.0000,-56.7111,56.7111,22.478,2.323,,NVIDIA L4,4875190
cifar10,resnet18,0,ssd_alphagrid,a20.0_l1.0_b256,1,5000,42,94.9800,94.8778,95.9000,95.1222,0.0000,-0.2444,96.1444,20.236,0.081,,NVIDIA L4,4875190
cifar10,resnet18,0,ssd_alphagrid,a20.0_l1.0_b256,10,5000,42,9.9600,11.0667,0.0000,95.1222,0.0000,-84.0556,84.0556,20.202,0.048,,NVIDIA L4,4875190
cifar10,resnet18,0,ssd_alphagrid,a20.0_l1.0_b256,100,5000,42,94.5200,94.4222,95.4000,95.1222,0.0000,-0.7000,96.1000,20.234,0.079,,NVIDIA L4,4875190
cifar10,resnet18,0,ssd_alphagrid,a20.0_l1.0_b256,1000,5000,42,94.9600,94.8556,95.9000,95.1222,0.0000,-0.2667,96.1667,20.574,0.419,,NVIDIA L4,4875190
cifar10,resnet18,0,ssd_alphagrid,a20.0_l1.0_b256,25,5000,42,11.2500,12.5000,0.0000,95.1222,0.0000,-82.6222,82.6222,20.212,0.058,,NVIDIA L4,4875190
cifar10,resnet18,0,ssd_alphagrid,a20.0_l1.0_b256,5,5000,42,94.6700,94.6111,95.2000,95.1222,0.0000,-0.5111,95.7111,20.199,0.044,,NVIDIA L4,4875190
cifar10,resnet18,0,ssd_alphagrid,a20.0_l1.0_b256,50,5000,42,83.9800,84.2889,81.2000,95.1222,0.0000,-10.8333,92.0333,20.208,0.054,,NVIDIA L4,4875190
cifar10,resnet18,0,ssd_alphagrid,a20.0_l1.0_b256,500,5000,42,94.9700,94.8778,95.8000,95.1222,0.0000,-0.2444,96.0444,20.400,0.245,,NVIDIA L4,4875190
cifar10,resnet18,0,ssd_alphagrid,a20.0_l1.0_b256,5000,5000,42,94.9700,94.8667,95.9000,95.1222,0.0000,-0.2556,96.1556,22.475,2.321,,NVIDIA L4,4875190
cifar10,resnet18,0,ssd_alphagrid,a30.0_l1.0_b256,1,5000,42,94.9900,94.8889,95.9000,95.1222,0.0000,-0.2333,96.1333,20.236,0.081,,NVIDIA L4,4875190
cifar10,resnet18,0,ssd_alphagrid,a30.0_l1.0_b256,10,5000,42,10.0700,11.1889,0.0000,95.1222,0.0000,-83.9333,83.9333,20.206,0.052,,NVIDIA L4,4875190
cifar10,resnet18,0,ssd_alphagrid,a30.0_l1.0_b256,100,5000,42,94.6600,94.4444,96.6000,95.1222,0.0000,-0.6778,97.2778,20.233,0.079,,NVIDIA L4,4875190
cifar10,resnet18,0,ssd_alphagrid,a30.0_l1.0_b256,1000,5000,42,94.9700,94.8667,95.9000,95.1222,0.0000,-0.2556,96.1556,20.574,0.420,,NVIDIA L4,4875190
cifar10,resnet18,0,ssd_alphagrid,a30.0_l1.0_b256,25,5000,42,33.3300,37.0222,0.1000,95.1222,0.0000,-58.1000,58.2000,20.212,0.058,,NVIDIA L4,4875190
cifar10,resnet18,0,ssd_alphagrid,a30.0_l1.0_b256,5,5000,42,94.9100,94.8111,95.8000,95.1222,0.0000,-0.3111,96.1111,20.198,0.044,,NVIDIA L4,4875190
cifar10,resnet18,0,ssd_alphagrid,a30.0_l1.0_b256,50,5000,42,92.4600,92.3667,93.3000,95.1222,0.0000,-2.7556,96.0556,20.208,0.054,,NVIDIA L4,4875190
cifar10,resnet18,0,ssd_alphagrid,a30.0_l1.0_b256,500,5000,42,94.9700,94.8667,95.9000,95.1222,0.0000,-0.2556,96.1556,20.402,0.247,,NVIDIA L4,4875190
cifar10,resnet18,0,ssd_alphagrid,a30.0_l1.0_b256,5000,5000,42,94.9700,94.8667,95.9000,95.1222,0.0000,-0.2556,96.1556,22.475,2.320,,NVIDIA L4,4875190
cifar10,resnet18,0,ssd_alphagrid,a4.0_l1.0_b256,1,5000,42,94.9400,94.8333,95.9000,95.1222,0.0000,-0.2889,96.1889,20.239,0.085,,NVIDIA L4,4875190
cifar10,resnet18,0,ssd_alphagrid,a4.0_l1.0_b256,10,5000,42,10.0000,11.1111,0.0000,95.1222,0.0000,-84.0111,84.0111,20.206,0.052,,NVIDIA L4,4875190
cifar10,resnet18,0,ssd_alphagrid,a4.0_l1.0_b256,100,5000,42,27.5300,30.5889,0.0000,95.1222,0.0000,-64.5333,64.5333,20.238,0.083,,NVIDIA L4,4875190
cifar10,resnet18,0,ssd_alphagrid,a4.0_l1.0_b256,1000,5000,42,85.5200,95.0222,0.0000,95.1222,0.0000,-0.1000,0.1000,20.578,0.424,,NVIDIA L4,4875190
cifar10,resnet18,0,ssd_alphagrid,a4.0_l1.0_b256,25,5000,42,10.1600,11.2889,0.0000,95.1222,0.0000,-83.8333,83.8333,20.213,0.059,,NVIDIA L4,4875190
cifar10,resnet18,0,ssd_alphagrid,a4.0_l1.0_b256,5,5000,42,78.0600,84.9444,16.1000,95.1222,0.0000,-10.1778,26.2778,20.200,0.045,,NVIDIA L4,4875190
cifar10,resnet18,0,ssd_alphagrid,a4.0_l1.0_b256,50,5000,42,12.7200,14.1333,0.0000,95.1222,0.0000,-80.9889,80.9889,20.209,0.054,,NVIDIA L4,4875190
cifar10,resnet18,0,ssd_alphagrid,a4.0_l1.0_b256,500,5000,42,85.4900,94.9889,0.0000,95.1222,0.0000,-0.1333,0.1333,20.397,0.243,,NVIDIA L4,4875190
cifar10,resnet18,0,ssd_alphagrid,a4.0_l1.0_b256,5000,5000,42,75.2600,83.6222,0.0000,95.1222,0.0000,-11.5000,11.5000,22.481,2.327,,NVIDIA L4,4875190
cifar10,resnet18,0,ssd_alphagrid,a50.0_l1.0_b256,1,5000,42,94.9700,94.8667,95.9000,95.1222,0.0000,-0.2556,96.1556,20.236,0.081,,NVIDIA L4,4875190
cifar10,resnet18,0,ssd_alphagrid,a50.0_l1.0_b256,10,5000,42,10.0000,11.1111,0.0000,95.1222,0.0000,-84.0111,84.0111,20.205,0.050,,NVIDIA L4,4875190
cifar10,resnet18,0,ssd_alphagrid,a50.0_l1.0_b256,100,5000,42,94.9600,94.7778,96.6000,95.1222,0.0000,-0.3444,96.9444,20.229,0.075,,NVIDIA L4,4875190
cifar10,resnet18,0,ssd_alphagrid,a50.0_l1.0_b256,1000,5000,42,94.9700,94.8667,95.9000,95.1222,0.0000,-0.2556,96.1556,20.573,0.419,,NVIDIA L4,4875190
cifar10,resnet18,0,ssd_alphagrid,a50.0_l1.0_b256,25,5000,42,70.5800,70.7000,69.5000,95.1222,0.0000,-24.4222,93.9222,20.212,0.058,,NVIDIA L4,4875190
cifar10,resnet18,0,ssd_alphagrid,a50.0_l1.0_b256,5,5000,42,94.9900,94.9000,95.8000,95.1222,0.0000,-0.2222,96.0222,20.198,0.044,,NVIDIA L4,4875190
cifar10,resnet18,0,ssd_alphagrid,a50.0_l1.0_b256,50,5000,42,94.0100,93.7556,96.3000,95.1222,0.0000,-1.3667,97.6667,20.208,0.053,,NVIDIA L4,4875190
cifar10,resnet18,0,ssd_alphagrid,a50.0_l1.0_b256,500,5000,42,94.9700,94.8667,95.9000,95.1222,0.0000,-0.2556,96.1556,20.399,0.245,,NVIDIA L4,4875190
cifar10,resnet18,0,ssd_alphagrid,a50.0_l1.0_b256,5000,5000,42,94.9700,94.8667,95.9000,95.1222,0.0000,-0.2556,96.1556,22.475,2.321,,NVIDIA L4,4875190
cifar10,resnet18,0,ssd_alphagrid,a6.0_l1.0_b256,1,5000,42,94.9600,94.8556,95.9000,95.1222,0.0000,-0.2667,96.1667,20.236,0.082,,NVIDIA L4,4875190
cifar10,resnet18,0,ssd_alphagrid,a6.0_l1.0_b256,10,5000,42,10.0000,11.1111,0.0000,95.1222,0.0000,-84.0111,84.0111,20.203,0.048,,NVIDIA L4,4875190
cifar10,resnet18,0,ssd_alphagrid,a6.0_l1.0_b256,100,5000,42,44.2900,49.2111,0.0000,95.1222,0.0000,-45.9111,45.9111,20.232,0.078,,NVIDIA L4,4875190
cifar10,resnet18,0,ssd_alphagrid,a6.0_l1.0_b256,1000,5000,42,85.9000,95.2222,2.0000,95.1222,0.0000,+0.1000,2.1000,20.580,0.425,,NVIDIA L4,4875190
cifar10,resnet18,0,ssd_alphagrid,a6.0_l1.0_b256,25,5000,42,9.3700,10.4111,0.0000,95.1222,0.0000,-84.7111,84.7111,20.213,0.058,,NVIDIA L4,4875190
cifar10,resnet18,0,ssd_alphagrid,a6.0_l1.0_b256,5,5000,42,90.6700,92.0778,78.0000,95.1222,0.0000,-3.0444,81.0444,20.199,0.045,,NVIDIA L4,4875190
cifar10,resnet18,0,ssd_alphagrid,a6.0_l1.0_b256,50,5000,42,12.5000,13.8889,0.0000,95.1222,0.0000,-81.2333,81.2333,20.209,0.054,,NVIDIA L4,4875190
cifar10,resnet18,0,ssd_alphagrid,a6.0_l1.0_b256,500,5000,42,89.3100,95.2111,36.2000,95.1222,0.0000,+0.0889,36.2889,20.400,0.246,,NVIDIA L4,4875190
cifar10,resnet18,0,ssd_alphagrid,a6.0_l1.0_b256,5000,5000,42,84.8200,94.2444,0.0000,95.1222,0.0000,-0.8778,0.8778,22.478,2.323,,NVIDIA L4,4875190
cifar10,resnet18,0,unact,p99.0_g0.01_k20,1,5000,42,85.5500,95.0556,0.0000,95.1222,0.0000,-0.0667,0.0667,0.259,0.259,4.9615,NVIDIA L4,4875190
cifar10,resnet18,0,unact,p99.0_g0.01_k20,10,5000,42,85.6700,95.1889,0.0000,95.1222,0.0000,+0.0667,0.0667,0.100,0.100,4.9615,NVIDIA L4,4875190
cifar10,resnet18,0,unact,p99.0_g0.01_k20,100,5000,42,85.6200,95.1333,0.0000,95.1222,0.0000,+0.0111,0.0111,0.419,0.419,4.9615,NVIDIA L4,4875190
cifar10,resnet18,0,unact,p99.0_g0.01_k20,1000,5000,42,85.6200,95.1333,0.0000,95.1222,0.0000,+0.0111,0.0111,3.482,3.482,4.9615,NVIDIA L4,4875190
cifar10,resnet18,0,unact,p99.0_g0.01_k20,25,5000,42,85.6500,95.1667,0.0000,95.1222,0.0000,+0.0444,0.0444,0.147,0.147,4.9615,NVIDIA L4,4875190
cifar10,resnet18,0,unact,p99.0_g0.01_k20,5,5000,42,85.6200,95.1333,0.0000,95.1222,0.0000,+0.0111,0.0111,0.146,0.146,4.9615,NVIDIA L4,4875190
cifar10,resnet18,0,unact,p99.0_g0.01_k20,50,5000,42,85.6200,95.1333,0.0000,95.1222,0.0000,+0.0111,0.0111,0.234,0.234,4.9615,NVIDIA L4,4875190
cifar10,resnet18,0,unact,p99.0_g0.01_k20,500,5000,42,85.6200,95.1333,0.0000,95.1222,0.0000,+0.0111,0.0111,1.966,1.966,4.9615,NVIDIA L4,4875190
cifar10,resnet18,0,unact,p99.0_g0.01_k20,5000,5000,42,85.6200,95.1333,0.0000,95.1222,0.0000,+0.0111,0.0111,16.263,16.263,4.9615,NVIDIA L4,4875190
cifar10,resnet18,2,ssd,a8.0_l1.0_b256,1,5000,42,93.4200,94.5222,83.5000,95.4889,0.0000,-0.9667,84.4667,26.325,0.036,,NVIDIA L4,4875190
cifar10,resnet18,2,ssd,a8.0_l1.0_b256,10,5000,42,72.7600,78.9111,17.4000,95.4889,0.0000,-16.5778,33.9778,26.326,0.038,,NVIDIA L4,4875190
cifar10,resnet18,2,ssd,a8.0_l1.0_b256,100,5000,42,85.8300,95.3667,0.0000,95.4889,0.0000,-0.1222,0.1222,26.362,0.073,,NVIDIA L4,4875190
cifar10,resnet18,2,ssd,a8.0_l1.0_b256,1000,5000,42,84.4700,93.8556,0.0000,95.4889,0.0000,-1.6333,1.6333,26.759,0.471,,NVIDIA L4,4875190
cifar10,resnet18,2,ssd,a8.0_l1.0_b256,25,5000,42,10.1700,11.3000,0.0000,95.4889,0.0000,-84.1889,84.1889,26.329,0.040,,NVIDIA L4,4875190
cifar10,resnet18,2,ssd,a8.0_l1.0_b256,5,5000,42,94.9600,95.4111,90.9000,95.4889,0.0000,-0.0778,90.9778,26.319,0.030,,NVIDIA L4,4875190
cifar10,resnet18,2,ssd,a8.0_l1.0_b256,50,5000,42,72.9800,81.0889,0.0000,95.4889,0.0000,-14.4000,14.4000,26.335,0.046,,NVIDIA L4,4875190
cifar10,resnet18,2,ssd,a8.0_l1.0_b256,500,5000,42,86.2100,95.1556,5.7000,95.4889,0.0000,-0.3333,6.0333,26.582,0.293,,NVIDIA L4,4875190
cifar10,resnet18,2,ssd,a8.0_l1.0_b256,5000,5000,42,86.0300,95.5889,0.0000,95.4889,0.0000,+0.1000,0.1000,28.808,2.519,,NVIDIA L4,4875190
cifar10,resnet18,2,ssd_alphagrid,a10.0_l1.0_b256,1,5000,42,94.1100,94.7444,88.4000,95.4889,0.0000,-0.7444,89.1444,26.325,0.036,,NVIDIA L4,4875190
cifar10,resnet18,2,ssd_alphagrid,a10.0_l1.0_b256,10,5000,42,78.6700,82.9333,40.3000,95.4889,0.0000,-12.5556,52.8556,26.333,0.044,,NVIDIA L4,4875190
cifar10,resnet18,2,ssd_alphagrid,a10.0_l1.0_b256,100,5000,42,88.8700,95.5111,29.1000,95.4889,0.0000,+0.0222,29.1222,26.359,0.071,,NVIDIA L4,4875190
cifar10,resnet18,2,ssd_alphagrid,a10.0_l1.0_b256,1000,5000,42,88.5700,94.7889,32.6000,95.4889,0.0000,-0.7000,33.3000,26.759,0.470,,NVIDIA L4,4875190
cifar10,resnet18,2,ssd_alphagrid,a10.0_l1.0_b256,25,5000,42,11.3400,12.6000,0.0000,95.4889,0.0000,-82.8889,82.8889,26.336,0.047,,NVIDIA L4,4875190
cifar10,resnet18,2,ssd_alphagrid,a10.0_l1.0_b256,5,5000,42,94.9700,95.3556,91.5000,95.4889,0.0000,-0.1333,91.6333,26.319,0.030,,NVIDIA L4,4875190
cifar10,resnet18,2,ssd_alphagrid,a10.0_l1.0_b256,50,5000,42,78.3500,85.7667,11.6000,95.4889,0.0000,-9.7222,21.3222,26.334,0.045,,NVIDIA L4,4875190
cifar10,resnet18,2,ssd_alphagrid,a10.0_l1.0_b256,500,5000,42,93.5300,95.3444,77.2000,95.4889,0.0000,-0.1444,77.3444,26.582,0.293,,NVIDIA L4,4875190
cifar10,resnet18,2,ssd_alphagrid,a10.0_l1.0_b256,5000,5000,42,94.9700,95.2000,92.9000,95.4889,0.0000,-0.2889,93.1889,28.803,2.514,,NVIDIA L4,4875190
cifar10,resnet18,2,ssd_alphagrid,a12.0_l1.0_b256,1,5000,42,94.1200,94.6333,89.5000,95.4889,0.0000,-0.8556,90.3556,26.324,0.036,,NVIDIA L4,4875190
cifar10,resnet18,2,ssd_alphagrid,a12.0_l1.0_b256,10,5000,42,83.7300,86.6556,57.4000,95.4889,0.0000,-8.8333,66.2333,26.325,0.036,,NVIDIA L4,4875190
cifar10,resnet18,2,ssd_alphagrid,a12.0_l1.0_b256,100,5000,42,94.1700,95.5000,82.2000,95.4889,0.0000,+0.0111,82.2111,26.359,0.070,,NVIDIA L4,4875190
cifar10,resnet18,2,ssd_alphagrid,a12.0_l1.0_b256,1000,5000,42,93.2200,95.2000,75.4000,95.4889,0.0000,-0.2889,75.6889,26.759,0.470,,NVIDIA L4,4875190
cifar10,resnet18,2,ssd_alphagrid,a12.0_l1.0_b256,25,5000,42,11.6900,12.9889,0.0000,95.4889,0.0000,-82.5000,82.5000,26.335,0.047,,NVIDIA L4,4875190
cifar10,resnet18,2,ssd_alphagrid,a12.0_l1.0_b256,5,5000,42,94.9500,95.3333,91.5000,95.4889,0.0000,-0.1556,91.6556,26.318,0.029,,NVIDIA L4,4875190
cifar10,resnet18,2,ssd_alphagrid,a12.0_l1.0_b256,50,5000,42,88.6000,91.4111,63.3000,95.4889,0.0000,-4.0778,67.3778,26.338,0.049,,NVIDIA L4,4875190
cifar10,resnet18,2,ssd_alphagrid,a12.0_l1.0_b256,500,5000,42,94.6400,95.4333,87.5000,95.4889,0.0000,-0.0556,87.5556,26.581,0.293,,NVIDIA L4,4875190
cifar10,resnet18,2,ssd_alphagrid,a12.0_l1.0_b256,5000,5000,42,94.9900,95.2222,92.9000,95.4889,0.0000,-0.2667,93.1667,28.802,2.513,,NVIDIA L4,4875190
cifar10,resnet18,2,ssd_alphagrid,a15.0_l1.0_b256,1,5000,42,94.6000,94.9889,91.1000,95.4889,0.0000,-0.5000,91.6000,26.330,0.042,,NVIDIA L4,4875190
cifar10,resnet18,2,ssd_alphagrid,a15.0_l1.0_b256,10,5000,42,88.0900,90.1333,69.7000,95.4889,0.0000,-5.3556,75.0556,26.331,0.043,,NVIDIA L4,4875190
cifar10,resnet18,2,ssd_alphagrid,a15.0_l1.0_b256,100,5000,42,94.8600,95.3444,90.5000,95.4889,0.0000,-0.1444,90.6444,26.359,0.070,,NVIDIA L4,4875190
cifar10,resnet18,2,ssd_alphagrid,a15.0_l1.0_b256,1000,5000,42,94.6400,95.2222,89.4000,95.4889,0.0000,-0.2667,89.6667,26.759,0.470,,NVIDIA L4,4875190
cifar10,resnet18,2,ssd_alphagrid,a15.0_l1.0_b256,25,5000,42,13.7400,15.2667,0.0000,95.4889,0.0000,-80.2222,80.2222,26.335,0.046,,NVIDIA L4,4875190
cifar10,resnet18,2,ssd_alphagrid,a15.0_l1.0_b256,5,5000,42,94.9000,95.2444,91.8000,95.4889,0.0000,-0.2444,92.0444,26.319,0.030,,NVIDIA L4,4875190
cifar10,resnet18,2,ssd_alphagrid,a15.0_l1.0_b256,50,5000,42,90.2300,91.7667,76.3000,95.4889,0.0000,-3.7222,80.0222,26.337,0.048,,NVIDIA L4,4875190
cifar10,resnet18,2,ssd_alphagrid,a15.0_l1.0_b256,500,5000,42,94.8700,95.3889,90.2000,95.4889,0.0000,-0.1000,90.3000,26.581,0.292,,NVIDIA L4,4875190
cifar10,resnet18,2,ssd_alphagrid,a15.0_l1.0_b256,5000,5000,42,94.9700,95.2000,92.9000,95.4889,0.0000,-0.2889,93.1889,28.802,2.513,,NVIDIA L4,4875190
cifar10,resnet18,2,ssd_alphagrid,a2.0_l1.0_b256,1,5000,42,56.9300,63.2556,0.0000,95.4889,0.0000,-32.2333,32.2333,26.328,0.039,,NVIDIA L4,4875190
cifar10,resnet18,2,ssd_alphagrid,a2.0_l1.0_b256,10,5000,42,14.5800,16.2000,0.0000,95.4889,0.0000,-79.2889,79.2889,26.325,0.036,,NVIDIA L4,4875190
cifar10,resnet18,2,ssd_alphagrid,a2.0_l1.0_b256,100,5000,42,45.2000,50.2222,0.0000,95.4889,0.0000,-45.2667,45.2667,26.365,0.076,,NVIDIA L4,4875190
cifar10,resnet18,2,ssd_alphagrid,a2.0_l1.0_b256,1000,5000,42,13.9300,15.4778,0.0000,95.4889,0.0000,-80.0111,80.0111,26.764,0.475,,NVIDIA L4,4875190
cifar10,resnet18,2,ssd_alphagrid,a2.0_l1.0_b256,25,5000,42,10.1200,11.2444,0.0000,95.4889,0.0000,-84.2444,84.2444,26.330,0.041,,NVIDIA L4,4875190
cifar10,resnet18,2,ssd_alphagrid,a2.0_l1.0_b256,5,5000,42,85.2400,94.6333,0.7000,95.4889,0.0000,-0.8556,1.5556,26.318,0.029,,NVIDIA L4,4875190
cifar10,resnet18,2,ssd_alphagrid,a2.0_l1.0_b256,50,5000,42,10.0800,11.2000,0.0000,95.4889,0.0000,-84.2889,84.2889,26.338,0.049,,NVIDIA L4,4875190
cifar10,resnet18,2,ssd_alphagrid,a2.0_l1.0_b256,500,5000,42,48.4500,53.8333,0.0000,95.4889,0.0000,-41.6556,41.6556,26.583,0.294,,NVIDIA L4,4875190
cifar10,resnet18,2,ssd_alphagrid,a2.0_l1.0_b256,5000,5000,42,29.6200,32.9111,0.0000,95.4889,0.0000,-62.5778,62.5778,28.808,2.519,,NVIDIA L4,4875190
cifar10,resnet18,2,ssd_alphagrid,a20.0_l1.0_b256,1,5000,42,94.8000,95.0889,92.2000,95.4889,0.0000,-0.4000,92.6000,26.328,0.039,,NVIDIA L4,4875190
cifar10,resnet18,2,ssd_alphagrid,a20.0_l1.0_b256,10,5000,42,90.7700,92.2000,77.9000,95.4889,0.0000,-3.2889,81.1889,26.326,0.037,,NVIDIA L4,4875190
cifar10,resnet18,2,ssd_alphagrid,a20.0_l1.0_b256,100,5000,42,94.9400,95.2333,92.3000,95.4889,0.0000,-0.2556,92.5556,26.359,0.070,,NVIDIA L4,4875190
cifar10,resnet18,2,ssd_alphagrid,a20.0_l1.0_b256,1000,5000,42,94.9900,95.3000,92.2000,95.4889,0.0000,-0.1889,92.3889,26.758,0.469,,NVIDIA L4,4875190
cifar10,resnet18,2,ssd_alphagrid,a20.0_l1.0_b256,25,5000,42,40.2700,44.0444,6.3000,95.4889,0.0000,-51.4444,57.7444,26.329,0.040,,NVIDIA L4,4875190
cifar10,resnet18,2,ssd_alphagrid,a20.0_l1.0_b256,5,5000,42,94.9300,95.2444,92.1000,95.4889,0.0000,-0.2444,92.3444,26.319,0.030,,NVIDIA L4,4875190
cifar10,resnet18,2,ssd_alphagrid,a20.0_l1.0_b256,50,5000,42,94.5400,94.9333,91.0000,95.4889,0.0000,-0.5556,91.5556,26.333,0.044,,NVIDIA L4,4875190
cifar10,resnet18,2,ssd_alphagrid,a20.0_l1.0_b256,500,5000,42,94.9400,95.3667,91.1000,95.4889,0.0000,-0.1222,91.2222,26.581,0.292,,NVIDIA L4,4875190
cifar10,resnet18,2,ssd_alphagrid,a20.0_l1.0_b256,5000,5000,42,94.9700,95.2000,92.9000,95.4889,0.0000,-0.2889,93.1889,28.801,2.512,,NVIDIA L4,4875190
cifar10,resnet18,2,ssd_alphagrid,a30.0_l1.0_b256,1,5000,42,94.9400,95.3222,91.5000,95.4889,0.0000,-0.1667,91.6667,26.324,0.035,,NVIDIA L4,4875190
cifar10,resnet18,2,ssd_alphagrid,a30.0_l1.0_b256,10,5000,42,93.6100,94.5556,85.1000,95.4889,0.0000,-0.9333,86.0333,26.324,0.036,,NVIDIA L4,4875190
cifar10,resnet18,2,ssd_alphagrid,a30.0_l1.0_b256,100,5000,42,94.9700,95.2333,92.6000,95.4889,0.0000,-0.2556,92.8556,26.357,0.069,,NVIDIA L4,4875190
cifar10,resnet18,2,ssd_alphagrid,a30.0_l1.0_b256,1000,5000,42,95.0100,95.2333,93.0000,95.4889,0.0000,-0.2556,93.2556,26.758,0.469,,NVIDIA L4,4875190
cifar10,resnet18,2,ssd_alphagrid,a30.0_l1.0_b256,25,5000,42,87.6500,89.7333,68.9000,95.4889,0.0000,-5.7556,74.6556,26.328,0.040,,NVIDIA L4,4875190
cifar10,resnet18,2,ssd_alphagrid,a30.0_l1.0_b256,5,5000,42,94.9900,95.2444,92.7000,95.4889,0.0000,-0.2444,92.9444,26.321,0.032,,NVIDIA L4,4875190
cifar10,resnet18,2,ssd_alphagrid,a30.0_l1.0_b256,50,5000,42,94.8400,95.2111,91.5000,95.4889,0.0000,-0.2778,91.7778,26.333,0.045,,NVIDIA L4,4875190
cifar10,resnet18,2,ssd_alphagrid,a30.0_l1.0_b256,500,5000,42,94.9400,95.2556,92.1000,95.4889,0.0000,-0.2333,92.3333,26.582,0.293,,NVIDIA L4,4875190
cifar10,resnet18,2,ssd_alphagrid,a30.0_l1.0_b256,5000,5000,42,94.9700,95.2000,92.9000,95.4889,0.0000,-0.2889,93.1889,28.801,2.512,,NVIDIA L4,4875190
cifar10,resnet18,2,ssd_alphagrid,a4.0_l1.0_b256,1,5000,42,83.4300,88.1333,41.1000,95.4889,0.0000,-7.3556,48.4556,26.329,0.040,,NVIDIA L4,4875190
cifar10,resnet18,2,ssd_alphagrid,a4.0_l1.0_b256,10,5000,42,16.4500,18.2778,0.0000,95.4889,0.0000,-77.2111,77.2111,26.327,0.038,,NVIDIA L4,4875190
cifar10,resnet18,2,ssd_alphagrid,a4.0_l1.0_b256,100,5000,42,80.8000,89.7778,0.0000,95.4889,0.0000,-5.7111,5.7111,26.362,0.074,,NVIDIA L4,4875190
cifar10,resnet18,2,ssd_alphagrid,a4.0_l1.0_b256,1000,5000,42,52.5700,58.4111,0.0000,95.4889,0.0000,-37.0778,37.0778,26.761,0.473,,NVIDIA L4,4875190
cifar10,resnet18,2,ssd_alphagrid,a4.0_l1.0_b256,25,5000,42,10.0100,11.1222,0.0000,95.4889,0.0000,-84.3667,84.3667,26.329,0.040,,NVIDIA L4,4875190
cifar10,resnet18,2,ssd_alphagrid,a4.0_l1.0_b256,5,5000,42,93.7000,95.4333,78.1000,95.4889,0.0000,-0.0556,78.1556,26.318,0.030,,NVIDIA L4,4875190
cifar10,resnet18,2,ssd_alphagrid,a4.0_l1.0_b256,50,5000,42,26.4800,29.4222,0.0000,95.4889,0.0000,-66.0667,66.0667,26.338,0.049,,NVIDIA L4,4875190
cifar10,resnet18,2,ssd_alphagrid,a4.0_l1.0_b256,500,5000,42,79.0100,87.7889,0.0000,95.4889,0.0000,-7.7000,7.7000,26.589,0.300,,NVIDIA L4,4875190
cifar10,resnet18,2,ssd_alphagrid,a4.0_l1.0_b256,5000,5000,42,84.2000,93.5556,0.0000,95.4889,0.0000,-1.9333,1.9333,28.804,2.515,,NVIDIA L4,4875190
cifar10,resnet18,2,ssd_alphagrid,a50.0_l1.0_b256,1,5000,42,94.9800,95.2667,92.4000,95.4889,0.0000,-0.2222,92.6222,26.324,0.035,,NVIDIA L4,4875190
cifar10,resnet18,2,ssd_alphagrid,a50.0_l1.0_b256,10,5000,42,94.4900,95.0222,89.7000,95.4889,0.0000,-0.4667,90.1667,26.325,0.036,,NVIDIA L4,4875190
cifar10,resnet18,2,ssd_alphagrid,a50.0_l1.0_b256,100,5000,42,95.0000,95.2333,92.9000,95.4889,0.0000,-0.2556,93.1556,26.357,0.069,,NVIDIA L4,4875190
cifar10,resnet18,2,ssd_alphagrid,a50.0_l1.0_b256,1000,5000,42,94.9800,95.2111,92.9000,95.4889,0.0000,-0.2778,93.1778,26.757,0.469,,NVIDIA L4,4875190
cifar10,resnet18,2,ssd_alphagrid,a50.0_l1.0_b256,25,5000,42,89.8800,91.0778,79.1000,95.4889,0.0000,-4.4111,83.5111,26.328,0.039,,NVIDIA L4,4875190
cifar10,resnet18,2,ssd_alphagrid,a50.0_l1.0_b256,5,5000,42,94.9900,95.2444,92.7000,95.4889,0.0000,-0.2444,92.9444,26.321,0.032,,NVIDIA L4,4875190
cifar10,resnet18,2,ssd_alphagrid,a50.0_l1.0_b256,50,5000,42,94.9800,95.2444,92.6000,95.4889,0.0000,-0.2444,92.8444,26.333,0.044,,NVIDIA L4,4875190
cifar10,resnet18,2,ssd_alphagrid,a50.0_l1.0_b256,500,5000,42,95.0000,95.2333,92.9000,95.4889,0.0000,-0.2556,93.1556,26.581,0.292,,NVIDIA L4,4875190
cifar10,resnet18,2,ssd_alphagrid,a50.0_l1.0_b256,5000,5000,42,94.9700,95.2000,92.9000,95.4889,0.0000,-0.2889,93.1889,28.802,2.513,,NVIDIA L4,4875190
cifar10,resnet18,2,ssd_alphagrid,a6.0_l1.0_b256,1,5000,42,90.9500,93.2889,69.9000,95.4889,0.0000,-2.2000,72.1000,26.326,0.037,,NVIDIA L4,4875190
cifar10,resnet18,2,ssd_alphagrid,a6.0_l1.0_b256,10,5000,42,30.9600,34.4000,0.0000,95.4889,0.0000,-61.0889,61.0889,26.327,0.038,,NVIDIA L4,4875190
cifar10,resnet18,2,ssd_alphagrid,a6.0_l1.0_b256,100,5000,42,85.2900,94.7667,0.0000,95.4889,0.0000,-0.7222,0.7222,26.365,0.076,,NVIDIA L4,4875190
cifar10,resnet18,2,ssd_alphagrid,a6.0_l1.0_b256,1000,5000,42,82.6400,91.8222,0.0000,95.4889,0.0000,-3.6667,3.6667,26.760,0.471,,NVIDIA L4,4875190
cifar10,resnet18,2,ssd_alphagrid,a6.0_l1.0_b256,25,5000,42,10.0000,11.1111,0.0000,95.4889,0.0000,-84.3778,84.3778,26.329,0.040,,NVIDIA L4,4875190
cifar10,resnet18,2,ssd_alphagrid,a6.0_l1.0_b256,5,5000,42,94.7600,95.3889,89.1000,95.4889,0.0000,-0.1000,89.2000,26.319,0.030,,NVIDIA L4,4875190
cifar10,resnet18,2,ssd_alphagrid,a6.0_l1.0_b256,50,5000,42,62.0900,68.9889,0.0000,95.4889,0.0000,-26.5000,26.5000,26.335,0.046,,NVIDIA L4,4875190
cifar10,resnet18,2,ssd_alphagrid,a6.0_l1.0_b256,500,5000,42,84.4700,93.8556,0.0000,95.4889,0.0000,-1.6333,1.6333,26.588,0.300,,NVIDIA L4,4875190
cifar10,resnet18,2,ssd_alphagrid,a6.0_l1.0_b256,5000,5000,42,85.8000,95.3333,0.0000,95.4889,0.0000,-0.1556,0.1556,28.802,2.513,,NVIDIA L4,4875190
cifar10,resnet18,2,unact,p99.0_g0.01_k20,1,5000,42,86.0600,95.5000,1.1000,95.4889,0.0000,+0.0111,1.1111,0.081,0.081,4.8375,NVIDIA L4,4875190
cifar10,resnet18,2,unact,p99.0_g0.01_k20,10,5000,42,86.0900,95.6556,0.0000,95.4889,0.0000,+0.1667,0.1667,0.085,0.085,4.9615,NVIDIA L4,4875190
cifar10,resnet18,2,unact,p99.0_g0.01_k20,100,5000,42,86.0800,95.6444,0.0000,95.4889,0.0000,+0.1556,0.1556,0.431,0.431,4.9615,NVIDIA L4,4875190
cifar10,resnet18,2,unact,p99.0_g0.01_k20,1000,5000,42,86.0900,95.6556,0.0000,95.4889,0.0000,+0.1667,0.1667,3.551,3.551,4.9615,NVIDIA L4,4875190
cifar10,resnet18,2,unact,p99.0_g0.01_k20,25,5000,42,86.0900,95.6556,0.0000,95.4889,0.0000,+0.1667,0.1667,0.160,0.160,4.9615,NVIDIA L4,4875190
cifar10,resnet18,2,unact,p99.0_g0.01_k20,5,5000,42,86.1100,95.6778,0.0000,95.4889,0.0000,+0.1889,0.1889,0.073,0.073,4.9615,NVIDIA L4,4875190
cifar10,resnet18,2,unact,p99.0_g0.01_k20,50,5000,42,86.1100,95.6778,0.0000,95.4889,0.0000,+0.1889,0.1889,0.239,0.239,4.9615,NVIDIA L4,4875190
cifar10,resnet18,2,unact,p99.0_g0.01_k20,500,5000,42,86.0900,95.6556,0.0000,95.4889,0.0000,+0.1667,0.1667,2.112,2.112,4.9615,NVIDIA L4,4875190
cifar10,resnet18,2,unact,p99.0_g0.01_k20,5000,5000,42,86.0900,95.6556,0.0000,95.4889,0.0000,+0.1667,0.1667,17.906,17.906,4.9615,NVIDIA L4,4875190
cifar10,resnet18,3,ssd,a8.0_l1.0_b256,1,5000,42,94.9700,95.7111,88.3000,96.4556,0.0000,-0.7444,89.0444,27.754,0.033,,NVIDIA L4,4875190
cifar10,resnet18,3,ssd,a8.0_l1.0_b256,10,5000,42,10.0000,11.1111,0.0000,96.4556,0.0000,-85.3444,85.3444,27.761,0.041,,NVIDIA L4,4875190
cifar10,resnet18,3,ssd,a8.0_l1.0_b256,100,5000,42,72.2500,80.2778,0.0000,96.4556,0.0000,-16.1778,16.1778,27.796,0.076,,NVIDIA L4,4875190
cifar10,resnet18,3,ssd,a8.0_l1.0_b256,1000,5000,42,69.5100,77.2333,0.0000,96.4556,0.0000,-19.2222,19.2222,28.207,0.487,,NVIDIA L4,4875190
cifar10,resnet18,3,ssd,a8.0_l1.0_b256,25,5000,42,10.4200,11.5778,0.0000,96.4556,0.0000,-84.8778,84.8778,27.759,0.039,,NVIDIA L4,4875190
cifar10,resnet18,3,ssd,a8.0_l1.0_b256,5,5000,42,10.0000,11.1111,0.0000,96.4556,0.0000,-85.3444,85.3444,27.760,0.040,,NVIDIA L4,4875190
cifar10,resnet18,3,ssd,a8.0_l1.0_b256,50,5000,42,10.1300,11.2556,0.0000,96.4556,0.0000,-85.2000,85.2000,27.774,0.054,,NVIDIA L4,4875190
cifar10,resnet18,3,ssd,a8.0_l1.0_b256,500,5000,42,91.5000,95.3111,57.2000,96.4556,0.0000,-1.1444,58.3444,27.991,0.271,,NVIDIA L4,4875190
cifar10,resnet18,3,ssd,a8.0_l1.0_b256,5000,5000,42,85.7900,95.3222,0.0000,96.4556,0.0000,-1.1333,1.1333,30.398,2.678,,NVIDIA L4,4875190
cifar10,resnet18,3,ssd_alphagrid,a10.0_l1.0_b256,1,5000,42,94.9700,95.7111,88.3000,96.4556,0.0000,-0.7444,89.0444,27.751,0.031,,NVIDIA L4,4875190
cifar10,resnet18,3,ssd_alphagrid,a10.0_l1.0_b256,10,5000,42,10.0000,11.1111,0.0000,96.4556,0.0000,-85.3444,85.3444,27.757,0.037,,NVIDIA L4,4875190
cifar10,resnet18,3,ssd_alphagrid,a10.0_l1.0_b256,100,5000,42,81.2200,90.2444,0.0000,96.4556,0.0000,-6.2111,6.2111,27.797,0.077,,NVIDIA L4,4875190
cifar10,resnet18,3,ssd_alphagrid,a10.0_l1.0_b256,1000,5000,42,79.7300,88.5889,0.0000,96.4556,0.0000,-7.8667,7.8667,28.205,0.484,,NVIDIA L4,4875190
cifar10,resnet18,3,ssd_alphagrid,a10.0_l1.0_b256,25,5000,42,11.0200,12.2444,0.0000,96.4556,0.0000,-84.2111,84.2111,27.759,0.038,,NVIDIA L4,4875190
cifar10,resnet18,3,ssd_alphagrid,a10.0_l1.0_b256,5,5000,42,10.0000,11.1111,0.0000,96.4556,0.0000,-85.3444,85.3444,27.759,0.039,,NVIDIA L4,4875190
cifar10,resnet18,3,ssd_alphagrid,a10.0_l1.0_b256,50,5000,42,15.0100,16.6778,0.0000,96.4556,0.0000,-79.7778,79.7778,27.770,0.049,,NVIDIA L4,4875190
cifar10,resnet18,3,ssd_alphagrid,a10.0_l1.0_b256,500,5000,42,94.5800,95.7889,83.7000,96.4556,0.0000,-0.6667,84.3667,28.000,0.279,,NVIDIA L4,4875190
cifar10,resnet18,3,ssd_alphagrid,a10.0_l1.0_b256,5000,5000,42,94.7600,95.5556,87.6000,96.4556,0.0000,-0.9000,88.5000,30.398,2.678,,NVIDIA L4,4875190
cifar10,resnet18,3,ssd_alphagrid,a12.0_l1.0_b256,1,5000,42,94.9800,95.7222,88.3000,96.4556,0.0000,-0.7333,89.0333,27.751,0.030,,NVIDIA L4,4875190
cifar10,resnet18,3,ssd_alphagrid,a12.0_l1.0_b256,10,5000,42,10.0000,11.1111,0.0000,96.4556,0.0000,-85.3444,85.3444,27.758,0.037,,NVIDIA L4,4875190
cifar10,resnet18,3,ssd_alphagrid,a12.0_l1.0_b256,100,5000,42,87.1600,93.3556,31.4000,96.4556,0.0000,-3.1000,34.5000,27.796,0.076,,NVIDIA L4,4875190
cifar10,resnet18,3,ssd_alphagrid,a12.0_l1.0_b256,1000,5000,42,92.6100,94.1889,78.4000,96.4556,0.0000,-2.2667,80.6667,28.205,0.484,,NVIDIA L4,4875190
cifar10,resnet18,3,ssd_alphagrid,a12.0_l1.0_b256,25,5000,42,10.0100,11.1222,0.0000,96.4556,0.0000,-85.3333,85.3333,27.759,0.039,,NVIDIA L4,4875190
cifar10,resnet18,3,ssd_alphagrid,a12.0_l1.0_b256,5,5000,42,10.0000,11.1111,0.0000,96.4556,0.0000,-85.3444,85.3444,27.760,0.040,,NVIDIA L4,4875190
cifar10,resnet18,3,ssd_alphagrid,a12.0_l1.0_b256,50,5000,42,13.9800,15.5333,0.0000,96.4556,0.0000,-80.9222,80.9222,27.771,0.051,,NVIDIA L4,4875190
cifar10,resnet18,3,ssd_alphagrid,a12.0_l1.0_b256,500,5000,42,94.8900,95.9111,85.7000,96.4556,0.0000,-0.5444,86.2444,27.992,0.271,,NVIDIA L4,4875190
cifar10,resnet18,3,ssd_alphagrid,a12.0_l1.0_b256,5000,5000,42,95.0000,95.7333,88.4000,96.4556,0.0000,-0.7222,89.1222,30.397,2.677,,NVIDIA L4,4875190
cifar10,resnet18,3,ssd_alphagrid,a15.0_l1.0_b256,1,5000,42,94.9800,95.7222,88.3000,96.4556,0.0000,-0.7333,89.0333,27.750,0.030,,NVIDIA L4,4875190
cifar10,resnet18,3,ssd_alphagrid,a15.0_l1.0_b256,10,5000,42,10.0000,11.1111,0.0000,96.4556,0.0000,-85.3444,85.3444,27.758,0.037,,NVIDIA L4,4875190
cifar10,resnet18,3,ssd_alphagrid,a15.0_l1.0_b256,100,5000,42,92.3300,94.9667,68.6000,96.4556,0.0000,-1.4889,70.0889,27.796,0.076,,NVIDIA L4,4875190
cifar10,resnet18,3,ssd_alphagrid,a15.0_l1.0_b256,1000,5000,42,94.1900,95.1556,85.5000,96.4556,0.0000,-1.3000,86.8000,28.204,0.484,,NVIDIA L4,4875190
cifar10,resnet18,3,ssd_alphagrid,a15.0_l1.0_b256,25,5000,42,19.9800,22.2000,0.0000,96.4556,0.0000,-74.2556,74.2556,27.760,0.040,,NVIDIA L4,4875190
cifar10,resnet18,3,ssd_alphagrid,a15.0_l1.0_b256,5,5000,42,10.0000,11.1111,0.0000,96.4556,0.0000,-85.3444,85.3444,27.759,0.039,,NVIDIA L4,4875190
cifar10,resnet18,3,ssd_alphagrid,a15.0_l1.0_b256,50,5000,42,21.6500,24.0556,0.0000,96.4556,0.0000,-72.4000,72.4000,27.770,0.049,,NVIDIA L4,4875190
cifar10,resnet18,3,ssd_alphagrid,a15.0_l1.0_b256,500,5000,42,95.0100,95.8000,87.9000,96.4556,0.0000,-0.6556,88.5556,27.990,0.270,,NVIDIA L4,4875190
cifar10,resnet18,3,ssd_alphagrid,a15.0_l1.0_b256,5000,5000,42,94.9800,95.7333,88.2000,96.4556,0.0000,-0.7222,88.9222,30.398,2.678,,NVIDIA L4,4875190
cifar10,resnet18,3,ssd_alphagrid,a2.0_l1.0_b256,1,5000,42,95.0300,95.8000,88.1000,96.4556,0.0000,-0.6556,88.7556,27.750,0.029,,NVIDIA L4,4875190
cifar10,resnet18,3,ssd_alphagrid,a2.0_l1.0_b256,10,5000,42,10.0000,11.1111,0.0000,96.4556,0.0000,-85.3444,85.3444,27.758,0.037,,NVIDIA L4,4875190
cifar10,resnet18,3,ssd_alphagrid,a2.0_l1.0_b256,100,5000,42,10.1200,11.2444,0.0000,96.4556,0.0000,-85.2111,85.2111,27.801,0.080,,NVIDIA L4,4875190
cifar10,resnet18,3,ssd_alphagrid,a2.0_l1.0_b256,1000,5000,42,15.1200,16.8000,0.0000,96.4556,0.0000,-79.6556,79.6556,28.210,0.490,,NVIDIA L4,4875190
cifar10,resnet18,3,ssd_alphagrid,a2.0_l1.0_b256,25,5000,42,10.0000,11.1111,0.0000,96.4556,0.0000,-85.3444,85.3444,27.758,0.038,,NVIDIA L4,4875190
cifar10,resnet18,3,ssd_alphagrid,a2.0_l1.0_b256,5,5000,42,10.0000,11.1111,0.0000,96.4556,0.0000,-85.3444,85.3444,27.758,0.038,,NVIDIA L4,4875190
cifar10,resnet18,3,ssd_alphagrid,a2.0_l1.0_b256,50,5000,42,10.0000,11.1111,0.0000,96.4556,0.0000,-85.3444,85.3444,27.771,0.050,,NVIDIA L4,4875190
cifar10,resnet18,3,ssd_alphagrid,a2.0_l1.0_b256,500,5000,42,26.0300,28.9222,0.0000,96.4556,0.0000,-67.5333,67.5333,27.995,0.275,,NVIDIA L4,4875190
cifar10,resnet18,3,ssd_alphagrid,a2.0_l1.0_b256,5000,5000,42,10.0000,11.1111,0.0000,96.4556,0.0000,-85.3444,85.3444,30.405,2.685,,NVIDIA L4,4875190
cifar10,resnet18,3,ssd_alphagrid,a20.0_l1.0_b256,1,5000,42,94.9900,95.7222,88.4000,96.4556,0.0000,-0.7333,89.1333,27.750,0.030,,NVIDIA L4,4875190
cifar10,resnet18,3,ssd_alphagrid,a20.0_l1.0_b256,10,5000,42,11.1200,12.3556,0.0000,96.4556,0.0000,-84.1000,84.1000,27.763,0.043,,NVIDIA L4,4875190
cifar10,resnet18,3,ssd_alphagrid,a20.0_l1.0_b256,100,5000,42,93.9200,95.6444,78.4000,96.4556,0.0000,-0.8111,79.2111,27.795,0.075,,NVIDIA L4,4875190
cifar10,resnet18,3,ssd_alphagrid,a20.0_l1.0_b256,1000,5000,42,94.7300,95.5889,87.0000,96.4556,0.0000,-0.8667,87.8667,28.207,0.486,,NVIDIA L4,4875190
cifar10,resnet18,3,ssd_alphagrid,a20.0_l1.0_b256,25,5000,42,21.2800,23.6222,0.2000,96.4556,0.0000,-72.8333,73.0333,27.758,0.038,,NVIDIA L4,4875190
cifar10,resnet18,3,ssd_alphagrid,a20.0_l1.0_b256,5,5000,42,10.0000,11.1111,0.0000,96.4556,0.0000,-85.3444,85.3444,27.759,0.039,,NVIDIA L4,4875190
cifar10,resnet18,3,ssd_alphagrid,a20.0_l1.0_b256,50,5000,42,55.1700,60.5667,6.6000,96.4556,0.0000,-35.8889,42.4889,27.769,0.049,,NVIDIA L4,4875190
cifar10,resnet18,3,ssd_alphagrid,a20.0_l1.0_b256,500,5000,42,95.0800,95.8778,87.9000,96.4556,0.0000,-0.5778,88.4778,27.993,0.272,,NVIDIA L4,4875190
cifar10,resnet18,3,ssd_alphagrid,a20.0_l1.0_b256,5000,5000,42,94.9500,95.7000,88.2000,96.4556,0.0000,-0.7556,88.9556,30.399,2.678,,NVIDIA L4,4875190
cifar10,resnet18,3,ssd_alphagrid,a30.0_l1.0_b256,1,5000,42,94.9800,95.7111,88.4000,96.4556,0.0000,-0.7444,89.1444,27.750,0.030,,NVIDIA L4,4875190
cifar10,resnet18,3,ssd_alphagrid,a30.0_l1.0_b256,10,5000,42,10.0000,11.1111,0.0000,96.4556,0.0000,-85.3444,85.3444,27.763,0.043,,NVIDIA L4,4875190
cifar10,resnet18,3,ssd_alphagrid,a30.0_l1.0_b256,100,5000,42,94.8300,95.8222,85.9000,96.4556,0.0000,-0.6333,86.5333,27.796,0.075,,NVIDIA L4,4875190
cifar10,resnet18,3,ssd_alphagrid,a30.0_l1.0_b256,1000,5000,42,95.0100,95.7000,88.8000,96.4556,0.0000,-0.7556,89.5556,28.203,0.482,,NVIDIA L4,4875190
cifar10,resnet18,3,ssd_alphagrid,a30.0_l1.0_b256,25,5000,42,44.3500,44.3111,44.7000,96.4556,0.0000,-52.1444,96.8444,27.758,0.038,,NVIDIA L4,4875190
cifar10,resnet18,3,ssd_alphagrid,a30.0_l1.0_b256,5,5000,42,9.5700,10.6333,0.0000,96.4556,0.0000,-85.8222,85.8222,27.762,0.042,,NVIDIA L4,4875190
cifar10,resnet18,3,ssd_alphagrid,a30.0_l1.0_b256,50,5000,42,87.4900,89.3000,71.2000,96.4556,0.0000,-7.1556,78.3556,27.769,0.048,,NVIDIA L4,4875190
cifar10,resnet18,3,ssd_alphagrid,a30.0_l1.0_b256,500,5000,42,95.0500,95.8000,88.3000,96.4556,0.0000,-0.6556,88.9556,27.992,0.272,,NVIDIA L4,4875190
cifar10,resnet18,3,ssd_alphagrid,a30.0_l1.0_b256,5000,5000,42,94.9800,95.7222,88.3000,96.4556,0.0000,-0.7333,89.0333,30.397,2.676,,NVIDIA L4,4875190
cifar10,resnet18,3,ssd_alphagrid,a4.0_l1.0_b256,1,5000,42,95.0000,95.7444,88.3000,96.4556,0.0000,-0.7111,89.0111,27.750,0.030,,NVIDIA L4,4875190
cifar10,resnet18,3,ssd_alphagrid,a4.0_l1.0_b256,10,5000,42,10.0000,11.1111,0.0000,96.4556,0.0000,-85.3444,85.3444,27.758,0.038,,NVIDIA L4,4875190
cifar10,resnet18,3,ssd_alphagrid,a4.0_l1.0_b256,100,5000,42,10.0100,11.1222,0.0000,96.4556,0.0000,-85.3333,85.3333,27.801,0.080,,NVIDIA L4,4875190
cifar10,resnet18,3,ssd_alphagrid,a4.0_l1.0_b256,1000,5000,42,12.6800,14.0889,0.0000,96.4556,0.0000,-82.3667,82.3667,28.208,0.487,,NVIDIA L4,4875190
cifar10,resnet18,3,ssd_alphagrid,a4.0_l1.0_b256,25,5000,42,10.0000,11.1111,0.0000,96.4556,0.0000,-85.3444,85.3444,27.759,0.039,,NVIDIA L4,4875190
cifar10,resnet18,3,ssd_alphagrid,a4.0_l1.0_b256,5,5000,42,10.0000,11.1111,0.0000,96.4556,0.0000,-85.3444,85.3444,27.765,0.045,,NVIDIA L4,4875190
cifar10,resnet18,3,ssd_alphagrid,a4.0_l1.0_b256,50,5000,42,10.9500,12.1667,0.0000,96.4556,0.0000,-84.2889,84.2889,27.772,0.051,,NVIDIA L4,4875190
cifar10,resnet18,3,ssd_alphagrid,a4.0_l1.0_b256,500,5000,42,70.9000,78.7778,0.0000,96.4556,0.0000,-17.6778,17.6778,27.992,0.272,,NVIDIA L4,4875190
cifar10,resnet18,3,ssd_alphagrid,a4.0_l1.0_b256,5000,5000,42,10.0000,11.1111,0.0000,96.4556,0.0000,-85.3444,85.3444,30.401,2.680,,NVIDIA L4,4875190
cifar10,resnet18,3,ssd_alphagrid,a50.0_l1.0_b256,1,5000,42,94.9800,95.7222,88.3000,96.4556,0.0000,-0.7333,89.0333,27.750,0.030,,NVIDIA L4,4875190
cifar10,resnet18,3,ssd_alphagrid,a50.0_l1.0_b256,10,5000,42,12.3200,13.6889,0.0000,96.4556,0.0000,-82.7667,82.7667,27.756,0.036,,NVIDIA L4,4875190
cifar10,resnet18,3,ssd_alphagrid,a50.0_l1.0_b256,100,5000,42,94.9400,95.7667,87.5000,96.4556,0.0000,-0.6889,88.1889,27.795,0.075,,NVIDIA L4,4875190
cifar10,resnet18,3,ssd_alphagrid,a50.0_l1.0_b256,1000,5000,42,94.9800,95.7111,88.4000,96.4556,0.0000,-0.7444,89.1444,28.203,0.483,,NVIDIA L4,4875190
cifar10,resnet18,3,ssd_alphagrid,a50.0_l1.0_b256,25,5000,42,77.4300,76.2111,88.4000,96.4556,0.0000,-20.2444,108.6444,27.758,0.038,,NVIDIA L4,4875190
cifar10,resnet18,3,ssd_alphagrid,a50.0_l1.0_b256,5,5000,42,10.0000,11.1111,0.0000,96.4556,0.0000,-85.3444,85.3444,27.766,0.046,,NVIDIA L4,4875190
cifar10,resnet18,3,ssd_alphagrid,a50.0_l1.0_b256,50,5000,42,94.3300,95.4333,84.4000,96.4556,0.0000,-1.0222,85.4222,27.769,0.048,,NVIDIA L4,4875190
cifar10,resnet18,3,ssd_alphagrid,a50.0_l1.0_b256,500,5000,42,94.9800,95.7111,88.4000,96.4556,0.0000,-0.7444,89.1444,27.990,0.270,,NVIDIA L4,4875190
cifar10,resnet18,3,ssd_alphagrid,a50.0_l1.0_b256,5000,5000,42,94.9700,95.7111,88.3000,96.4556,0.0000,-0.7444,89.0444,30.396,2.676,,NVIDIA L4,4875190
cifar10,resnet18,3,ssd_alphagrid,a6.0_l1.0_b256,1,5000,42,94.9600,95.7000,88.3000,96.4556,0.0000,-0.7556,89.0556,27.754,0.033,,NVIDIA L4,4875190
cifar10,resnet18,3,ssd_alphagrid,a6.0_l1.0_b256,10,5000,42,10.0000,11.1111,0.0000,96.4556,0.0000,-85.3444,85.3444,27.757,0.037,,NVIDIA L4,4875190
cifar10,resnet18,3,ssd_alphagrid,a6.0_l1.0_b256,100,5000,42,42.1200,46.8000,0.0000,96.4556,0.0000,-49.6556,49.6556,27.797,0.077,,NVIDIA L4,4875190
cifar10,resnet18,3,ssd_alphagrid,a6.0_l1.0_b256,1000,5000,42,35.4800,39.4222,0.0000,96.4556,0.0000,-57.0333,57.0333,28.206,0.485,,NVIDIA L4,4875190
cifar10,resnet18,3,ssd_alphagrid,a6.0_l1.0_b256,25,5000,42,10.0200,11.1333,0.0000,96.4556,0.0000,-85.3222,85.3222,27.760,0.039,,NVIDIA L4,4875190
cifar10,resnet18,3,ssd_alphagrid,a6.0_l1.0_b256,5,5000,42,10.0000,11.1111,0.0000,96.4556,0.0000,-85.3444,85.3444,27.760,0.040,,NVIDIA L4,4875190
cifar10,resnet18,3,ssd_alphagrid,a6.0_l1.0_b256,50,5000,42,10.0000,11.1111,0.0000,96.4556,0.0000,-85.3444,85.3444,27.770,0.050,,NVIDIA L4,4875190
cifar10,resnet18,3,ssd_alphagrid,a6.0_l1.0_b256,500,5000,42,83.4800,92.7556,0.0000,96.4556,0.0000,-3.7000,3.7000,27.992,0.272,,NVIDIA L4,4875190
cifar10,resnet18,3,ssd_alphagrid,a6.0_l1.0_b256,5000,5000,42,49.5300,55.0333,0.0000,96.4556,0.0000,-41.4222,41.4222,30.401,2.680,,NVIDIA L4,4875190
cifar10,resnet18,3,unact,p99.0_g0.01_k20,1,5000,42,87.4000,96.3444,6.9000,96.4556,0.0000,-0.1111,7.0111,0.081,0.081,4.9615,NVIDIA L4,4875190
cifar10,resnet18,3,unact,p99.0_g0.01_k20,10,5000,42,86.7400,96.3333,0.4000,96.4556,0.0000,-0.1222,0.5222,0.111,0.111,4.9615,NVIDIA L4,4875190
cifar10,resnet18,3,unact,p99.0_g0.01_k20,100,5000,42,86.7300,96.3222,0.4000,96.4556,0.0000,-0.1333,0.5333,0.415,0.415,4.9615,NVIDIA L4,4875190
cifar10,resnet18,3,unact,p99.0_g0.01_k20,1000,5000,42,86.7300,96.3667,0.0000,96.4556,0.0000,-0.0889,0.0889,3.964,3.964,4.9615,NVIDIA L4,4875190
cifar10,resnet18,3,unact,p99.0_g0.01_k20,25,5000,42,86.7100,96.3444,0.0000,96.4556,0.0000,-0.1111,0.1111,0.185,0.185,4.9615,NVIDIA L4,4875190
cifar10,resnet18,3,unact,p99.0_g0.01_k20,5,5000,42,86.8400,96.4222,0.6000,96.4556,0.0000,-0.0333,0.6333,0.071,0.071,4.9615,NVIDIA L4,4875190
cifar10,resnet18,3,unact,p99.0_g0.01_k20,50,5000,42,86.7400,96.3444,0.3000,96.4556,0.0000,-0.1111,0.4111,0.241,0.241,4.9615,NVIDIA L4,4875190
cifar10,resnet18,3,unact,p99.0_g0.01_k20,500,5000,42,86.7100,96.3444,0.0000,96.4556,0.0000,-0.1111,0.1111,2.008,2.008,4.9615,NVIDIA L4,4875190
cifar10,resnet18,3,unact,p99.0_g0.01_k20,5000,5000,42,86.7300,96.3667,0.0000,96.4556,0.0000,-0.0889,0.0889,19.103,19.103,4.9615,NVIDIA L4,4875190
cifar10,resnet18,5,ssd,a8.0_l1.0_b256,1,5000,42,94.7700,95.0889,91.9000,95.9444,0.0000,-0.8556,92.7556,26.955,0.027,,NVIDIA L4,4875190
cifar10,resnet18,5,ssd,a8.0_l1.0_b256,10,5000,42,10.0000,11.1111,0.0000,95.9444,0.0000,-84.8333,84.8333,26.967,0.039,,NVIDIA L4,4875190
cifar10,resnet18,5,ssd,a8.0_l1.0_b256,100,5000,42,55.1000,61.2222,0.0000,95.9444,0.0000,-34.7222,34.7222,26.997,0.069,,NVIDIA L4,4875190
cifar10,resnet18,5,ssd,a8.0_l1.0_b256,1000,5000,42,86.1200,95.6889,0.0000,95.9444,0.0000,-0.2556,0.2556,27.537,0.609,,NVIDIA L4,4875190
cifar10,resnet18,5,ssd,a8.0_l1.0_b256,25,5000,42,15.1400,16.8222,0.0000,95.9444,0.0000,-79.1222,79.1222,26.972,0.044,,NVIDIA L4,4875190
cifar10,resnet18,5,ssd,a8.0_l1.0_b256,5,5000,42,10.0000,11.1111,0.0000,95.9444,0.0000,-84.8333,84.8333,26.966,0.037,,NVIDIA L4,4875190
cifar10,resnet18,5,ssd,a8.0_l1.0_b256,50,5000,42,17.1400,19.0444,0.0000,95.9444,0.0000,-76.9000,76.9000,26.974,0.046,,NVIDIA L4,4875190
cifar10,resnet18,5,ssd,a8.0_l1.0_b256,500,5000,42,85.2200,94.6889,0.0000,95.9444,0.0000,-1.2556,1.2556,27.178,0.250,,NVIDIA L4,4875190
cifar10,resnet18,5,ssd,a8.0_l1.0_b256,5000,5000,42,86.4200,96.0222,0.0000,95.9444,0.0000,+0.0778,0.0778,29.423,2.495,,NVIDIA L4,4875190
cifar10,resnet18,5,ssd_alphagrid,a10.0_l1.0_b256,1,5000,42,94.8000,95.0778,92.3000,95.9444,0.0000,-0.8667,93.1667,26.955,0.027,,NVIDIA L4,4875190
cifar10,resnet18,5,ssd_alphagrid,a10.0_l1.0_b256,10,5000,42,10.0000,11.1111,0.0000,95.9444,0.0000,-84.8333,84.8333,26.966,0.038,,NVIDIA L4,4875190
cifar10,resnet18,5,ssd_alphagrid,a10.0_l1.0_b256,100,5000,42,72.7500,80.8333,0.0000,95.9444,0.0000,-15.1111,15.1111,26.997,0.069,,NVIDIA L4,4875190
cifar10,resnet18,5,ssd_alphagrid,a10.0_l1.0_b256,1000,5000,42,86.8300,95.9111,5.1000,95.9444,0.0000,-0.0333,5.1333,27.536,0.608,,NVIDIA L4,4875190
cifar10,resnet18,5,ssd_alphagrid,a10.0_l1.0_b256,25,5000,42,13.1600,14.6222,0.0000,95.9444,0.0000,-81.3222,81.3222,26.971,0.043,,NVIDIA L4,4875190
cifar10,resnet18,5,ssd_alphagrid,a10.0_l1.0_b256,5,5000,42,10.0000,11.1111,0.0000,95.9444,0.0000,-84.8333,84.8333,26.966,0.038,,NVIDIA L4,4875190
cifar10,resnet18,5,ssd_alphagrid,a10.0_l1.0_b256,50,5000,42,23.9000,26.5556,0.0000,95.9444,0.0000,-69.3889,69.3889,26.975,0.046,,NVIDIA L4,4875190
cifar10,resnet18,5,ssd_alphagrid,a10.0_l1.0_b256,500,5000,42,87.6100,95.7111,14.7000,95.9444,0.0000,-0.2333,14.9333,27.178,0.250,,NVIDIA L4,4875190
cifar10,resnet18,5,ssd_alphagrid,a10.0_l1.0_b256,5000,5000,42,94.9600,95.2222,92.6000,95.9444,0.0000,-0.7222,93.3222,29.424,2.495,,NVIDIA L4,4875190
cifar10,resnet18,5,ssd_alphagrid,a12.0_l1.0_b256,1,5000,42,94.9500,95.2000,92.7000,95.9444,0.0000,-0.7444,93.4444,26.951,0.023,,NVIDIA L4,4875190
cifar10,resnet18,5,ssd_alphagrid,a12.0_l1.0_b256,10,5000,42,10.0000,11.1111,0.0000,95.9444,0.0000,-84.8333,84.8333,26.967,0.039,,NVIDIA L4,4875190
cifar10,resnet18,5,ssd_alphagrid,a12.0_l1.0_b256,100,5000,42,80.7200,89.6889,0.0000,95.9444,0.0000,-6.2556,6.2556,26.999,0.071,,NVIDIA L4,4875190
cifar10,resnet18,5,ssd_alphagrid,a12.0_l1.0_b256,1000,5000,42,93.3700,95.9444,70.2000,95.9444,0.0000,+0.0000,70.2000,27.536,0.608,,NVIDIA L4,4875190
cifar10,resnet18,5,ssd_alphagrid,a12.0_l1.0_b256,25,5000,42,9.3900,10.4333,0.0000,95.9444,0.0000,-85.5111,85.5111,26.971,0.043,,NVIDIA L4,4875190
cifar10,resnet18,5,ssd_alphagrid,a12.0_l1.0_b256,5,5000,42,10.0000,11.1111,0.0000,95.9444,0.0000,-84.8333,84.8333,26.966,0.038,,NVIDIA L4,4875190
cifar10,resnet18,5,ssd_alphagrid,a12.0_l1.0_b256,50,5000,42,37.9600,42.1778,0.0000,95.9444,0.0000,-53.7667,53.7667,26.975,0.046,,NVIDIA L4,4875190
cifar10,resnet18,5,ssd_alphagrid,a12.0_l1.0_b256,500,5000,42,94.5200,95.4778,85.9000,95.9444,0.0000,-0.4667,86.3667,27.183,0.255,,NVIDIA L4,4875190
cifar10,resnet18,5,ssd_alphagrid,a12.0_l1.0_b256,5000,5000,42,94.9800,95.2444,92.6000,95.9444,0.0000,-0.7000,93.3000,29.427,2.499,,NVIDIA L4,4875190
cifar10,resnet18,5,ssd_alphagrid,a15.0_l1.0_b256,1,5000,42,94.8900,95.1556,92.5000,95.9444,0.0000,-0.7889,93.2889,26.951,0.023,,NVIDIA L4,4875190
cifar10,resnet18,5,ssd_alphagrid,a15.0_l1.0_b256,10,5000,42,10.0000,11.1111,0.0000,95.9444,0.0000,-84.8333,84.8333,26.967,0.039,,NVIDIA L4,4875190
cifar10,resnet18,5,ssd_alphagrid,a15.0_l1.0_b256,100,5000,42,83.8600,93.0556,1.1000,95.9444,0.0000,-2.8889,3.9889,26.998,0.070,,NVIDIA L4,4875190
cifar10,resnet18,5,ssd_alphagrid,a15.0_l1.0_b256,1000,5000,42,94.9900,95.3000,92.2000,95.9444,0.0000,-0.6444,92.8444,27.536,0.608,,NVIDIA L4,4875190
cifar10,resnet18,5,ssd_alphagrid,a15.0_l1.0_b256,25,5000,42,15.3400,17.0444,0.0000,95.9444,0.0000,-78.9000,78.9000,26.971,0.043,,NVIDIA L4,4875190
cifar10,resnet18,5,ssd_alphagrid,a15.0_l1.0_b256,5,5000,42,10.0000,11.1111,0.0000,95.9444,0.0000,-84.8333,84.8333,26.965,0.037,,NVIDIA L4,4875190
cifar10,resnet18,5,ssd_alphagrid,a15.0_l1.0_b256,50,5000,42,53.8700,59.8556,0.0000,95.9444,0.0000,-36.0889,36.0889,26.974,0.045,,NVIDIA L4,4875190
cifar10,resnet18,5,ssd_alphagrid,a15.0_l1.0_b256,500,5000,42,94.8400,95.4111,89.7000,95.9444,0.0000,-0.5333,90.2333,27.180,0.252,,NVIDIA L4,4875190
cifar10,resnet18,5,ssd_alphagrid,a15.0_l1.0_b256,5000,5000,42,94.9700,95.2333,92.6000,95.9444,0.0000,-0.7111,93.3111,29.422,2.493,,NVIDIA L4,4875190
cifar10,resnet18,5,ssd_alphagrid,a2.0_l1.0_b256,1,5000,42,88.2900,89.8000,74.7000,95.9444,0.0000,-6.1444,80.8444,26.953,0.025,,NVIDIA L4,4875190
cifar10,resnet18,5,ssd_alphagrid,a2.0_l1.0_b256,10,5000,42,10.0000,11.1111,0.0000,95.9444,0.0000,-84.8333,84.8333,26.966,0.038,,NVIDIA L4,4875190
cifar10,resnet18,5,ssd_alphagrid,a2.0_l1.0_b256,100,5000,42,10.3100,11.4556,0.0000,95.9444,0.0000,-84.4889,84.4889,27.004,0.076,,NVIDIA L4,4875190
cifar10,resnet18,5,ssd_alphagrid,a2.0_l1.0_b256,1000,5000,42,20.3600,22.6222,0.0000,95.9444,0.0000,-73.3222,73.3222,27.538,0.610,,NVIDIA L4,4875190
cifar10,resnet18,5,ssd_alphagrid,a2.0_l1.0_b256,25,5000,42,10.0000,11.1111,0.0000,95.9444,0.0000,-84.8333,84.8333,26.972,0.044,,NVIDIA L4,4875190
cifar10,resnet18,5,ssd_alphagrid,a2.0_l1.0_b256,5,5000,42,10.0000,11.1111,0.0000,95.9444,0.0000,-84.8333,84.8333,26.965,0.037,,NVIDIA L4,4875190
cifar10,resnet18,5,ssd_alphagrid,a2.0_l1.0_b256,50,5000,42,9.8700,10.9667,0.0000,95.9444,0.0000,-84.9778,84.9778,26.974,0.046,,NVIDIA L4,4875190
cifar10,resnet18,5,ssd_alphagrid,a2.0_l1.0_b256,500,5000,42,19.6800,21.8667,0.0000,95.9444,0.0000,-74.0778,74.0778,27.178,0.250,,NVIDIA L4,4875190
cifar10,resnet18,5,ssd_alphagrid,a2.0_l1.0_b256,5000,5000,42,49.6100,55.1222,0.0000,95.9444,0.0000,-40.8222,40.8222,29.424,2.496,,NVIDIA L4,4875190
cifar10,resnet18,5,ssd_alphagrid,a20.0_l1.0_b256,1,5000,42,94.9500,95.2222,92.5000,95.9444,0.0000,-0.7222,93.2222,26.953,0.024,,NVIDIA L4,4875190
cifar10,resnet18,5,ssd_alphagrid,a20.0_l1.0_b256,10,5000,42,10.0000,11.1111,0.0000,95.9444,0.0000,-84.8333,84.8333,26.966,0.038,,NVIDIA L4,4875190
cifar10,resnet18,5,ssd_alphagrid,a20.0_l1.0_b256,100,5000,42,91.9000,94.7556,66.2000,95.9444,0.0000,-1.1889,67.3889,27.002,0.074,,NVIDIA L4,4875190
cifar10,resnet18,5,ssd_alphagrid,a20.0_l1.0_b256,1000,5000,42,95.0200,95.2889,92.6000,95.9444,0.0000,-0.6556,93.2556,27.535,0.607,,NVIDIA L4,4875190
cifar10,resnet18,5,ssd_alphagrid,a20.0_l1.0_b256,25,5000,42,17.0600,18.9556,0.0000,95.9444,0.0000,-76.9889,76.9889,26.972,0.044,,NVIDIA L4,4875190
cifar10,resnet18,5,ssd_alphagrid,a20.0_l1.0_b256,5,5000,42,10.0000,11.1111,0.0000,95.9444,0.0000,-84.8333,84.8333,26.965,0.037,,NVIDIA L4,4875190
cifar10,resnet18,5,ssd_alphagrid,a20.0_l1.0_b256,50,5000,42,73.7300,80.4778,13.0000,95.9444,0.0000,-15.4667,28.4667,26.974,0.046,,NVIDIA L4,4875190
cifar10,resnet18,5,ssd_alphagrid,a20.0_l1.0_b256,500,5000,42,94.9700,95.3111,91.9000,95.9444,0.0000,-0.6333,92.5333,27.177,0.249,,NVIDIA L4,4875190
cifar10,resnet18,5,ssd_alphagrid,a20.0_l1.0_b256,5000,5000,42,94.9700,95.2333,92.6000,95.9444,0.0000,-0.7111,93.3111,29.421,2.493,,NVIDIA L4,4875190
cifar10,resnet18,5,ssd_alphagrid,a30.0_l1.0_b256,1,5000,42,94.9800,95.2556,92.5000,95.9444,0.0000,-0.6889,93.1889,26.951,0.022,,NVIDIA L4,4875190
cifar10,resnet18,5,ssd_alphagrid,a30.0_l1.0_b256,10,5000,42,15.1500,16.8333,0.0000,95.9444,0.0000,-79.1111,79.1111,26.965,0.037,,NVIDIA L4,4875190
cifar10,resnet18,5,ssd_alphagrid,a30.0_l1.0_b256,100,5000,42,94.3300,95.0111,88.2000,95.9444,0.0000,-0.9333,89.1333,26.997,0.068,,NVIDIA L4,4875190
cifar10,resnet18,5,ssd_alphagrid,a30.0_l1.0_b256,1000,5000,42,95.0200,95.2889,92.6000,95.9444,0.0000,-0.6556,93.2556,27.535,0.607,,NVIDIA L4,4875190
cifar10,resnet18,5,ssd_alphagrid,a30.0_l1.0_b256,25,5000,42,19.8600,22.0667,0.0000,95.9444,0.0000,-73.8778,73.8778,26.971,0.043,,NVIDIA L4,4875190
cifar10,resnet18,5,ssd_alphagrid,a30.0_l1.0_b256,5,5000,42,10.0000,11.1111,0.0000,95.9444,0.0000,-84.8333,84.8333,26.964,0.036,,NVIDIA L4,4875190
cifar10,resnet18,5,ssd_alphagrid,a30.0_l1.0_b256,50,5000,42,90.3400,92.3556,72.2000,95.9444,0.0000,-3.5889,75.7889,26.974,0.045,,NVIDIA L4,4875190
cifar10,resnet18,5,ssd_alphagrid,a30.0_l1.0_b256,500,5000,42,95.0000,95.2889,92.4000,95.9444,0.0000,-0.6556,93.0556,27.176,0.248,,NVIDIA L4,4875190
cifar10,resnet18,5,ssd_alphagrid,a30.0_l1.0_b256,5000,5000,42,94.9700,95.2333,92.6000,95.9444,0.0000,-0.7111,93.3111,29.421,2.493,,NVIDIA L4,4875190
cifar10,resnet18,5,ssd_alphagrid,a4.0_l1.0_b256,1,5000,42,93.6200,94.3556,87.0000,95.9444,0.0000,-1.5889,88.5889,26.956,0.028,,NVIDIA L4,4875190
cifar10,resnet18,5,ssd_alphagrid,a4.0_l1.0_b256,10,5000,42,10.0000,11.1111,0.0000,95.9444,0.0000,-84.8333,84.8333,26.967,0.039,,NVIDIA L4,4875190
cifar10,resnet18,5,ssd_alphagrid,a4.0_l1.0_b256,100,5000,42,16.6500,18.5000,0.0000,95.9444,0.0000,-77.4444,77.4444,26.999,0.070,,NVIDIA L4,4875190
cifar10,resnet18,5,ssd_alphagrid,a4.0_l1.0_b256,1000,5000,42,81.5800,90.6444,0.0000,95.9444,0.0000,-5.3000,5.3000,27.538,0.610,,NVIDIA L4,4875190
cifar10,resnet18,5,ssd_alphagrid,a4.0_l1.0_b256,25,5000,42,8.6600,9.6222,0.0000,95.9444,0.0000,-86.3222,86.3222,26.972,0.044,,NVIDIA L4,4875190
cifar10,resnet18,5,ssd_alphagrid,a4.0_l1.0_b256,5,5000,42,10.0000,11.1111,0.0000,95.9444,0.0000,-84.8333,84.8333,26.967,0.039,,NVIDIA L4,4875190
cifar10,resnet18,5,ssd_alphagrid,a4.0_l1.0_b256,50,5000,42,10.0100,11.1222,0.0000,95.9444,0.0000,-84.8222,84.8222,26.975,0.046,,NVIDIA L4,4875190
cifar10,resnet18,5,ssd_alphagrid,a4.0_l1.0_b256,500,5000,42,71.3300,79.2556,0.0000,95.9444,0.0000,-16.6889,16.6889,27.178,0.250,,NVIDIA L4,4875190
cifar10,resnet18,5,ssd_alphagrid,a4.0_l1.0_b256,5000,5000,42,85.2000,94.6667,0.0000,95.9444,0.0000,-1.2778,1.2778,29.424,2.496,,NVIDIA L4,4875190
cifar10,resnet18,5,ssd_alphagrid,a50.0_l1.0_b256,1,5000,42,95.0300,95.3000,92.6000,95.9444,0.0000,-0.6444,93.2444,26.954,0.026,,NVIDIA L4,4875190
cifar10,resnet18,5,ssd_alphagrid,a50.0_l1.0_b256,10,5000,42,10.2500,11.3889,0.0000,95.9444,0.0000,-84.5556,84.5556,26.966,0.038,,NVIDIA L4,4875190
cifar10,resnet18,5,ssd_alphagrid,a50.0_l1.0_b256,100,5000,42,94.8200,95.0889,92.4000,95.9444,0.0000,-0.8556,93.2556,26.996,0.068,,NVIDIA L4,4875190
cifar10,resnet18,5,ssd_alphagrid,a50.0_l1.0_b256,1000,5000,42,94.9700,95.2333,92.6000,95.9444,0.0000,-0.7111,93.3111,27.535,0.607,,NVIDIA L4,4875190
cifar10,resnet18,5,ssd_alphagrid,a50.0_l1.0_b256,25,5000,42,43.0900,47.8222,0.5000,95.9444,0.0000,-48.1222,48.6222,26.972,0.044,,NVIDIA L4,4875190
cifar10,resnet18,5,ssd_alphagrid,a50.0_l1.0_b256,5,5000,42,10.0000,11.1111,0.0000,95.9444,0.0000,-84.8333,84.8333,26.964,0.036,,NVIDIA L4,4875190
cifar10,resnet18,5,ssd_alphagrid,a50.0_l1.0_b256,50,5000,42,93.6000,94.1333,88.8000,95.9444,0.0000,-1.8111,90.6111,26.974,0.046,,NVIDIA L4,4875190
cifar10,resnet18,5,ssd_alphagrid,a50.0_l1.0_b256,500,5000,42,95.0100,95.2778,92.6000,95.9444,0.0000,-0.6667,93.2667,27.176,0.248,,NVIDIA L4,4875190
cifar10,resnet18,5,ssd_alphagrid,a50.0_l1.0_b256,5000,5000,42,94.9700,95.2333,92.6000,95.9444,0.0000,-0.7111,93.3111,29.421,2.493,,NVIDIA L4,4875190
cifar10,resnet18,5,ssd_alphagrid,a6.0_l1.0_b256,1,5000,42,94.6800,95.0667,91.2000,95.9444,0.0000,-0.8778,92.0778,26.955,0.027,,NVIDIA L4,4875190
cifar10,resnet18,5,ssd_alphagrid,a6.0_l1.0_b256,10,5000,42,10.0000,11.1111,0.0000,95.9444,0.0000,-84.8333,84.8333,26.967,0.039,,NVIDIA L4,4875190
cifar10,resnet18,5,ssd_alphagrid,a6.0_l1.0_b256,100,5000,42,33.0600,36.7333,0.0000,95.9444,0.0000,-59.2111,59.2111,26.998,0.069,,NVIDIA L4,4875190
cifar10,resnet18,5,ssd_alphagrid,a6.0_l1.0_b256,1000,5000,42,85.1000,94.5556,0.0000,95.9444,0.0000,-1.3889,1.3889,27.540,0.612,,NVIDIA L4,4875190
cifar10,resnet18,5,ssd_alphagrid,a6.0_l1.0_b256,25,5000,42,10.0800,11.2000,0.0000,95.9444,0.0000,-84.7444,84.7444,26.972,0.044,,NVIDIA L4,4875190
cifar10,resnet18,5,ssd_alphagrid,a6.0_l1.0_b256,5,5000,42,10.0000,11.1111,0.0000,95.9444,0.0000,-84.8333,84.8333,26.966,0.038,,NVIDIA L4,4875190
cifar10,resnet18,5,ssd_alphagrid,a6.0_l1.0_b256,50,5000,42,14.9700,16.6333,0.0000,95.9444,0.0000,-79.3111,79.3111,26.974,0.046,,NVIDIA L4,4875190
cifar10,resnet18,5,ssd_alphagrid,a6.0_l1.0_b256,500,5000,42,83.8000,93.1111,0.0000,95.9444,0.0000,-2.8333,2.8333,27.178,0.250,,NVIDIA L4,4875190
cifar10,resnet18,5,ssd_alphagrid,a6.0_l1.0_b256,5000,5000,42,86.2800,95.8667,0.0000,95.9444,0.0000,-0.0778,0.0778,29.424,2.496,,NVIDIA L4,4875190
cifar10,resnet18,5,unact,p99.0_g0.01_k20,1,5000,42,86.1500,95.7111,0.1000,95.9444,0.0000,-0.2333,0.3333,0.082,0.082,4.9615,NVIDIA L4,4875190
cifar10,resnet18,5,unact,p99.0_g0.01_k20,10,5000,42,86.2200,95.8000,0.0000,95.9444,0.0000,-0.1444,0.1444,0.084,0.084,4.7135,NVIDIA L4,4875190
cifar10,resnet18,5,unact,p99.0_g0.01_k20,100,5000,42,86.2400,95.8222,0.0000,95.9444,0.0000,-0.1222,0.1222,0.434,0.434,4.7962,NVIDIA L4,4875190
cifar10,resnet18,5,unact,p99.0_g0.01_k20,1000,5000,42,86.2400,95.8222,0.0000,95.9444,0.0000,-0.1222,0.1222,3.741,3.741,4.7962,NVIDIA L4,4875190
cifar10,resnet18,5,unact,p99.0_g0.01_k20,25,5000,42,86.2000,95.7778,0.0000,95.9444,0.0000,-0.1667,0.1667,0.147,0.147,4.6721,NVIDIA L4,4875190
cifar10,resnet18,5,unact,p99.0_g0.01_k20,5,5000,42,86.2100,95.7889,0.0000,95.9444,0.0000,-0.1556,0.1556,0.072,0.072,4.9202,NVIDIA L4,4875190
cifar10,resnet18,5,unact,p99.0_g0.01_k20,50,5000,42,86.2400,95.8222,0.0000,95.9444,0.0000,-0.1222,0.1222,0.227,0.227,4.7548,NVIDIA L4,4875190
cifar10,resnet18,5,unact,p99.0_g0.01_k20,500,5000,42,86.2400,95.8222,0.0000,95.9444,0.0000,-0.1222,0.1222,2.175,2.175,4.7962,NVIDIA L4,4875190
cifar10,resnet18,5,unact,p99.0_g0.01_k20,5000,5000,42,86.2300,95.8111,0.0000,95.9444,0.0000,-0.1333,0.1333,17.914,17.914,4.7548,NVIDIA L4,4875190
cifar10,resnet18,8,ssd,a8.0_l1.0_b256,1,5000,42,94.9700,94.7778,96.7000,95.0000,0.0000,-0.2222,96.9222,26.462,0.040,,NVIDIA L4,4875190
cifar10,resnet18,8,ssd,a8.0_l1.0_b256,10,5000,42,94.9700,94.7778,96.7000,95.0000,0.0000,-0.2222,96.9222,26.455,0.033,,NVIDIA L4,4875190
cifar10,resnet18,8,ssd,a8.0_l1.0_b256,100,5000,42,94.8600,94.9667,93.9000,95.0000,0.0000,-0.0333,93.9333,26.491,0.068,,NVIDIA L4,4875190
cifar10,resnet18,8,ssd,a8.0_l1.0_b256,1000,5000,42,77.3000,85.8889,0.0000,95.0000,0.0000,-9.1111,9.1111,26.939,0.516,,NVIDIA L4,4875190
cifar10,resnet18,8,ssd,a8.0_l1.0_b256,25,5000,42,94.9700,94.7778,96.7000,95.0000,0.0000,-0.2222,96.9222,26.459,0.037,,NVIDIA L4,4875190
cifar10,resnet18,8,ssd,a8.0_l1.0_b256,5,5000,42,94.9800,94.7889,96.7000,95.0000,0.0000,-0.2111,96.9111,26.456,0.033,,NVIDIA L4,4875190
cifar10,resnet18,8,ssd,a8.0_l1.0_b256,50,5000,42,94.9800,94.7889,96.7000,95.0000,0.0000,-0.2111,96.9111,26.468,0.046,,NVIDIA L4,4875190
cifar10,resnet18,8,ssd,a8.0_l1.0_b256,500,5000,42,94.9500,95.0000,94.5000,95.0000,0.0000,+0.0000,94.5000,26.693,0.271,,NVIDIA L4,4875190
cifar10,resnet18,8,ssd,a8.0_l1.0_b256,5000,5000,42,85.5700,95.0778,0.0000,95.0000,0.0000,+0.0778,0.0778,29.129,2.707,,NVIDIA L4,4875190
cifar10,resnet18,8,ssd_alphagrid,a10.0_l1.0_b256,1,5000,42,94.9600,94.7667,96.7000,95.0000,0.0000,-0.2333,96.9333,26.462,0.040,,NVIDIA L4,4875190
cifar10,resnet18,8,ssd_alphagrid,a10.0_l1.0_b256,10,5000,42,94.9800,94.7889,96.7000,95.0000,0.0000,-0.2111,96.9111,26.454,0.032,,NVIDIA L4,4875190
cifar10,resnet18,8,ssd_alphagrid,a10.0_l1.0_b256,100,5000,42,94.8900,94.8556,95.2000,95.0000,0.0000,-0.1444,95.3444,26.493,0.071,,NVIDIA L4,4875190
cifar10,resnet18,8,ssd_alphagrid,a10.0_l1.0_b256,1000,5000,42,88.3800,90.1222,72.7000,95.0000,0.0000,-4.8778,77.5778,26.945,0.523,,NVIDIA L4,4875190
cifar10,resnet18,8,ssd_alphagrid,a10.0_l1.0_b256,25,5000,42,94.9700,94.7778,96.7000,95.0000,0.0000,-0.2222,96.9222,26.459,0.037,,NVIDIA L4,4875190
cifar10,resnet18,8,ssd_alphagrid,a10.0_l1.0_b256,5,5000,42,94.9800,94.7889,96.7000,95.0000,0.0000,-0.2111,96.9111,26.456,0.033,,NVIDIA L4,4875190
cifar10,resnet18,8,ssd_alphagrid,a10.0_l1.0_b256,50,5000,42,94.9700,94.7778,96.7000,95.0000,0.0000,-0.2222,96.9222,26.468,0.046,,NVIDIA L4,4875190
cifar10,resnet18,8,ssd_alphagrid,a10.0_l1.0_b256,500,5000,42,94.9900,94.8111,96.6000,95.0000,0.0000,-0.1889,96.7889,26.693,0.271,,NVIDIA L4,4875190
cifar10,resnet18,8,ssd_alphagrid,a10.0_l1.0_b256,5000,5000,42,94.9700,94.7778,96.7000,95.0000,0.0000,-0.2222,96.9222,29.129,2.706,,NVIDIA L4,4875190
cifar10,resnet18,8,ssd_alphagrid,a12.0_l1.0_b256,1,5000,42,94.9900,94.8000,96.7000,95.0000,0.0000,-0.2000,96.9000,26.460,0.037,,NVIDIA L4,4875190
cifar10,resnet18,8,ssd_alphagrid,a12.0_l1.0_b256,10,5000,42,94.9900,94.8000,96.7000,95.0000,0.0000,-0.2000,96.9000,26.455,0.033,,NVIDIA L4,4875190
cifar10,resnet18,8,ssd_alphagrid,a12.0_l1.0_b256,100,5000,42,94.9900,94.8333,96.4000,95.0000,0.0000,-0.1667,96.5667,26.490,0.068,,NVIDIA L4,4875190
cifar10,resnet18,8,ssd_alphagrid,a12.0_l1.0_b256,1000,5000,42,93.1500,92.9333,95.1000,95.0000,0.0000,-2.0667,97.1667,26.938,0.516,,NVIDIA L4,4875190
cifar10,resnet18,8,ssd_alphagrid,a12.0_l1.0_b256,25,5000,42,94.9700,94.7778,96.7000,95.0000,0.0000,-0.2222,96.9222,26.459,0.037,,NVIDIA L4,4875190
cifar10,resnet18,8,ssd_alphagrid,a12.0_l1.0_b256,5,5000,42,94.9800,94.7889,96.7000,95.0000,0.0000,-0.2111,96.9111,26.459,0.037,,NVIDIA L4,4875190
cifar10,resnet18,8,ssd_alphagrid,a12.0_l1.0_b256,50,5000,42,94.9700,94.7778,96.7000,95.0000,0.0000,-0.2222,96.9222,26.469,0.047,,NVIDIA L4,4875190
cifar10,resnet18,8,ssd_alphagrid,a12.0_l1.0_b256,500,5000,42,94.9800,94.8000,96.6000,95.0000,0.0000,-0.2000,96.8000,26.692,0.270,,NVIDIA L4,4875190
cifar10,resnet18,8,ssd_alphagrid,a12.0_l1.0_b256,5000,5000,42,94.9700,94.7778,96.7000,95.0000,0.0000,-0.2222,96.9222,29.128,2.706,,NVIDIA L4,4875190
cifar10,resnet18,8,ssd_alphagrid,a15.0_l1.0_b256,1,5000,42,94.9400,94.7444,96.7000,95.0000,0.0000,-0.2556,96.9556,26.459,0.037,,NVIDIA L4,4875190
cifar10,resnet18,8,ssd_alphagrid,a15.0_l1.0_b256,10,5000,42,94.9900,94.8000,96.7000,95.0000,0.0000,-0.2000,96.9000,26.455,0.032,,NVIDIA L4,4875190
cifar10,resnet18,8,ssd_alphagrid,a15.0_l1.0_b256,100,5000,42,94.9900,94.8444,96.3000,95.0000,0.0000,-0.1556,96.4556,26.490,0.067,,NVIDIA L4,4875190
cifar10,resnet18,8,ssd_alphagrid,a15.0_l1.0_b256,1000,5000,42,94.1100,93.9667,95.4000,95.0000,0.0000,-1.0333,96.4333,26.937,0.515,,NVIDIA L4,4875190
cifar10,resnet18,8,ssd_alphagrid,a15.0_l1.0_b256,25,5000,42,94.9700,94.7778,96.7000,95.0000,0.0000,-0.2222,96.9222,26.460,0.037,,NVIDIA L4,4875190
cifar10,resnet18,8,ssd_alphagrid,a15.0_l1.0_b256,5,5000,42,94.9900,94.8000,96.7000,95.0000,0.0000,-0.2000,96.9000,26.456,0.034,,NVIDIA L4,4875190
cifar10,resnet18,8,ssd_alphagrid,a15.0_l1.0_b256,50,5000,42,94.9700,94.7778,96.7000,95.0000,0.0000,-0.2222,96.9222,26.468,0.046,,NVIDIA L4,4875190
cifar10,resnet18,8,ssd_alphagrid,a15.0_l1.0_b256,500,5000,42,94.9700,94.7889,96.6000,95.0000,0.0000,-0.2111,96.8111,26.692,0.269,,NVIDIA L4,4875190
cifar10,resnet18,8,ssd_alphagrid,a15.0_l1.0_b256,5000,5000,42,94.9700,94.7778,96.7000,95.0000,0.0000,-0.2222,96.9222,29.128,2.705,,NVIDIA L4,4875190
cifar10,resnet18,8,ssd_alphagrid,a2.0_l1.0_b256,1,5000,42,94.8300,94.6667,96.3000,95.0000,0.0000,-0.3333,96.6333,26.462,0.040,,NVIDIA L4,4875190
cifar10,resnet18,8,ssd_alphagrid,a2.0_l1.0_b256,10,5000,42,94.9900,94.8778,96.0000,95.0000,0.0000,-0.1222,96.1222,26.458,0.036,,NVIDIA L4,4875190
cifar10,resnet18,8,ssd_alphagrid,a2.0_l1.0_b256,100,5000,42,83.5700,92.8556,0.0000,95.0000,0.0000,-2.1444,2.1444,26.494,0.072,,NVIDIA L4,4875190
cifar10,resnet18,8,ssd_alphagrid,a2.0_l1.0_b256,1000,5000,42,13.3700,14.8556,0.0000,95.0000,0.0000,-80.1444,80.1444,26.945,0.522,,NVIDIA L4,4875190
cifar10,resnet18,8,ssd_alphagrid,a2.0_l1.0_b256,25,5000,42,95.0000,94.8333,96.5000,95.0000,0.0000,-0.1667,96.6667,26.459,0.037,,NVIDIA L4,4875190
cifar10,resnet18,8,ssd_alphagrid,a2.0_l1.0_b256,5,5000,42,95.0000,94.8222,96.6000,95.0000,0.0000,-0.1778,96.7778,26.455,0.033,,NVIDIA L4,4875190
cifar10,resnet18,8,ssd_alphagrid,a2.0_l1.0_b256,50,5000,42,94.8400,94.9111,94.2000,95.0000,0.0000,-0.0889,94.2889,26.468,0.046,,NVIDIA L4,4875190
cifar10,resnet18,8,ssd_alphagrid,a2.0_l1.0_b256,500,5000,42,80.0700,88.9667,0.0000,95.0000,0.0000,-6.0333,6.0333,26.697,0.274,,NVIDIA L4,4875190
cifar10,resnet18,8,ssd_alphagrid,a2.0_l1.0_b256,5000,5000,42,36.1600,40.1778,0.0000,95.0000,0.0000,-54.8222,54.8222,29.134,2.712,,NVIDIA L4,4875190
cifar10,resnet18,8,ssd_alphagrid,a20.0_l1.0_b256,1,5000,42,94.9700,94.7778,96.7000,95.0000,0.0000,-0.2222,96.9222,26.459,0.036,,NVIDIA L4,4875190
cifar10,resnet18,8,ssd_alphagrid,a20.0_l1.0_b256,10,5000,42,94.9900,94.8000,96.7000,95.0000,0.0000,-0.2000,96.9000,26.455,0.033,,NVIDIA L4,4875190
cifar10,resnet18,8,ssd_alphagrid,a20.0_l1.0_b256,100,5000,42,94.9900,94.8333,96.4000,95.0000,0.0000,-0.1667,96.5667,26.490,0.067,,NVIDIA L4,4875190
cifar10,resnet18,8,ssd_alphagrid,a20.0_l1.0_b256,1000,5000,42,94.6900,94.4889,96.5000,95.0000,0.0000,-0.5111,97.0111,26.938,0.515,,NVIDIA L4,4875190
cifar10,resnet18,8,ssd_alphagrid,a20.0_l1.0_b256,25,5000,42,94.9700,94.7778,96.7000,95.0000,0.0000,-0.2222,96.9222,26.461,0.038,,NVIDIA L4,4875190
cifar10,resnet18,8,ssd_alphagrid,a20.0_l1.0_b256,5,5000,42,95.0000,94.8111,96.7000,95.0000,0.0000,-0.1889,96.8889,26.459,0.037,,NVIDIA L4,4875190
cifar10,resnet18,8,ssd_alphagrid,a20.0_l1.0_b256,50,5000,42,94.9700,94.7778,96.7000,95.0000,0.0000,-0.2222,96.9222,26.468,0.046,,NVIDIA L4,4875190
cifar10,resnet18,8,ssd_alphagrid,a20.0_l1.0_b256,500,5000,42,94.9700,94.7778,96.7000,95.0000,0.0000,-0.2222,96.9222,26.692,0.270,,NVIDIA L4,4875190
cifar10,resnet18,8,ssd_alphagrid,a20.0_l1.0_b256,5000,5000,42,94.9700,94.7778,96.7000,95.0000,0.0000,-0.2222,96.9222,29.128,2.706,,NVIDIA L4,4875190
cifar10,resnet18,8,ssd_alphagrid,a30.0_l1.0_b256,1,5000,42,94.9600,94.7667,96.7000,95.0000,0.0000,-0.2333,96.9333,26.458,0.036,,NVIDIA L4,4875190
cifar10,resnet18,8,ssd_alphagrid,a30.0_l1.0_b256,10,5000,42,94.9900,94.8000,96.7000,95.0000,0.0000,-0.2000,96.9000,26.456,0.033,,NVIDIA L4,4875190
cifar10,resnet18,8,ssd_alphagrid,a30.0_l1.0_b256,100,5000,42,94.9700,94.7889,96.6000,95.0000,0.0000,-0.2111,96.8111,26.495,0.072,,NVIDIA L4,4875190
cifar10,resnet18,8,ssd_alphagrid,a30.0_l1.0_b256,1000,5000,42,94.9200,94.6778,97.1000,95.0000,0.0000,-0.3222,97.4222,26.936,0.514,,NVIDIA L4,4875190
cifar10,resnet18,8,ssd_alphagrid,a30.0_l1.0_b256,25,5000,42,94.9700,94.7778,96.7000,95.0000,0.0000,-0.2222,96.9222,26.459,0.037,,NVIDIA L4,4875190
cifar10,resnet18,8,ssd_alphagrid,a30.0_l1.0_b256,5,5000,42,94.9700,94.7778,96.7000,95.0000,0.0000,-0.2222,96.9222,26.456,0.033,,NVIDIA L4,4875190
cifar10,resnet18,8,ssd_alphagrid,a30.0_l1.0_b256,50,5000,42,94.9700,94.7778,96.7000,95.0000,0.0000,-0.2222,96.9222,26.468,0.045,,NVIDIA L4,4875190
cifar10,resnet18,8,ssd_alphagrid,a30.0_l1.0_b256,500,5000,42,94.9600,94.7667,96.7000,95.0000,0.0000,-0.2333,96.9333,26.692,0.270,,NVIDIA L4,4875190
cifar10,resnet18,8,ssd_alphagrid,a30.0_l1.0_b256,5000,5000,42,94.9700,94.7778,96.7000,95.0000,0.0000,-0.2222,96.9222,29.128,2.706,,NVIDIA L4,4875190
cifar10,resnet18,8,ssd_alphagrid,a4.0_l1.0_b256,1,5000,42,94.9400,94.7333,96.8000,95.0000,0.0000,-0.2667,97.0667,26.465,0.043,,NVIDIA L4,4875190
cifar10,resnet18,8,ssd_alphagrid,a4.0_l1.0_b256,10,5000,42,94.9800,94.8111,96.5000,95.0000,0.0000,-0.1889,96.6889,26.455,0.033,,NVIDIA L4,4875190
cifar10,resnet18,8,ssd_alphagrid,a4.0_l1.0_b256,100,5000,42,85.2500,94.7222,0.0000,95.0000,0.0000,-0.2778,0.2778,26.490,0.068,,NVIDIA L4,4875190
cifar10,resnet18,8,ssd_alphagrid,a4.0_l1.0_b256,1000,5000,42,21.9800,24.4222,0.0000,95.0000,0.0000,-70.5778,70.5778,26.939,0.517,,NVIDIA L4,4875190
cifar10,resnet18,8,ssd_alphagrid,a4.0_l1.0_b256,25,5000,42,94.9900,94.8000,96.7000,95.0000,0.0000,-0.2000,96.9000,26.460,0.038,,NVIDIA L4,4875190
cifar10,resnet18,8,ssd_alphagrid,a4.0_l1.0_b256,5,5000,42,94.9800,94.7889,96.7000,95.0000,0.0000,-0.2111,96.9111,26.456,0.033,,NVIDIA L4,4875190
cifar10,resnet18,8,ssd_alphagrid,a4.0_l1.0_b256,50,5000,42,94.9500,94.7667,96.6000,95.0000,0.0000,-0.2333,96.8333,26.468,0.046,,NVIDIA L4,4875190
cifar10,resnet18,8,ssd_alphagrid,a4.0_l1.0_b256,500,5000,42,84.9700,94.4111,0.0000,95.0000,0.0000,-0.5889,0.5889,26.694,0.272,,NVIDIA L4,4875190
cifar10,resnet18,8,ssd_alphagrid,a4.0_l1.0_b256,5000,5000,42,82.5700,91.7444,0.0000,95.0000,0.0000,-3.2556,3.2556,29.134,2.711,,NVIDIA L4,4875190
cifar10,resnet18,8,ssd_alphagrid,a50.0_l1.0_b256,1,5000,42,94.9700,94.7778,96.7000,95.0000,0.0000,-0.2222,96.9222,26.461,0.039,,NVIDIA L4,4875190
cifar10,resnet18,8,ssd_alphagrid,a50.0_l1.0_b256,10,5000,42,94.9700,94.7778,96.7000,95.0000,0.0000,-0.2222,96.9222,26.458,0.035,,NVIDIA L4,4875190
cifar10,resnet18,8,ssd_alphagrid,a50.0_l1.0_b256,100,5000,42,94.9700,94.7778,96.7000,95.0000,0.0000,-0.2222,96.9222,26.489,0.067,,NVIDIA L4,4875190
cifar10,resnet18,8,ssd_alphagrid,a50.0_l1.0_b256,1000,5000,42,94.9900,94.8000,96.7000,95.0000,0.0000,-0.2000,96.9000,26.936,0.514,,NVIDIA L4,4875190
cifar10,resnet18,8,ssd_alphagrid,a50.0_l1.0_b256,25,5000,42,94.9700,94.7778,96.7000,95.0000,0.0000,-0.2222,96.9222,26.459,0.037,,NVIDIA L4,4875190
cifar10,resnet18,8,ssd_alphagrid,a50.0_l1.0_b256,5,5000,42,94.9700,94.7778,96.7000,95.0000,0.0000,-0.2222,96.9222,26.455,0.033,,NVIDIA L4,4875190
cifar10,resnet18,8,ssd_alphagrid,a50.0_l1.0_b256,50,5000,42,94.9700,94.7778,96.7000,95.0000,0.0000,-0.2222,96.9222,26.471,0.049,,NVIDIA L4,4875190
cifar10,resnet18,8,ssd_alphagrid,a50.0_l1.0_b256,500,5000,42,94.9800,94.7889,96.7000,95.0000,0.0000,-0.2111,96.9111,26.691,0.269,,NVIDIA L4,4875190
cifar10,resnet18,8,ssd_alphagrid,a50.0_l1.0_b256,5000,5000,42,94.9700,94.7778,96.7000,95.0000,0.0000,-0.2222,96.9222,29.128,2.705,,NVIDIA L4,4875190
cifar10,resnet18,8,ssd_alphagrid,a6.0_l1.0_b256,1,5000,42,94.9900,94.8000,96.7000,95.0000,0.0000,-0.2000,96.9000,26.462,0.040,,NVIDIA L4,4875190
cifar10,resnet18,8,ssd_alphagrid,a6.0_l1.0_b256,10,5000,42,94.9800,94.7889,96.7000,95.0000,0.0000,-0.2111,96.9111,26.455,0.032,,NVIDIA L4,4875190
cifar10,resnet18,8,ssd_alphagrid,a6.0_l1.0_b256,100,5000,42,88.0700,94.9222,26.4000,95.0000,0.0000,-0.0778,26.4778,26.494,0.072,,NVIDIA L4,4875190
cifar10,resnet18,8,ssd_alphagrid,a6.0_l1.0_b256,1000,5000,42,39.6200,44.0222,0.0000,95.0000,0.0000,-50.9778,50.9778,26.939,0.517,,NVIDIA L4,4875190
cifar10,resnet18,8,ssd_alphagrid,a6.0_l1.0_b256,25,5000,42,94.9900,94.8000,96.7000,95.0000,0.0000,-0.2000,96.9000,26.459,0.037,,NVIDIA L4,4875190
cifar10,resnet18,8,ssd_alphagrid,a6.0_l1.0_b256,5,5000,42,94.9800,94.7889,96.7000,95.0000,0.0000,-0.2111,96.9111,26.457,0.034,,NVIDIA L4,4875190
cifar10,resnet18,8,ssd_alphagrid,a6.0_l1.0_b256,50,5000,42,94.9800,94.7889,96.7000,95.0000,0.0000,-0.2111,96.9111,26.472,0.050,,NVIDIA L4,4875190
cifar10,resnet18,8,ssd_alphagrid,a6.0_l1.0_b256,500,5000,42,85.5800,95.0889,0.0000,95.0000,0.0000,+0.0889,0.0889,26.694,0.272,,NVIDIA L4,4875190
cifar10,resnet18,8,ssd_alphagrid,a6.0_l1.0_b256,5000,5000,42,85.3800,94.8667,0.0000,95.0000,0.0000,-0.1333,0.1333,29.132,2.709,,NVIDIA L4,4875190
cifar10,resnet18,8,unact,p99.0_g0.01_k20,1,5000,42,85.4400,94.9333,0.0000,95.0000,0.0000,-0.0667,0.0667,0.081,0.081,4.4240,NVIDIA L4,4875190
cifar10,resnet18,8,unact,p99.0_g0.01_k20,10,5000,42,85.4700,94.9667,0.0000,95.0000,0.0000,-0.0333,0.0333,0.110,0.110,4.4240,NVIDIA L4,4875190
cifar10,resnet18,8,unact,p99.0_g0.01_k20,100,5000,42,85.4800,94.9778,0.0000,95.0000,0.0000,-0.0222,0.0222,0.516,0.516,4.3000,NVIDIA L4,4875190
cifar10,resnet18,8,unact,p99.0_g0.01_k20,1000,5000,42,85.4800,94.9778,0.0000,95.0000,0.0000,-0.0222,0.0222,3.761,3.761,4.3000,NVIDIA L4,4875190
cifar10,resnet18,8,unact,p99.0_g0.01_k20,25,5000,42,85.4800,94.9778,0.0000,95.0000,0.0000,-0.0222,0.0222,0.145,0.145,4.2587,NVIDIA L4,4875190
cifar10,resnet18,8,unact,p99.0_g0.01_k20,5,5000,42,85.4500,94.9444,0.0000,95.0000,0.0000,-0.0556,0.0556,0.072,0.072,4.3827,NVIDIA L4,4875190
cifar10,resnet18,8,unact,p99.0_g0.01_k20,50,5000,42,85.4800,94.9778,0.0000,95.0000,0.0000,-0.0222,0.0222,0.233,0.233,4.3000,NVIDIA L4,4875190
cifar10,resnet18,8,unact,p99.0_g0.01_k20,500,5000,42,85.4800,94.9778,0.0000,95.0000,0.0000,-0.0222,0.0222,1.962,1.962,4.3000,NVIDIA L4,4875190
cifar10,resnet18,8,unact,p99.0_g0.01_k20,5000,5000,42,85.4800,94.9778,0.0000,95.0000,0.0000,-0.0222,0.0222,16.874,16.874,4.3413,NVIDIA L4,4875190
cifar100,resnet18,20,ssd,a50.0_l0.5_b64,1,500,42,76.2900,77.0606,0.0000,77.8990,0.0000,-0.8384,0.8384,20.873,0.034,,NVIDIA A10,4875190
cifar100,resnet18,20,ssd,a50.0_l0.5_b64,10,500,42,77.3700,77.2222,92.0000,77.8990,0.0000,-0.6768,92.6768,20.884,0.044,,NVIDIA A10,4875190
cifar100,resnet18,20,ssd,a50.0_l0.5_b64,100,500,42,77.2800,77.2727,78.0000,77.8990,0.0000,-0.6263,78.6263,20.901,0.062,,NVIDIA A10,4875190
cifar100,resnet18,20,ssd,a50.0_l0.5_b64,25,500,42,77.1500,77.2727,65.0000,77.8990,0.0000,-0.6263,65.6263,20.875,0.036,,NVIDIA A10,4875190
cifar100,resnet18,20,ssd,a50.0_l0.5_b64,5,500,42,77.3200,77.1717,92.0000,77.8990,0.0000,-0.7273,92.7273,20.879,0.040,,NVIDIA A10,4875190
cifar100,resnet18,20,ssd,a50.0_l0.5_b64,50,500,42,76.8500,77.1616,46.0000,77.8990,0.0000,-0.7374,46.7374,20.880,0.041,,NVIDIA A10,4875190
cifar100,resnet18,20,ssd,a50.0_l0.5_b64,500,500,42,76.3800,77.1515,0.0000,77.8990,0.0000,-0.7475,0.7475,21.072,0.233,,NVIDIA A10,4875190
cifar100,resnet18,20,ssd_alphagrid,a10.0_l0.5_b64,1,500,42,69.2200,69.9192,0.0000,77.8990,0.0000,-7.9798,7.9798,20.875,0.036,,NVIDIA A10,4875190
cifar100,resnet18,20,ssd_alphagrid,a10.0_l0.5_b64,10,500,42,76.4200,77.1919,0.0000,77.8990,0.0000,-0.7071,0.7071,20.881,0.042,,NVIDIA A10,4875190
cifar100,resnet18,20,ssd_alphagrid,a10.0_l0.5_b64,100,500,42,75.2900,76.0505,0.0000,77.8990,0.0000,-1.8485,1.8485,20.902,0.063,,NVIDIA A10,4875190
cifar100,resnet18,20,ssd_alphagrid,a10.0_l0.5_b64,25,500,42,75.1200,75.8788,0.0000,77.8990,0.0000,-2.0202,2.0202,20.874,0.034,,NVIDIA A10,4875190
cifar100,resnet18,20,ssd_alphagrid,a10.0_l0.5_b64,5,500,42,76.3400,77.1111,0.0000,77.8990,0.0000,-0.7879,0.7879,20.874,0.035,,NVIDIA A10,4875190
cifar100,resnet18,20,ssd_alphagrid,a10.0_l0.5_b64,50,500,42,75.1600,75.9192,0.0000,77.8990,0.0000,-1.9798,1.9798,20.882,0.042,,NVIDIA A10,4875190
cifar100,resnet18,20,ssd_alphagrid,a10.0_l0.5_b64,500,500,42,75.5000,76.2626,0.0000,77.8990,0.0000,-1.6364,1.6364,21.073,0.234,,NVIDIA A10,4875190
cifar100,resnet18,20,ssd_alphagrid,a12.0_l0.5_b64,1,500,42,71.6200,72.3434,0.0000,77.8990,0.0000,-5.5556,5.5556,20.874,0.035,,NVIDIA A10,4875190
cifar100,resnet18,20,ssd_alphagrid,a12.0_l0.5_b64,10,500,42,76.3400,77.1111,0.0000,77.8990,0.0000,-0.7879,0.7879,20.880,0.041,,NVIDIA A10,4875190
cifar100,resnet18,20,ssd_alphagrid,a12.0_l0.5_b64,100,500,42,75.8400,76.6061,0.0000,77.8990,0.0000,-1.2929,1.2929,20.902,0.063,,NVIDIA A10,4875190
cifar100,resnet18,20,ssd_alphagrid,a12.0_l0.5_b64,25,500,42,75.1200,75.8788,0.0000,77.8990,0.0000,-2.0202,2.0202,20.874,0.035,,NVIDIA A10,4875190
cifar100,resnet18,20,ssd_alphagrid,a12.0_l0.5_b64,5,500,42,76.3800,77.1515,0.0000,77.8990,0.0000,-0.7475,0.7475,20.877,0.038,,NVIDIA A10,4875190
cifar100,resnet18,20,ssd_alphagrid,a12.0_l0.5_b64,50,500,42,75.4900,76.2525,0.0000,77.8990,0.0000,-1.6465,1.6465,20.882,0.042,,NVIDIA A10,4875190
cifar100,resnet18,20,ssd_alphagrid,a12.0_l0.5_b64,500,500,42,75.7700,76.5354,0.0000,77.8990,0.0000,-1.3636,1.3636,21.073,0.234,,NVIDIA A10,4875190
cifar100,resnet18,20,ssd_alphagrid,a15.0_l0.5_b64,1,500,42,73.3900,74.1313,0.0000,77.8990,0.0000,-3.7677,3.7677,20.875,0.035,,NVIDIA A10,4875190
cifar100,resnet18,20,ssd_alphagrid,a15.0_l0.5_b64,10,500,42,76.3500,77.1111,1.0000,77.8990,0.0000,-0.7879,1.7879,20.880,0.041,,NVIDIA A10,4875190
cifar100,resnet18,20,ssd_alphagrid,a15.0_l0.5_b64,100,500,42,76.0500,76.8182,0.0000,77.8990,0.0000,-1.0808,1.0808,20.902,0.063,,NVIDIA A10,4875190
cifar100,resnet18,20,ssd_alphagrid,a15.0_l0.5_b64,25,500,42,75.9200,76.6869,0.0000,77.8990,0.0000,-1.2121,1.2121,20.874,0.034,,NVIDIA A10,4875190
cifar100,resnet18,20,ssd_alphagrid,a15.0_l0.5_b64,5,500,42,76.8000,77.2525,32.0000,77.8990,0.0000,-0.6465,32.6465,20.877,0.038,,NVIDIA A10,4875190
cifar100,resnet18,20,ssd_alphagrid,a15.0_l0.5_b64,50,500,42,75.8900,76.6566,0.0000,77.8990,0.0000,-1.2424,1.2424,20.882,0.043,,NVIDIA A10,4875190
cifar100,resnet18,20,ssd_alphagrid,a15.0_l0.5_b64,500,500,42,75.7500,76.5152,0.0000,77.8990,0.0000,-1.3838,1.3838,21.073,0.233,,NVIDIA A10,4875190
cifar100,resnet18,20,ssd_alphagrid,a2.0_l0.5_b64,1,500,42,2.3800,2.4040,0.0000,77.8990,0.0000,-75.4949,75.4949,20.880,0.041,,NVIDIA A10,4875190
cifar100,resnet18,20,ssd_alphagrid,a2.0_l0.5_b64,10,500,42,71.3900,72.1111,0.0000,77.8990,0.0000,-5.7879,5.7879,20.887,0.048,,NVIDIA A10,4875190
cifar100,resnet18,20,ssd_alphagrid,a2.0_l0.5_b64,100,500,42,50.1600,50.6667,0.0000,77.8990,0.0000,-27.2323,27.2323,20.903,0.063,,NVIDIA A10,4875190
cifar100,resnet18,20,ssd_alphagrid,a2.0_l0.5_b64,25,500,42,45.1200,45.5758,0.0000,77.8990,0.0000,-32.3232,32.3232,20.874,0.035,,NVIDIA A10,4875190
cifar100,resnet18,20,ssd_alphagrid,a2.0_l0.5_b64,5,500,42,74.1000,74.8485,0.0000,77.8990,0.0000,-3.0505,3.0505,20.874,0.035,,NVIDIA A10,4875190
cifar100,resnet18,20,ssd_alphagrid,a2.0_l0.5_b64,50,500,42,43.8300,44.2727,0.0000,77.8990,0.0000,-33.6263,33.6263,20.882,0.042,,NVIDIA A10,4875190
cifar100,resnet18,20,ssd_alphagrid,a2.0_l0.5_b64,500,500,42,47.4900,47.9697,0.0000,77.8990,0.0000,-29.9293,29.9293,21.074,0.234,,NVIDIA A10,4875190
cifar100,resnet18,20,ssd_alphagrid,a20.0_l0.5_b64,1,500,42,75.0900,75.8485,0.0000,77.8990,0.0000,-2.0505,2.0505,20.874,0.034,,NVIDIA A10,4875190
cifar100,resnet18,20,ssd_alphagrid,a20.0_l0.5_b64,10,500,42,76.9700,77.1515,59.0000,77.8990,0.0000,-0.7475,59.7475,20.880,0.041,,NVIDIA A10,4875190
cifar100,resnet18,20,ssd_alphagrid,a20.0_l0.5_b64,100,500,42,76.2700,77.0404,0.0000,77.8990,0.0000,-0.8586,0.8586,20.902,0.062,,NVIDIA A10,4875190
cifar100,resnet18,20,ssd_alphagrid,a20.0_l0.5_b64,25,500,42,76.2400,77.0101,0.0000,77.8990,0.0000,-0.8889,0.8889,20.873,0.034,,NVIDIA A10,4875190
cifar100,resnet18,20,ssd_alphagrid,a20.0_l0.5_b64,5,500,42,77.2200,77.1919,80.0000,77.8990,0.0000,-0.7071,80.7071,20.877,0.038,,NVIDIA A10,4875190
cifar100,resnet18,20,ssd_alphagrid,a20.0_l0.5_b64,50,500,42,76.1600,76.9293,0.0000,77.8990,0.0000,-0.9697,0.9697,20.882,0.042,,NVIDIA A10,4875190
cifar100,resnet18,20,ssd_alphagrid,a20.0_l0.5_b64,500,500,42,76.0400,76.8081,0.0000,77.8990,0.0000,-1.0909,1.0909,21.073,0.234,,NVIDIA A10,4875190
cifar100,resnet18,20,ssd_alphagrid,a30.0_l0.5_b64,1,500,42,76.0900,76.8586,0.0000,77.8990,0.0000,-1.0404,1.0404,20.873,0.034,,NVIDIA A10,4875190
cifar100,resnet18,20,ssd_alphagrid,a30.0_l0.5_b64,10,500,42,77.2800,77.1515,90.0000,77.8990,0.0000,-0.7475,90.7475,20.880,0.041,,NVIDIA A10,4875190
cifar100,resnet18,20,ssd_alphagrid,a30.0_l0.5_b64,100,500,42,76.3300,77.1010,0.0000,77.8990,0.0000,-0.7980,0.7980,20.902,0.063,,NVIDIA A10,4875190
cifar100,resnet18,20,ssd_alphagrid,a30.0_l0.5_b64,25,500,42,76.2300,77.0000,0.0000,77.8990,0.0000,-0.8990,0.8990,20.873,0.034,,NVIDIA A10,4875190
cifar100,resnet18,20,ssd_alphagrid,a30.0_l0.5_b64,5,500,42,77.3000,77.1818,89.0000,77.8990,0.0000,-0.7172,89.7172,20.879,0.040,,NVIDIA A10,4875190
cifar100,resnet18,20,ssd_alphagrid,a30.0_l0.5_b64,50,500,42,76.2900,77.0606,0.0000,77.8990,0.0000,-0.8384,0.8384,20.881,0.041,,NVIDIA A10,4875190
cifar100,resnet18,20,ssd_alphagrid,a30.0_l0.5_b64,500,500,42,76.1400,76.9091,0.0000,77.8990,0.0000,-0.9899,0.9899,21.073,0.233,,NVIDIA A10,4875190
cifar100,resnet18,20,ssd_alphagrid,a4.0_l0.5_b64,1,500,42,16.8900,17.0606,0.0000,77.8990,0.0000,-60.8384,60.8384,20.881,0.041,,NVIDIA A10,4875190
cifar100,resnet18,20,ssd_alphagrid,a4.0_l0.5_b64,10,500,42,75.1200,75.8788,0.0000,77.8990,0.0000,-2.0202,2.0202,20.881,0.042,,NVIDIA A10,4875190
cifar100,resnet18,20,ssd_alphagrid,a4.0_l0.5_b64,100,500,42,69.0300,69.7273,0.0000,77.8990,0.0000,-8.1717,8.1717,20.909,0.069,,NVIDIA A10,4875190
cifar100,resnet18,20,ssd_alphagrid,a4.0_l0.5_b64,25,500,42,67.7600,68.4444,0.0000,77.8990,0.0000,-9.4545,9.4545,20.876,0.036,,NVIDIA A10,4875190
cifar100,resnet18,20,ssd_alphagrid,a4.0_l0.5_b64,5,500,42,76.2200,76.9899,0.0000,77.8990,0.0000,-0.9091,0.9091,20.875,0.035,,NVIDIA A10,4875190
cifar100,resnet18,20,ssd_alphagrid,a4.0_l0.5_b64,50,500,42,63.5300,64.1717,0.0000,77.8990,0.0000,-13.7273,13.7273,20.882,0.042,,NVIDIA A10,4875190
cifar100,resnet18,20,ssd_alphagrid,a4.0_l0.5_b64,500,500,42,67.0500,67.7273,0.0000,77.8990,0.0000,-10.1717,10.1717,21.074,0.234,,NVIDIA A10,4875190
cifar100,resnet18,20,ssd_alphagrid,a6.0_l0.5_b64,1,500,42,57.8000,58.3838,0.0000,77.8990,0.0000,-19.5152,19.5152,20.880,0.041,,NVIDIA A10,4875190
cifar100,resnet18,20,ssd_alphagrid,a6.0_l0.5_b64,10,500,42,75.6400,76.4040,0.0000,77.8990,0.0000,-1.4949,1.4949,20.882,0.042,,NVIDIA A10,4875190
cifar100,resnet18,20,ssd_alphagrid,a6.0_l0.5_b64,100,500,42,73.7200,74.4646,0.0000,77.8990,0.0000,-3.4343,3.4343,20.903,0.064,,NVIDIA A10,4875190
cifar100,resnet18,20,ssd_alphagrid,a6.0_l0.5_b64,25,500,42,72.7500,73.4848,0.0000,77.8990,0.0000,-4.4141,4.4141,20.878,0.039,,NVIDIA A10,4875190
cifar100,resnet18,20,ssd_alphagrid,a6.0_l0.5_b64,5,500,42,76.3200,77.1010,0.0000,77.8990,0.0000,-0.7980,0.7980,20.874,0.035,,NVIDIA A10,4875190
cifar100,resnet18,20,ssd_alphagrid,a6.0_l0.5_b64,50,500,42,72.3000,73.0303,0.0000,77.8990,0.0000,-4.8687,4.8687,20.883,0.043,,NVIDIA A10,4875190
cifar100,resnet18,20,ssd_alphagrid,a6.0_l0.5_b64,500,500,42,73.6700,74.4141,0.0000,77.8990,0.0000,-3.4848,3.4848,21.074,0.234,,NVIDIA A10,4875190
cifar100,resnet18,20,ssd_alphagrid,a8.0_l0.5_b64,1,500,42,64.2200,64.8788,0.0000,77.8990,0.0000,-13.0202,13.0202,20.875,0.036,,NVIDIA A10,4875190
cifar100,resnet18,20,ssd_alphagrid,a8.0_l0.5_b64,10,500,42,76.3100,77.0808,0.0000,77.8990,0.0000,-0.8182,0.8182,20.881,0.042,,NVIDIA A10,4875190
cifar100,resnet18,20,ssd_alphagrid,a8.0_l0.5_b64,100,500,42,75.4500,76.2121,0.0000,77.8990,0.0000,-1.6869,1.6869,20.902,0.063,,NVIDIA A10,4875190
cifar100,resnet18,20,ssd_alphagrid,a8.0_l0.5_b64,25,500,42,74.2200,74.9697,0.0000,77.8990,0.0000,-2.9293,2.9293,20.874,0.035,,NVIDIA A10,4875190
cifar100,resnet18,20,ssd_alphagrid,a8.0_l0.5_b64,5,500,42,76.4400,77.2121,0.0000,77.8990,0.0000,-0.6869,0.6869,20.877,0.038,,NVIDIA A10,4875190
cifar100,resnet18,20,ssd_alphagrid,a8.0_l0.5_b64,50,500,42,73.8300,74.5758,0.0000,77.8990,0.0000,-3.3232,3.3232,20.882,0.043,,NVIDIA A10,4875190
cifar100,resnet18,20,ssd_alphagrid,a8.0_l0.5_b64,500,500,42,75.1900,75.9495,0.0000,77.8990,0.0000,-1.9495,1.9495,21.073,0.234,,NVIDIA A10,4875190
cifar100,resnet18,20,unact,p90.0_g0.3_k1,1,500,42,75.4900,76.1616,9.0000,77.8990,0.0000,-1.7374,10.7374,0.007,0.007,2.1829,NVIDIA A10,4875190
cifar100,resnet18,20,unact,p90.0_g0.3_k1,10,500,42,75.4300,76.1919,0.0000,77.8990,0.0000,-1.7071,1.7071,0.008,0.008,2.1829,NVIDIA A10,4875190
cifar100,resnet18,20,unact,p90.0_g0.3_k1,100,500,42,75.6700,76.4343,0.0000,77.8990,0.0000,-1.4646,1.4646,0.024,0.024,2.1829,NVIDIA A10,4875190
cifar100,resnet18,20,unact,p90.0_g0.3_k1,25,500,42,75.4900,76.2525,0.0000,77.8990,0.0000,-1.6465,1.6465,0.010,0.010,2.1829,NVIDIA A10,4875190
cifar100,resnet18,20,unact,p90.0_g0.3_k1,5,500,42,75.6600,76.4141,0.0000,77.8990,0.0000,-1.4848,1.4848,0.005,0.005,2.1829,NVIDIA A10,4875190
cifar100,resnet18,20,unact,p90.0_g0.3_k1,50,500,42,75.7000,76.4646,0.0000,77.8990,0.0000,-1.4343,1.4343,0.013,0.013,2.1829,NVIDIA A10,4875190
cifar100,resnet18,20,unact,p90.0_g0.3_k1,500,500,42,75.6600,76.4242,0.0000,77.8990,0.0000,-1.4747,1.4747,0.089,0.089,2.1829,NVIDIA A10,4875190
cifar100,resnet18,3,ssd,a50.0_l0.5_b64,1,500,42,62.3200,62.9495,0.0000,77.8788,0.0000,-14.9293,14.9293,21.007,0.031,,NVIDIA A10,4875190
cifar100,resnet18,3,ssd,a50.0_l0.5_b64,10,500,42,1.0000,1.0101,0.0000,77.8788,0.0000,-76.8687,76.8687,21.013,0.037,,NVIDIA A10,4875190
cifar100,resnet18,3,ssd,a50.0_l0.5_b64,100,500,42,71.2900,72.0101,0.0000,77.8788,0.0000,-5.8687,5.8687,21.063,0.087,,NVIDIA A10,4875190
cifar100,resnet18,3,ssd,a50.0_l0.5_b64,25,500,42,6.6000,6.6667,0.0000,77.8788,0.0000,-71.2121,71.2121,21.013,0.036,,NVIDIA A10,4875190
cifar100,resnet18,3,ssd,a50.0_l0.5_b64,5,500,42,1.0000,1.0101,0.0000,77.8788,0.0000,-76.8687,76.8687,21.017,0.040,,NVIDIA A10,4875190
cifar100,resnet18,3,ssd,a50.0_l0.5_b64,50,500,42,61.0800,61.6970,0.0000,77.8788,0.0000,-16.1818,16.1818,21.021,0.045,,NVIDIA A10,4875190
cifar100,resnet18,3,ssd,a50.0_l0.5_b64,500,500,42,76.3900,77.1616,0.0000,77.8788,0.0000,-0.7172,0.7172,21.229,0.252,,NVIDIA A10,4875190
cifar100,resnet18,3,ssd_alphagrid,a10.0_l0.5_b64,1,500,42,1.5900,1.6061,0.0000,77.8788,0.0000,-76.2727,76.2727,21.008,0.031,,NVIDIA A10,4875190
cifar100,resnet18,3,ssd_alphagrid,a10.0_l0.5_b64,10,500,42,1.0000,1.0101,0.0000,77.8788,0.0000,-76.8687,76.8687,21.014,0.038,,NVIDIA A10,4875190
cifar100,resnet18,3,ssd_alphagrid,a10.0_l0.5_b64,100,500,42,2.0600,2.0808,0.0000,77.8788,0.0000,-75.7980,75.7980,21.063,0.087,,NVIDIA A10,4875190
cifar100,resnet18,3,ssd_alphagrid,a10.0_l0.5_b64,25,500,42,1.0000,1.0101,0.0000,77.8788,0.0000,-76.8687,76.8687,21.014,0.038,,NVIDIA A10,4875190
cifar100,resnet18,3,ssd_alphagrid,a10.0_l0.5_b64,5,500,42,1.0000,1.0101,0.0000,77.8788,0.0000,-76.8687,76.8687,21.017,0.041,,NVIDIA A10,4875190
cifar100,resnet18,3,ssd_alphagrid,a10.0_l0.5_b64,50,500,42,1.5100,1.5253,0.0000,77.8788,0.0000,-76.3535,76.3535,21.022,0.045,,NVIDIA A10,4875190
cifar100,resnet18,3,ssd_alphagrid,a10.0_l0.5_b64,500,500,42,54.1700,54.7172,0.0000,77.8788,0.0000,-23.1616,23.1616,21.230,0.254,,NVIDIA A10,4875190
cifar100,resnet18,3,ssd_alphagrid,a12.0_l0.5_b64,1,500,42,1.9000,1.9192,0.0000,77.8788,0.0000,-75.9596,75.9596,21.008,0.031,,NVIDIA A10,4875190
cifar100,resnet18,3,ssd_alphagrid,a12.0_l0.5_b64,10,500,42,1.0000,1.0101,0.0000,77.8788,0.0000,-76.8687,76.8687,21.014,0.037,,NVIDIA A10,4875190
cifar100,resnet18,3,ssd_alphagrid,a12.0_l0.5_b64,100,500,42,3.3400,3.3737,0.0000,77.8788,0.0000,-74.5051,74.5051,21.063,0.086,,NVIDIA A10,4875190
cifar100,resnet18,3,ssd_alphagrid,a12.0_l0.5_b64,25,500,42,1.5800,1.5960,0.0000,77.8788,0.0000,-76.2828,76.2828,21.014,0.038,,NVIDIA A10,4875190
cifar100,resnet18,3,ssd_alphagrid,a12.0_l0.5_b64,5,500,42,1.0000,1.0101,0.0000,77.8788,0.0000,-76.8687,76.8687,21.018,0.042,,NVIDIA A10,4875190
cifar100,resnet18,3,ssd_alphagrid,a12.0_l0.5_b64,50,500,42,1.9300,1.9495,0.0000,77.8788,0.0000,-75.9293,75.9293,21.022,0.045,,NVIDIA A10,4875190
cifar100,resnet18,3,ssd_alphagrid,a12.0_l0.5_b64,500,500,42,61.2500,61.8687,0.0000,77.8788,0.0000,-16.0101,16.0101,21.230,0.254,,NVIDIA A10,4875190
cifar100,resnet18,3,ssd_alphagrid,a15.0_l0.5_b64,1,500,42,7.2900,7.3636,0.0000,77.8788,0.0000,-70.5152,70.5152,21.008,0.031,,NVIDIA A10,4875190
cifar100,resnet18,3,ssd_alphagrid,a15.0_l0.5_b64,10,500,42,1.0000,1.0101,0.0000,77.8788,0.0000,-76.8687,76.8687,21.014,0.038,,NVIDIA A10,4875190
cifar100,resnet18,3,ssd_alphagrid,a15.0_l0.5_b64,100,500,42,8.7100,8.7980,0.0000,77.8788,0.0000,-69.0808,69.0808,21.064,0.087,,NVIDIA A10,4875190
cifar100,resnet18,3,ssd_alphagrid,a15.0_l0.5_b64,25,500,42,1.0800,1.0909,0.0000,77.8788,0.0000,-76.7879,76.7879,21.015,0.038,,NVIDIA A10,4875190
cifar100,resnet18,3,ssd_alphagrid,a15.0_l0.5_b64,5,500,42,1.0000,1.0101,0.0000,77.8788,0.0000,-76.8687,76.8687,21.018,0.042,,NVIDIA A10,4875190
cifar100,resnet18,3,ssd_alphagrid,a15.0_l0.5_b64,50,500,42,3.4900,3.5253,0.0000,77.8788,0.0000,-74.3535,74.3535,21.023,0.047,,NVIDIA A10,4875190
cifar100,resnet18,3,ssd_alphagrid,a15.0_l0.5_b64,500,500,42,69.6800,70.3838,0.0000,77.8788,0.0000,-7.4949,7.4949,21.230,0.254,,NVIDIA A10,4875190
cifar100,resnet18,3,ssd_alphagrid,a2.0_l0.5_b64,1,500,42,0.9100,0.9192,0.0000,77.8788,0.0000,-76.9596,76.9596,21.007,0.031,,NVIDIA A10,4875190
cifar100,resnet18,3,ssd_alphagrid,a2.0_l0.5_b64,10,500,42,1.0000,1.0101,0.0000,77.8788,0.0000,-76.8687,76.8687,21.013,0.037,,NVIDIA A10,4875190
cifar100,resnet18,3,ssd_alphagrid,a2.0_l0.5_b64,100,500,42,1.1000,1.1111,0.0000,77.8788,0.0000,-76.7677,76.7677,21.063,0.086,,NVIDIA A10,4875190
cifar100,resnet18,3,ssd_alphagrid,a2.0_l0.5_b64,25,500,42,1.0000,1.0101,0.0000,77.8788,0.0000,-76.8687,76.8687,21.013,0.037,,NVIDIA A10,4875190
cifar100,resnet18,3,ssd_alphagrid,a2.0_l0.5_b64,5,500,42,1.0000,1.0101,0.0000,77.8788,0.0000,-76.8687,76.8687,21.023,0.047,,NVIDIA A10,4875190
cifar100,resnet18,3,ssd_alphagrid,a2.0_l0.5_b64,50,500,42,1.0000,1.0101,0.0000,77.8788,0.0000,-76.8687,76.8687,21.025,0.049,,NVIDIA A10,4875190
cifar100,resnet18,3,ssd_alphagrid,a2.0_l0.5_b64,500,500,42,1.0000,1.0101,0.0000,77.8788,0.0000,-76.8687,76.8687,21.234,0.258,,NVIDIA A10,4875190
cifar100,resnet18,3,ssd_alphagrid,a20.0_l0.5_b64,1,500,42,16.6700,16.8384,0.0000,77.8788,0.0000,-61.0404,61.0404,21.009,0.033,,NVIDIA A10,4875190
cifar100,resnet18,3,ssd_alphagrid,a20.0_l0.5_b64,10,500,42,1.0000,1.0101,0.0000,77.8788,0.0000,-76.8687,76.8687,21.017,0.041,,NVIDIA A10,4875190
cifar100,resnet18,3,ssd_alphagrid,a20.0_l0.5_b64,100,500,42,24.9300,25.1818,0.0000,77.8788,0.0000,-52.6970,52.6970,21.063,0.087,,NVIDIA A10,4875190
cifar100,resnet18,3,ssd_alphagrid,a20.0_l0.5_b64,25,500,42,1.0000,1.0101,0.0000,77.8788,0.0000,-76.8687,76.8687,21.014,0.038,,NVIDIA A10,4875190
cifar100,resnet18,3,ssd_alphagrid,a20.0_l0.5_b64,5,500,42,1.0000,1.0101,0.0000,77.8788,0.0000,-76.8687,76.8687,21.018,0.041,,NVIDIA A10,4875190
cifar100,resnet18,3,ssd_alphagrid,a20.0_l0.5_b64,50,500,42,13.8000,13.9394,0.0000,77.8788,0.0000,-63.9394,63.9394,21.021,0.045,,NVIDIA A10,4875190
cifar100,resnet18,3,ssd_alphagrid,a20.0_l0.5_b64,500,500,42,72.9300,73.6667,0.0000,77.8788,0.0000,-4.2121,4.2121,21.229,0.253,,NVIDIA A10,4875190
cifar100,resnet18,3,ssd_alphagrid,a30.0_l0.5_b64,1,500,42,36.9200,37.2929,0.0000,77.8788,0.0000,-40.5859,40.5859,21.007,0.031,,NVIDIA A10,4875190
cifar100,resnet18,3,ssd_alphagrid,a30.0_l0.5_b64,10,500,42,1.0400,1.0505,0.0000,77.8788,0.0000,-76.8283,76.8283,21.014,0.038,,NVIDIA A10,4875190
cifar100,resnet18,3,ssd_alphagrid,a30.0_l0.5_b64,100,500,42,53.7800,54.3232,0.0000,77.8788,0.0000,-23.5556,23.5556,21.063,0.087,,NVIDIA A10,4875190
cifar100,resnet18,3,ssd_alphagrid,a30.0_l0.5_b64,25,500,42,1.5500,1.5657,0.0000,77.8788,0.0000,-76.3131,76.3131,21.014,0.038,,NVIDIA A10,4875190
cifar100,resnet18,3,ssd_alphagrid,a30.0_l0.5_b64,5,500,42,1.0000,1.0101,0.0000,77.8788,0.0000,-76.8687,76.8687,21.017,0.041,,NVIDIA A10,4875190
cifar100,resnet18,3,ssd_alphagrid,a30.0_l0.5_b64,50,500,42,43.6700,44.1111,0.0000,77.8788,0.0000,-33.7677,33.7677,21.021,0.045,,NVIDIA A10,4875190
cifar100,resnet18,3,ssd_alphagrid,a30.0_l0.5_b64,500,500,42,75.0800,75.8384,0.0000,77.8788,0.0000,-2.0404,2.0404,21.230,0.254,,NVIDIA A10,4875190
cifar100,resnet18,3,ssd_alphagrid,a4.0_l0.5_b64,1,500,42,1.6900,1.7071,0.0000,77.8788,0.0000,-76.1717,76.1717,21.008,0.032,,NVIDIA A10,4875190
cifar100,resnet18,3,ssd_alphagrid,a4.0_l0.5_b64,10,500,42,1.0000,1.0101,0.0000,77.8788,0.0000,-76.8687,76.8687,21.017,0.041,,NVIDIA A10,4875190
cifar100,resnet18,3,ssd_alphagrid,a4.0_l0.5_b64,100,500,42,1.1000,1.1111,0.0000,77.8788,0.0000,-76.7677,76.7677,21.064,0.087,,NVIDIA A10,4875190
cifar100,resnet18,3,ssd_alphagrid,a4.0_l0.5_b64,25,500,42,1.0000,1.0101,0.0000,77.8788,0.0000,-76.8687,76.8687,21.014,0.037,,NVIDIA A10,4875190
cifar100,resnet18,3,ssd_alphagrid,a4.0_l0.5_b64,5,500,42,1.0000,1.0101,0.0000,77.8788,0.0000,-76.8687,76.8687,21.018,0.041,,NVIDIA A10,4875190
cifar100,resnet18,3,ssd_alphagrid,a4.0_l0.5_b64,50,500,42,0.9900,1.0000,0.0000,77.8788,0.0000,-76.8788,76.8788,21.023,0.047,,NVIDIA A10,4875190
cifar100,resnet18,3,ssd_alphagrid,a4.0_l0.5_b64,500,500,42,4.2800,4.3232,0.0000,77.8788,0.0000,-73.5556,73.5556,21.237,0.260,,NVIDIA A10,4875190
cifar100,resnet18,3,ssd_alphagrid,a6.0_l0.5_b64,1,500,42,1.0400,1.0505,0.0000,77.8788,0.0000,-76.8283,76.8283,21.014,0.038,,NVIDIA A10,4875190
cifar100,resnet18,3,ssd_alphagrid,a6.0_l0.5_b64,10,500,42,1.0000,1.0101,0.0000,77.8788,0.0000,-76.8687,76.8687,21.018,0.041,,NVIDIA A10,4875190
cifar100,resnet18,3,ssd_alphagrid,a6.0_l0.5_b64,100,500,42,1.1700,1.1818,0.0000,77.8788,0.0000,-76.6970,76.6970,21.063,0.087,,NVIDIA A10,4875190
cifar100,resnet18,3,ssd_alphagrid,a6.0_l0.5_b64,25,500,42,1.0500,1.0606,0.0000,77.8788,0.0000,-76.8182,76.8182,21.014,0.037,,NVIDIA A10,4875190
cifar100,resnet18,3,ssd_alphagrid,a6.0_l0.5_b64,5,500,42,1.0000,1.0101,0.0000,77.8788,0.0000,-76.8687,76.8687,21.018,0.042,,NVIDIA A10,4875190
cifar100,resnet18,3,ssd_alphagrid,a6.0_l0.5_b64,50,500,42,1.0000,1.0101,0.0000,77.8788,0.0000,-76.8687,76.8687,21.022,0.045,,NVIDIA A10,4875190
cifar100,resnet18,3,ssd_alphagrid,a6.0_l0.5_b64,500,500,42,29.0300,29.3232,0.0000,77.8788,0.0000,-48.5556,48.5556,21.234,0.258,,NVIDIA A10,4875190
cifar100,resnet18,3,ssd_alphagrid,a8.0_l0.5_b64,1,500,42,1.2600,1.2727,0.0000,77.8788,0.0000,-76.6061,76.6061,21.008,0.032,,NVIDIA A10,4875190
cifar100,resnet18,3,ssd_alphagrid,a8.0_l0.5_b64,10,500,42,1.0000,1.0101,0.0000,77.8788,0.0000,-76.8687,76.8687,21.015,0.038,,NVIDIA A10,4875190
cifar100,resnet18,3,ssd_alphagrid,a8.0_l0.5_b64,100,500,42,1.4600,1.4747,0.0000,77.8788,0.0000,-76.4040,76.4040,21.063,0.087,,NVIDIA A10,4875190
cifar100,resnet18,3,ssd_alphagrid,a8.0_l0.5_b64,25,500,42,1.0000,1.0101,0.0000,77.8788,0.0000,-76.8687,76.8687,21.014,0.038,,NVIDIA A10,4875190
cifar100,resnet18,3,ssd_alphagrid,a8.0_l0.5_b64,5,500,42,1.0000,1.0101,0.0000,77.8788,0.0000,-76.8687,76.8687,21.019,0.042,,NVIDIA A10,4875190
cifar100,resnet18,3,ssd_alphagrid,a8.0_l0.5_b64,50,500,42,1.8800,1.8990,0.0000,77.8788,0.0000,-75.9798,75.9798,21.021,0.045,,NVIDIA A10,4875190
cifar100,resnet18,3,ssd_alphagrid,a8.0_l0.5_b64,500,500,42,43.5000,43.9394,0.0000,77.8788,0.0000,-33.9394,33.9394,21.230,0.254,,NVIDIA A10,4875190
cifar100,resnet18,3,unact,p90.0_g0.3_k1,1,500,42,75.3400,76.0808,2.0000,77.8788,0.0000,-1.7980,3.7980,0.011,0.011,2.1829,NVIDIA A10,4875190
cifar100,resnet18,3,unact,p90.0_g0.3_k1,10,500,42,75.5800,76.3434,0.0000,77.8788,0.0000,-1.5354,1.5354,0.005,0.005,2.1829,NVIDIA A10,4875190
cifar100,resnet18,3,unact,p90.0_g0.3_k1,100,500,42,75.6600,76.4242,0.0000,77.8788,0.0000,-1.4545,1.4545,0.023,0.023,2.1829,NVIDIA A10,4875190
cifar100,resnet18,3,unact,p90.0_g0.3_k1,25,500,42,75.4400,76.2020,0.0000,77.8788,0.0000,-1.6768,1.6768,0.008,0.008,2.1829,NVIDIA A10,4875190
cifar100,resnet18,3,unact,p90.0_g0.3_k1,5,500,42,75.6000,76.3636,0.0000,77.8788,0.0000,-1.5152,1.5152,0.007,0.007,2.1829,NVIDIA A10,4875190
cifar100,resnet18,3,unact,p90.0_g0.3_k1,50,500,42,75.4700,76.2323,0.0000,77.8788,0.0000,-1.6465,1.6465,0.014,0.014,2.1829,NVIDIA A10,4875190
cifar100,resnet18,3,unact,p90.0_g0.3_k1,500,500,42,75.6300,76.3939,0.0000,77.8788,0.0000,-1.4848,1.4848,0.115,0.115,2.1829,NVIDIA A10,4875190
cifar100,resnet18,51,ssd,a50.0_l0.5_b64,1,500,42,1.5700,1.5859,0.0000,77.7273,0.0000,-76.1414,76.1414,22.608,0.037,,NVIDIA A10,4875190
cifar100,resnet18,51,ssd,a50.0_l0.5_b64,10,500,42,77.2100,77.4242,56.0000,77.7273,0.0000,-0.3030,56.3030,22.604,0.032,,NVIDIA A10,4875190
cifar100,resnet18,51,ssd,a50.0_l0.5_b64,100,500,42,76.6300,77.4040,0.0000,77.7273,0.0000,-0.3232,0.3232,22.640,0.069,,NVIDIA A10,4875190
cifar100,resnet18,51,ssd,a50.0_l0.5_b64,25,500,42,75.8100,76.5758,0.0000,77.7273,0.0000,-1.1515,1.1515,22.606,0.034,,NVIDIA A10,4875190
cifar100,resnet18,51,ssd,a50.0_l0.5_b64,5,500,42,74.6400,75.3939,0.0000,77.7273,0.0000,-2.3333,2.3333,22.606,0.035,,NVIDIA A10,4875190
cifar100,resnet18,51,ssd,a50.0_l0.5_b64,50,500,42,76.5700,77.3434,0.0000,77.7273,0.0000,-0.3838,0.3838,22.616,0.044,,NVIDIA A10,4875190
cifar100,resnet18,51,ssd,a50.0_l0.5_b64,500,500,42,76.6800,77.4545,0.0000,77.7273,0.0000,-0.2727,0.2727,22.798,0.227,,NVIDIA A10,4875190
cifar100,resnet18,51,ssd_alphagrid,a10.0_l0.5_b64,1,500,42,1.0000,1.0101,0.0000,77.7273,0.0000,-76.7172,76.7172,22.609,0.038,,NVIDIA A10,4875190
cifar100,resnet18,51,ssd_alphagrid,a10.0_l0.5_b64,10,500,42,68.1500,68.8384,0.0000,77.7273,0.0000,-8.8889,8.8889,22.606,0.035,,NVIDIA A10,4875190
cifar100,resnet18,51,ssd_alphagrid,a10.0_l0.5_b64,100,500,42,72.2700,73.0000,0.0000,77.7273,0.0000,-4.7273,4.7273,22.640,0.068,,NVIDIA A10,4875190
cifar100,resnet18,51,ssd_alphagrid,a10.0_l0.5_b64,25,500,42,69.5600,70.2626,0.0000,77.7273,0.0000,-7.4646,7.4646,22.607,0.036,,NVIDIA A10,4875190
cifar100,resnet18,51,ssd_alphagrid,a10.0_l0.5_b64,5,500,42,9.4600,9.5556,0.0000,77.7273,0.0000,-68.1717,68.1717,22.605,0.034,,NVIDIA A10,4875190
cifar100,resnet18,51,ssd_alphagrid,a10.0_l0.5_b64,50,500,42,73.4500,74.1919,0.0000,77.7273,0.0000,-3.5354,3.5354,22.610,0.039,,NVIDIA A10,4875190
cifar100,resnet18,51,ssd_alphagrid,a10.0_l0.5_b64,500,500,42,75.4500,76.2121,0.0000,77.7273,0.0000,-1.5152,1.5152,22.799,0.227,,NVIDIA A10,4875190
cifar100,resnet18,51,ssd_alphagrid,a12.0_l0.5_b64,1,500,42,1.0000,1.0101,0.0000,77.7273,0.0000,-76.7172,76.7172,22.608,0.037,,NVIDIA A10,4875190
cifar100,resnet18,51,ssd_alphagrid,a12.0_l0.5_b64,10,500,42,70.2200,70.9293,0.0000,77.7273,0.0000,-6.7980,6.7980,22.605,0.034,,NVIDIA A10,4875190
cifar100,resnet18,51,ssd_alphagrid,a12.0_l0.5_b64,100,500,42,73.2200,73.9596,0.0000,77.7273,0.0000,-3.7677,3.7677,22.640,0.068,,NVIDIA A10,4875190
cifar100,resnet18,51,ssd_alphagrid,a12.0_l0.5_b64,25,500,42,71.3000,72.0202,0.0000,77.7273,0.0000,-5.7071,5.7071,22.607,0.035,,NVIDIA A10,4875190
cifar100,resnet18,51,ssd_alphagrid,a12.0_l0.5_b64,5,500,42,19.6700,19.8687,0.0000,77.7273,0.0000,-57.8586,57.8586,22.605,0.034,,NVIDIA A10,4875190
cifar100,resnet18,51,ssd_alphagrid,a12.0_l0.5_b64,50,500,42,74.1600,74.9091,0.0000,77.7273,0.0000,-2.8182,2.8182,22.611,0.040,,NVIDIA A10,4875190
cifar100,resnet18,51,ssd_alphagrid,a12.0_l0.5_b64,500,500,42,75.8300,76.5960,0.0000,77.7273,0.0000,-1.1313,1.1313,22.798,0.227,,NVIDIA A10,4875190
cifar100,resnet18,51,ssd_alphagrid,a15.0_l0.5_b64,1,500,42,1.0000,1.0101,0.0000,77.7273,0.0000,-76.7172,76.7172,22.608,0.037,,NVIDIA A10,4875190
cifar100,resnet18,51,ssd_alphagrid,a15.0_l0.5_b64,10,500,42,73.5100,74.2525,0.0000,77.7273,0.0000,-3.4747,3.4747,22.605,0.034,,NVIDIA A10,4875190
cifar100,resnet18,51,ssd_alphagrid,a15.0_l0.5_b64,100,500,42,74.3600,75.1111,0.0000,77.7273,0.0000,-2.6162,2.6162,22.639,0.068,,NVIDIA A10,4875190
cifar100,resnet18,51,ssd_alphagrid,a15.0_l0.5_b64,25,500,42,72.6900,73.4242,0.0000,77.7273,0.0000,-4.3030,4.3030,22.606,0.035,,NVIDIA A10,4875190
cifar100,resnet18,51,ssd_alphagrid,a15.0_l0.5_b64,5,500,42,38.1200,38.5051,0.0000,77.7273,0.0000,-39.2222,39.2222,22.606,0.034,,NVIDIA A10,4875190
cifar100,resnet18,51,ssd_alphagrid,a15.0_l0.5_b64,50,500,42,74.3000,75.0505,0.0000,77.7273,0.0000,-2.6768,2.6768,22.610,0.039,,NVIDIA A10,4875190
cifar100,resnet18,51,ssd_alphagrid,a15.0_l0.5_b64,500,500,42,76.3500,77.1212,0.0000,77.7273,0.0000,-0.6061,0.6061,22.799,0.228,,NVIDIA A10,4875190
cifar100,resnet18,51,ssd_alphagrid,a2.0_l0.5_b64,1,500,42,1.0000,1.0101,0.0000,77.7273,0.0000,-76.7172,76.7172,22.613,0.042,,NVIDIA A10,4875190
cifar100,resnet18,51,ssd_alphagrid,a2.0_l0.5_b64,10,500,42,3.4700,3.5051,0.0000,77.7273,0.0000,-74.2222,74.2222,22.605,0.033,,NVIDIA A10,4875190
cifar100,resnet18,51,ssd_alphagrid,a2.0_l0.5_b64,100,500,42,3.8300,3.8687,0.0000,77.7273,0.0000,-73.8586,73.8586,22.646,0.075,,NVIDIA A10,4875190
cifar100,resnet18,51,ssd_alphagrid,a2.0_l0.5_b64,25,500,42,2.3000,2.3232,0.0000,77.7273,0.0000,-75.4040,75.4040,22.607,0.035,,NVIDIA A10,4875190
cifar100,resnet18,51,ssd_alphagrid,a2.0_l0.5_b64,5,500,42,1.0300,1.0404,0.0000,77.7273,0.0000,-76.6869,76.6869,22.605,0.033,,NVIDIA A10,4875190
cifar100,resnet18,51,ssd_alphagrid,a2.0_l0.5_b64,50,500,42,4.1800,4.2222,0.0000,77.7273,0.0000,-73.5051,73.5051,22.610,0.039,,NVIDIA A10,4875190
cifar100,resnet18,51,ssd_alphagrid,a2.0_l0.5_b64,500,500,42,18.7000,18.8889,0.0000,77.7273,0.0000,-58.8384,58.8384,22.800,0.229,,NVIDIA A10,4875190
cifar100,resnet18,51,ssd_alphagrid,a20.0_l0.5_b64,1,500,42,1.2600,1.2727,0.0000,77.7273,0.0000,-76.4545,76.4545,22.608,0.037,,NVIDIA A10,4875190
cifar100,resnet18,51,ssd_alphagrid,a20.0_l0.5_b64,10,500,42,75.8300,76.5960,0.0000,77.7273,0.0000,-1.1313,1.1313,22.605,0.034,,NVIDIA A10,4875190
cifar100,resnet18,51,ssd_alphagrid,a20.0_l0.5_b64,100,500,42,75.0900,75.8485,0.0000,77.7273,0.0000,-1.8788,1.8788,22.639,0.068,,NVIDIA A10,4875190
cifar100,resnet18,51,ssd_alphagrid,a20.0_l0.5_b64,25,500,42,74.0100,74.7576,0.0000,77.7273,0.0000,-2.9697,2.9697,22.606,0.035,,NVIDIA A10,4875190
cifar100,resnet18,51,ssd_alphagrid,a20.0_l0.5_b64,5,500,42,62.7100,63.3434,0.0000,77.7273,0.0000,-14.3838,14.3838,22.611,0.040,,NVIDIA A10,4875190
cifar100,resnet18,51,ssd_alphagrid,a20.0_l0.5_b64,50,500,42,75.6000,76.3636,0.0000,77.7273,0.0000,-1.3636,1.3636,22.610,0.039,,NVIDIA A10,4875190
cifar100,resnet18,51,ssd_alphagrid,a20.0_l0.5_b64,500,500,42,76.5100,77.2828,0.0000,77.7273,0.0000,-0.4444,0.4444,22.798,0.227,,NVIDIA A10,4875190
cifar100,resnet18,51,ssd_alphagrid,a30.0_l0.5_b64,1,500,42,1.3900,1.4040,0.0000,77.7273,0.0000,-76.3232,76.3232,22.608,0.037,,NVIDIA A10,4875190
cifar100,resnet18,51,ssd_alphagrid,a30.0_l0.5_b64,10,500,42,76.6500,77.4242,0.0000,77.7273,0.0000,-0.3030,0.3030,22.610,0.039,,NVIDIA A10,4875190
cifar100,resnet18,51,ssd_alphagrid,a30.0_l0.5_b64,100,500,42,75.8400,76.6061,0.0000,77.7273,0.0000,-1.1212,1.1212,22.640,0.068,,NVIDIA A10,4875190
cifar100,resnet18,51,ssd_alphagrid,a30.0_l0.5_b64,25,500,42,75.3800,76.1414,0.0000,77.7273,0.0000,-1.5859,1.5859,22.606,0.035,,NVIDIA A10,4875190
cifar100,resnet18,51,ssd_alphagrid,a30.0_l0.5_b64,5,500,42,69.5200,70.2222,0.0000,77.7273,0.0000,-7.5051,7.5051,22.611,0.040,,NVIDIA A10,4875190
cifar100,resnet18,51,ssd_alphagrid,a30.0_l0.5_b64,50,500,42,75.9300,76.6970,0.0000,77.7273,0.0000,-1.0303,1.0303,22.616,0.044,,NVIDIA A10,4875190
cifar100,resnet18,51,ssd_alphagrid,a30.0_l0.5_b64,500,500,42,76.4700,77.2424,0.0000,77.7273,0.0000,-0.4848,0.4848,22.798,0.227,,NVIDIA A10,4875190
cifar100,resnet18,51,ssd_alphagrid,a4.0_l0.5_b64,1,500,42,1.0000,1.0101,0.0000,77.7273,0.0000,-76.7172,76.7172,22.608,0.037,,NVIDIA A10,4875190
cifar100,resnet18,51,ssd_alphagrid,a4.0_l0.5_b64,10,500,42,14.8100,14.9596,0.0000,77.7273,0.0000,-62.7677,62.7677,22.612,0.041,,NVIDIA A10,4875190
cifar100,resnet18,51,ssd_alphagrid,a4.0_l0.5_b64,100,500,42,48.9200,49.4141,0.0000,77.7273,0.0000,-28.3131,28.3131,22.641,0.070,,NVIDIA A10,4875190
cifar100,resnet18,51,ssd_alphagrid,a4.0_l0.5_b64,25,500,42,27.2300,27.5051,0.0000,77.7273,0.0000,-50.2222,50.2222,22.609,0.037,,NVIDIA A10,4875190
cifar100,resnet18,51,ssd_alphagrid,a4.0_l0.5_b64,5,500,42,1.3500,1.3636,0.0000,77.7273,0.0000,-76.3636,76.3636,22.607,0.035,,NVIDIA A10,4875190
cifar100,resnet18,51,ssd_alphagrid,a4.0_l0.5_b64,50,500,42,45.2700,45.7273,0.0000,77.7273,0.0000,-32.0000,32.0000,22.611,0.040,,NVIDIA A10,4875190
cifar100,resnet18,51,ssd_alphagrid,a4.0_l0.5_b64,500,500,42,63.4300,64.0707,0.0000,77.7273,0.0000,-13.6566,13.6566,22.800,0.229,,NVIDIA A10,4875190
cifar100,resnet18,51,ssd_alphagrid,a6.0_l0.5_b64,1,500,42,1.0000,1.0101,0.0000,77.7273,0.0000,-76.7172,76.7172,22.609,0.038,,NVIDIA A10,4875190
cifar100,resnet18,51,ssd_alphagrid,a6.0_l0.5_b64,10,500,42,52.6500,53.1818,0.0000,77.7273,0.0000,-24.5455,24.5455,22.612,0.041,,NVIDIA A10,4875190
cifar100,resnet18,51,ssd_alphagrid,a6.0_l0.5_b64,100,500,42,66.4000,67.0707,0.0000,77.7273,0.0000,-10.6566,10.6566,22.641,0.069,,NVIDIA A10,4875190
cifar100,resnet18,51,ssd_alphagrid,a6.0_l0.5_b64,25,500,42,53.8100,54.3434,0.0000,77.7273,0.0000,-23.3838,23.3838,22.608,0.036,,NVIDIA A10,4875190
cifar100,resnet18,51,ssd_alphagrid,a6.0_l0.5_b64,5,500,42,2.0900,2.1111,0.0000,77.7273,0.0000,-75.6162,75.6162,22.605,0.034,,NVIDIA A10,4875190
cifar100,resnet18,51,ssd_alphagrid,a6.0_l0.5_b64,50,500,42,66.2700,66.9394,0.0000,77.7273,0.0000,-10.7879,10.7879,22.610,0.039,,NVIDIA A10,4875190
cifar100,resnet18,51,ssd_alphagrid,a6.0_l0.5_b64,500,500,42,70.4800,71.1919,0.0000,77.7273,0.0000,-6.5354,6.5354,22.799,0.228,,NVIDIA A10,4875190
cifar100,resnet18,51,ssd_alphagrid,a8.0_l0.5_b64,1,500,42,1.0000,1.0101,0.0000,77.7273,0.0000,-76.7172,76.7172,22.609,0.037,,NVIDIA A10,4875190
cifar100,resnet18,51,ssd_alphagrid,a8.0_l0.5_b64,10,500,42,63.7700,64.4141,0.0000,77.7273,0.0000,-13.3131,13.3131,22.607,0.036,,NVIDIA A10,4875190
cifar100,resnet18,51,ssd_alphagrid,a8.0_l0.5_b64,100,500,42,71.0100,71.7273,0.0000,77.7273,0.0000,-6.0000,6.0000,22.640,0.069,,NVIDIA A10,4875190
cifar100,resnet18,51,ssd_alphagrid,a8.0_l0.5_b64,25,500,42,65.8000,66.4646,0.0000,77.7273,0.0000,-11.2626,11.2626,22.607,0.035,,NVIDIA A10,4875190
cifar100,resnet18,51,ssd_alphagrid,a8.0_l0.5_b64,5,500,42,5.4700,5.5253,0.0000,77.7273,0.0000,-72.2020,72.2020,22.606,0.035,,NVIDIA A10,4875190
cifar100,resnet18,51,ssd_alphagrid,a8.0_l0.5_b64,50,500,42,71.8900,72.6162,0.0000,77.7273,0.0000,-5.1111,5.1111,22.611,0.040,,NVIDIA A10,4875190
cifar100,resnet18,51,ssd_alphagrid,a8.0_l0.5_b64,500,500,42,73.7000,74.4444,0.0000,77.7273,0.0000,-3.2828,3.2828,22.800,0.229,,NVIDIA A10,4875190
cifar100,resnet18,51,unact,p90.0_g0.3_k1,1,500,42,75.4800,76.0404,20.0000,77.7273,0.0000,-1.6869,21.6869,0.007,0.007,2.1829,NVIDIA A10,4875190
cifar100,resnet18,51,unact,p90.0_g0.3_k1,10,500,42,76.3000,77.0707,0.0000,77.7273,0.0000,-0.6566,0.6566,0.005,0.005,2.1829,NVIDIA A10,4875190
cifar100,resnet18,51,unact,p90.0_g0.3_k1,100,500,42,76.2500,77.0202,0.0000,77.7273,0.0000,-0.7071,0.7071,0.029,0.029,2.1829,NVIDIA A10,4875190
cifar100,resnet18,51,unact,p90.0_g0.3_k1,25,500,42,76.2100,76.9798,0.0000,77.7273,0.0000,-0.7475,0.7475,0.008,0.008,2.1829,NVIDIA A10,4875190
cifar100,resnet18,51,unact,p90.0_g0.3_k1,5,500,42,76.1100,76.8687,1.0000,77.7273,0.0000,-0.8586,1.8586,0.005,0.005,2.1829,NVIDIA A10,4875190
cifar100,resnet18,51,unact,p90.0_g0.3_k1,50,500,42,76.2000,76.9697,0.0000,77.7273,0.0000,-0.7576,0.7576,0.013,0.013,2.1829,NVIDIA A10,4875190
cifar100,resnet18,51,unact,p90.0_g0.3_k1,500,500,42,76.2500,77.0202,0.0000,77.7273,0.0000,-0.7071,0.7071,0.090,0.090,2.1829,NVIDIA A10,4875190
cifar100,resnet18,69,ssd,a50.0_l0.5_b64,1,500,42,1.0000,1.0101,0.0000,77.4949,0.0000,-76.4848,76.4848,23.121,0.035,,NVIDIA A10,4875190
cifar100,resnet18,69,ssd,a50.0_l0.5_b64,10,500,42,76.0600,76.8283,0.0000,77.4949,0.0000,-0.6667,0.6667,23.124,0.037,,NVIDIA A10,4875190
cifar100,resnet18,69,ssd,a50.0_l0.5_b64,100,500,42,76.4500,77.2222,0.0000,77.4949,0.0000,-0.2727,0.2727,23.151,0.064,,NVIDIA A10,4875190
cifar100,resnet18,69,ssd,a50.0_l0.5_b64,25,500,42,76.3200,77.0909,0.0000,77.4949,0.0000,-0.4040,0.4040,23.129,0.042,,NVIDIA A10,4875190
cifar100,resnet18,69,ssd,a50.0_l0.5_b64,5,500,42,67.7300,68.4141,0.0000,77.4949,0.0000,-9.0808,9.0808,23.114,0.027,,NVIDIA A10,4875190
cifar100,resnet18,69,ssd,a50.0_l0.5_b64,50,500,42,76.1100,76.8788,0.0000,77.4949,0.0000,-0.6162,0.6162,23.136,0.050,,NVIDIA A10,4875190
cifar100,resnet18,69,ssd,a50.0_l0.5_b64,500,500,42,76.2900,77.0606,0.0000,77.4949,0.0000,-0.4343,0.4343,23.306,0.219,,NVIDIA A10,4875190
cifar100,resnet18,69,ssd_alphagrid,a10.0_l0.5_b64,1,500,42,1.0000,1.0101,0.0000,77.4949,0.0000,-76.4848,76.4848,23.121,0.034,,NVIDIA A10,4875190
cifar100,resnet18,69,ssd_alphagrid,a10.0_l0.5_b64,10,500,42,54.7600,55.3131,0.0000,77.4949,0.0000,-22.1818,22.1818,23.124,0.037,,NVIDIA A10,4875190
cifar100,resnet18,69,ssd_alphagrid,a10.0_l0.5_b64,100,500,42,74.2700,75.0202,0.0000,77.4949,0.0000,-2.4747,2.4747,23.152,0.065,,NVIDIA A10,4875190
cifar100,resnet18,69,ssd_alphagrid,a10.0_l0.5_b64,25,500,42,72.6300,73.3636,0.0000,77.4949,0.0000,-4.1313,4.1313,23.130,0.043,,NVIDIA A10,4875190
cifar100,resnet18,69,ssd_alphagrid,a10.0_l0.5_b64,5,500,42,1.5000,1.5152,0.0000,77.4949,0.0000,-75.9798,75.9798,23.115,0.028,,NVIDIA A10,4875190
cifar100,resnet18,69,ssd_alphagrid,a10.0_l0.5_b64,50,500,42,71.7400,72.4646,0.0000,77.4949,0.0000,-5.0303,5.0303,23.133,0.046,,NVIDIA A10,4875190
cifar100,resnet18,69,ssd_alphagrid,a10.0_l0.5_b64,500,500,42,74.4600,75.2121,0.0000,77.4949,0.0000,-2.2828,2.2828,23.306,0.220,,NVIDIA A10,4875190
cifar100,resnet18,69,ssd_alphagrid,a12.0_l0.5_b64,1,500,42,1.0000,1.0101,0.0000,77.4949,0.0000,-76.4848,76.4848,23.121,0.035,,NVIDIA A10,4875190
cifar100,resnet18,69,ssd_alphagrid,a12.0_l0.5_b64,10,500,42,65.1000,65.7576,0.0000,77.4949,0.0000,-11.7374,11.7374,23.124,0.037,,NVIDIA A10,4875190
cifar100,resnet18,69,ssd_alphagrid,a12.0_l0.5_b64,100,500,42,75.0100,75.7677,0.0000,77.4949,0.0000,-1.7273,1.7273,23.151,0.064,,NVIDIA A10,4875190
cifar100,resnet18,69,ssd_alphagrid,a12.0_l0.5_b64,25,500,42,73.5700,74.3131,0.0000,77.4949,0.0000,-3.1818,3.1818,23.131,0.044,,NVIDIA A10,4875190
cifar100,resnet18,69,ssd_alphagrid,a12.0_l0.5_b64,5,500,42,1.3200,1.3333,0.0000,77.4949,0.0000,-76.1616,76.1616,23.114,0.027,,NVIDIA A10,4875190
cifar100,resnet18,69,ssd_alphagrid,a12.0_l0.5_b64,50,500,42,72.9100,73.6465,0.0000,77.4949,0.0000,-3.8485,3.8485,23.134,0.047,,NVIDIA A10,4875190
cifar100,resnet18,69,ssd_alphagrid,a12.0_l0.5_b64,500,500,42,75.0300,75.7879,0.0000,77.4949,0.0000,-1.7071,1.7071,23.306,0.219,,NVIDIA A10,4875190
cifar100,resnet18,69,ssd_alphagrid,a15.0_l0.5_b64,1,500,42,1.0100,1.0202,0.0000,77.4949,0.0000,-76.4747,76.4747,23.122,0.035,,NVIDIA A10,4875190
cifar100,resnet18,69,ssd_alphagrid,a15.0_l0.5_b64,10,500,42,68.8800,69.5758,0.0000,77.4949,0.0000,-7.9192,7.9192,23.126,0.039,,NVIDIA A10,4875190
cifar100,resnet18,69,ssd_alphagrid,a15.0_l0.5_b64,100,500,42,75.4200,76.1818,0.0000,77.4949,0.0000,-1.3131,1.3131,23.151,0.065,,NVIDIA A10,4875190
cifar100,resnet18,69,ssd_alphagrid,a15.0_l0.5_b64,25,500,42,75.2500,76.0101,0.0000,77.4949,0.0000,-1.4848,1.4848,23.130,0.043,,NVIDIA A10,4875190
cifar100,resnet18,69,ssd_alphagrid,a15.0_l0.5_b64,5,500,42,1.7100,1.7273,0.0000,77.4949,0.0000,-75.7677,75.7677,23.115,0.028,,NVIDIA A10,4875190
cifar100,resnet18,69,ssd_alphagrid,a15.0_l0.5_b64,50,500,42,73.3400,74.0808,0.0000,77.4949,0.0000,-3.4141,3.4141,23.133,0.046,,NVIDIA A10,4875190
cifar100,resnet18,69,ssd_alphagrid,a15.0_l0.5_b64,500,500,42,75.2900,76.0505,0.0000,77.4949,0.0000,-1.4444,1.4444,23.312,0.225,,NVIDIA A10,4875190
cifar100,resnet18,69,ssd_alphagrid,a2.0_l0.5_b64,1,500,42,1.0000,1.0101,0.0000,77.4949,0.0000,-76.4848,76.4848,23.119,0.033,,NVIDIA A10,4875190
cifar100,resnet18,69,ssd_alphagrid,a2.0_l0.5_b64,10,500,42,1.3800,1.3939,0.0000,77.4949,0.0000,-76.1010,76.1010,23.124,0.037,,NVIDIA A10,4875190
cifar100,resnet18,69,ssd_alphagrid,a2.0_l0.5_b64,100,500,42,42.2400,42.6667,0.0000,77.4949,0.0000,-34.8283,34.8283,23.155,0.068,,NVIDIA A10,4875190
cifar100,resnet18,69,ssd_alphagrid,a2.0_l0.5_b64,25,500,42,2.7300,2.7576,0.0000,77.4949,0.0000,-74.7374,74.7374,23.136,0.049,,NVIDIA A10,4875190
cifar100,resnet18,69,ssd_alphagrid,a2.0_l0.5_b64,5,500,42,1.0000,1.0101,0.0000,77.4949,0.0000,-76.4848,76.4848,23.118,0.031,,NVIDIA A10,4875190
cifar100,resnet18,69,ssd_alphagrid,a2.0_l0.5_b64,50,500,42,2.0000,2.0202,0.0000,77.4949,0.0000,-75.4747,75.4747,23.140,0.053,,NVIDIA A10,4875190
cifar100,resnet18,69,ssd_alphagrid,a2.0_l0.5_b64,500,500,42,34.5700,34.9192,0.0000,77.4949,0.0000,-42.5758,42.5758,23.307,0.220,,NVIDIA A10,4875190
cifar100,resnet18,69,ssd_alphagrid,a20.0_l0.5_b64,1,500,42,1.0000,1.0101,0.0000,77.4949,0.0000,-76.4848,76.4848,23.121,0.034,,NVIDIA A10,4875190
cifar100,resnet18,69,ssd_alphagrid,a20.0_l0.5_b64,10,500,42,73.2300,73.9697,0.0000,77.4949,0.0000,-3.5253,3.5253,23.125,0.038,,NVIDIA A10,4875190
cifar100,resnet18,69,ssd_alphagrid,a20.0_l0.5_b64,100,500,42,75.9700,76.7374,0.0000,77.4949,0.0000,-0.7576,0.7576,23.151,0.064,,NVIDIA A10,4875190
cifar100,resnet18,69,ssd_alphagrid,a20.0_l0.5_b64,25,500,42,75.2400,76.0000,0.0000,77.4949,0.0000,-1.4949,1.4949,23.130,0.043,,NVIDIA A10,4875190
cifar100,resnet18,69,ssd_alphagrid,a20.0_l0.5_b64,5,500,42,4.5100,4.5556,0.0000,77.4949,0.0000,-72.9394,72.9394,23.120,0.033,,NVIDIA A10,4875190
cifar100,resnet18,69,ssd_alphagrid,a20.0_l0.5_b64,50,500,42,75.1100,75.8687,0.0000,77.4949,0.0000,-1.6263,1.6263,23.132,0.046,,NVIDIA A10,4875190
cifar100,resnet18,69,ssd_alphagrid,a20.0_l0.5_b64,500,500,42,75.9300,76.6970,0.0000,77.4949,0.0000,-0.7980,0.7980,23.312,0.225,,NVIDIA A10,4875190
cifar100,resnet18,69,ssd_alphagrid,a30.0_l0.5_b64,1,500,42,1.0000,1.0101,0.0000,77.4949,0.0000,-76.4848,76.4848,23.120,0.033,,NVIDIA A10,4875190
cifar100,resnet18,69,ssd_alphagrid,a30.0_l0.5_b64,10,500,42,75.5200,76.2828,0.0000,77.4949,0.0000,-1.2121,1.2121,23.124,0.037,,NVIDIA A10,4875190
cifar100,resnet18,69,ssd_alphagrid,a30.0_l0.5_b64,100,500,42,76.0900,76.8586,0.0000,77.4949,0.0000,-0.6364,0.6364,23.150,0.064,,NVIDIA A10,4875190
cifar100,resnet18,69,ssd_alphagrid,a30.0_l0.5_b64,25,500,42,76.0000,76.7677,0.0000,77.4949,0.0000,-0.7273,0.7273,23.130,0.043,,NVIDIA A10,4875190
cifar100,resnet18,69,ssd_alphagrid,a30.0_l0.5_b64,5,500,42,36.6100,36.9798,0.0000,77.4949,0.0000,-40.5152,40.5152,23.115,0.028,,NVIDIA A10,4875190
cifar100,resnet18,69,ssd_alphagrid,a30.0_l0.5_b64,50,500,42,75.9000,76.6667,0.0000,77.4949,0.0000,-0.8283,0.8283,23.133,0.047,,NVIDIA A10,4875190
cifar100,resnet18,69,ssd_alphagrid,a30.0_l0.5_b64,500,500,42,76.2700,77.0404,0.0000,77.4949,0.0000,-0.4545,0.4545,23.307,0.220,,NVIDIA A10,4875190
cifar100,resnet18,69,ssd_alphagrid,a4.0_l0.5_b64,1,500,42,1.0000,1.0101,0.0000,77.4949,0.0000,-76.4848,76.4848,23.120,0.034,,NVIDIA A10,4875190
cifar100,resnet18,69,ssd_alphagrid,a4.0_l0.5_b64,10,500,42,1.6000,1.6162,0.0000,77.4949,0.0000,-75.8788,75.8788,23.125,0.038,,NVIDIA A10,4875190
cifar100,resnet18,69,ssd_alphagrid,a4.0_l0.5_b64,100,500,42,68.5300,69.2222,0.0000,77.4949,0.0000,-8.2727,8.2727,23.155,0.068,,NVIDIA A10,4875190
cifar100,resnet18,69,ssd_alphagrid,a4.0_l0.5_b64,25,500,42,22.7500,22.9798,0.0000,77.4949,0.0000,-54.5152,54.5152,23.131,0.044,,NVIDIA A10,4875190
cifar100,resnet18,69,ssd_alphagrid,a4.0_l0.5_b64,5,500,42,1.0700,1.0808,0.0000,77.4949,0.0000,-76.4141,76.4141,23.115,0.029,,NVIDIA A10,4875190
cifar100,resnet18,69,ssd_alphagrid,a4.0_l0.5_b64,50,500,42,49.5200,50.0202,0.0000,77.4949,0.0000,-27.4747,27.4747,23.135,0.048,,NVIDIA A10,4875190
cifar100,resnet18,69,ssd_alphagrid,a4.0_l0.5_b64,500,500,42,63.1600,63.7980,0.0000,77.4949,0.0000,-13.6970,13.6970,23.307,0.220,,NVIDIA A10,4875190
cifar100,resnet18,69,ssd_alphagrid,a6.0_l0.5_b64,1,500,42,1.0000,1.0101,0.0000,77.4949,0.0000,-76.4848,76.4848,23.121,0.034,,NVIDIA A10,4875190
cifar100,resnet18,69,ssd_alphagrid,a6.0_l0.5_b64,10,500,42,6.4900,6.5556,0.0000,77.4949,0.0000,-70.9394,70.9394,23.124,0.038,,NVIDIA A10,4875190
cifar100,resnet18,69,ssd_alphagrid,a6.0_l0.5_b64,100,500,42,72.1400,72.8687,0.0000,77.4949,0.0000,-4.6263,4.6263,23.152,0.065,,NVIDIA A10,4875190
cifar100,resnet18,69,ssd_alphagrid,a6.0_l0.5_b64,25,500,42,65.6800,66.3434,0.0000,77.4949,0.0000,-11.1515,11.1515,23.131,0.044,,NVIDIA A10,4875190
cifar100,resnet18,69,ssd_alphagrid,a6.0_l0.5_b64,5,500,42,1.5800,1.5960,0.0000,77.4949,0.0000,-75.8990,75.8990,23.116,0.029,,NVIDIA A10,4875190
cifar100,resnet18,69,ssd_alphagrid,a6.0_l0.5_b64,50,500,42,61.7600,62.3838,0.0000,77.4949,0.0000,-15.1111,15.1111,23.134,0.047,,NVIDIA A10,4875190
cifar100,resnet18,69,ssd_alphagrid,a6.0_l0.5_b64,500,500,42,71.7000,72.4242,0.0000,77.4949,0.0000,-5.0707,5.0707,23.307,0.220,,NVIDIA A10,4875190
cifar100,resnet18,69,ssd_alphagrid,a8.0_l0.5_b64,1,500,42,1.0000,1.0101,0.0000,77.4949,0.0000,-76.4848,76.4848,23.120,0.033,,NVIDIA A10,4875190
cifar100,resnet18,69,ssd_alphagrid,a8.0_l0.5_b64,10,500,42,40.1000,40.5051,0.0000,77.4949,0.0000,-36.9899,36.9899,23.124,0.037,,NVIDIA A10,4875190
cifar100,resnet18,69,ssd_alphagrid,a8.0_l0.5_b64,100,500,42,73.8800,74.6263,0.0000,77.4949,0.0000,-2.8687,2.8687,23.154,0.068,,NVIDIA A10,4875190
cifar100,resnet18,69,ssd_alphagrid,a8.0_l0.5_b64,25,500,42,69.2400,69.9394,0.0000,77.4949,0.0000,-7.5556,7.5556,23.131,0.044,,NVIDIA A10,4875190
cifar100,resnet18,69,ssd_alphagrid,a8.0_l0.5_b64,5,500,42,1.5800,1.5960,0.0000,77.4949,0.0000,-75.8990,75.8990,23.114,0.028,,NVIDIA A10,4875190
cifar100,resnet18,69,ssd_alphagrid,a8.0_l0.5_b64,50,500,42,69.0900,69.7879,0.0000,77.4949,0.0000,-7.7071,7.7071,23.134,0.047,,NVIDIA A10,4875190
cifar100,resnet18,69,ssd_alphagrid,a8.0_l0.5_b64,500,500,42,73.2200,73.9596,0.0000,77.4949,0.0000,-3.5354,3.5354,23.307,0.220,,NVIDIA A10,4875190
cifar100,resnet18,69,unact,p90.0_g0.3_k1,1,500,42,75.6000,76.1919,17.0000,77.4949,0.0000,-1.3030,18.3030,0.007,0.007,2.1829,NVIDIA A10,4875190
cifar100,resnet18,69,unact,p90.0_g0.3_k1,10,500,42,75.7300,76.4949,0.0000,77.4949,0.0000,-1.0000,1.0000,0.006,0.006,2.1829,NVIDIA A10,4875190
cifar100,resnet18,69,unact,p90.0_g0.3_k1,100,500,42,75.6700,76.4343,0.0000,77.4949,0.0000,-1.0606,1.0606,0.023,0.023,2.1829,NVIDIA A10,4875190
cifar100,resnet18,69,unact,p90.0_g0.3_k1,25,500,42,75.6200,76.3838,0.0000,77.4949,0.0000,-1.1111,1.1111,0.008,0.008,2.1829,NVIDIA A10,4875190
cifar100,resnet18,69,unact,p90.0_g0.3_k1,5,500,42,75.7100,76.4747,0.0000,77.4949,0.0000,-1.0202,1.0202,0.005,0.005,2.1829,NVIDIA A10,4875190
cifar100,resnet18,69,unact,p90.0_g0.3_k1,50,500,42,75.6200,76.3838,0.0000,77.4949,0.0000,-1.1111,1.1111,0.016,0.016,2.1829,NVIDIA A10,4875190
cifar100,resnet18,69,unact,p90.0_g0.3_k1,500,500,42,75.6100,76.3737,0.0000,77.4949,0.0000,-1.1212,1.1212,0.089,0.089,2.1829,NVIDIA A10,4875190
cifar100,resnet18,85,ssd,a50.0_l0.5_b64,1,500,42,76.2100,76.9798,0.0000,77.5354,0.0000,-0.5556,0.5556,23.306,0.036,,NVIDIA A10,4875190
cifar100,resnet18,85,ssd,a50.0_l0.5_b64,10,500,42,75.4400,76.2020,0.0000,77.5354,0.0000,-1.3333,1.3333,23.312,0.043,,NVIDIA A10,4875190
cifar100,resnet18,85,ssd,a50.0_l0.5_b64,100,500,42,76.3400,77.1111,0.0000,77.5354,0.0000,-0.4242,0.4242,23.334,0.065,,NVIDIA A10,4875190
cifar100,resnet18,85,ssd,a50.0_l0.5_b64,25,500,42,76.3300,77.1010,0.0000,77.5354,0.0000,-0.4343,0.4343,23.310,0.040,,NVIDIA A10,4875190
cifar100,resnet18,85,ssd,a50.0_l0.5_b64,5,500,42,27.5500,27.8283,0.0000,77.5354,0.0000,-49.7071,49.7071,23.307,0.038,,NVIDIA A10,4875190
cifar100,resnet18,85,ssd,a50.0_l0.5_b64,50,500,42,76.4200,77.1919,0.0000,77.5354,0.0000,-0.3434,0.3434,23.316,0.046,,NVIDIA A10,4875190
cifar100,resnet18,85,ssd,a50.0_l0.5_b64,500,500,42,76.4000,77.1717,0.0000,77.5354,0.0000,-0.3636,0.3636,23.501,0.232,,NVIDIA A10,4875190
cifar100,resnet18,85,ssd_alphagrid,a10.0_l0.5_b64,1,500,42,72.0400,72.7677,0.0000,77.5354,0.0000,-4.7677,4.7677,23.305,0.036,,NVIDIA A10,4875190
cifar100,resnet18,85,ssd_alphagrid,a10.0_l0.5_b64,10,500,42,16.2900,16.4545,0.0000,77.5354,0.0000,-61.0808,61.0808,23.307,0.038,,NVIDIA A10,4875190
cifar100,resnet18,85,ssd_alphagrid,a10.0_l0.5_b64,100,500,42,75.4600,76.2222,0.0000,77.5354,0.0000,-1.3131,1.3131,23.335,0.066,,NVIDIA A10,4875190
cifar100,resnet18,85,ssd_alphagrid,a10.0_l0.5_b64,25,500,42,71.7300,72.4545,0.0000,77.5354,0.0000,-5.0808,5.0808,23.305,0.036,,NVIDIA A10,4875190
cifar100,resnet18,85,ssd_alphagrid,a10.0_l0.5_b64,5,500,42,1.0700,1.0808,0.0000,77.5354,0.0000,-76.4545,76.4545,23.308,0.039,,NVIDIA A10,4875190
cifar100,resnet18,85,ssd_alphagrid,a10.0_l0.5_b64,50,500,42,75.0800,75.8384,0.0000,77.5354,0.0000,-1.6970,1.6970,23.317,0.048,,NVIDIA A10,4875190
cifar100,resnet18,85,ssd_alphagrid,a10.0_l0.5_b64,500,500,42,75.9100,76.6768,0.0000,77.5354,0.0000,-0.8586,0.8586,23.501,0.232,,NVIDIA A10,4875190
cifar100,resnet18,85,ssd_alphagrid,a12.0_l0.5_b64,1,500,42,74.1100,74.8586,0.0000,77.5354,0.0000,-2.6768,2.6768,23.306,0.037,,NVIDIA A10,4875190
cifar100,resnet18,85,ssd_alphagrid,a12.0_l0.5_b64,10,500,42,22.6500,22.8788,0.0000,77.5354,0.0000,-54.6566,54.6566,23.308,0.038,,NVIDIA A10,4875190
cifar100,resnet18,85,ssd_alphagrid,a12.0_l0.5_b64,100,500,42,75.7600,76.5253,0.0000,77.5354,0.0000,-1.0101,1.0101,23.335,0.066,,NVIDIA A10,4875190
cifar100,resnet18,85,ssd_alphagrid,a12.0_l0.5_b64,25,500,42,74.0100,74.7576,0.0000,77.5354,0.0000,-2.7778,2.7778,23.305,0.035,,NVIDIA A10,4875190
cifar100,resnet18,85,ssd_alphagrid,a12.0_l0.5_b64,5,500,42,1.4100,1.4242,0.0000,77.5354,0.0000,-76.1111,76.1111,23.308,0.039,,NVIDIA A10,4875190
cifar100,resnet18,85,ssd_alphagrid,a12.0_l0.5_b64,50,500,42,75.6100,76.3737,0.0000,77.5354,0.0000,-1.1616,1.1616,23.322,0.053,,NVIDIA A10,4875190
cifar100,resnet18,85,ssd_alphagrid,a12.0_l0.5_b64,500,500,42,75.9400,76.7071,0.0000,77.5354,0.0000,-0.8283,0.8283,23.504,0.235,,NVIDIA A10,4875190
cifar100,resnet18,85,ssd_alphagrid,a15.0_l0.5_b64,1,500,42,74.4500,75.2020,0.0000,77.5354,0.0000,-2.3333,2.3333,23.305,0.036,,NVIDIA A10,4875190
cifar100,resnet18,85,ssd_alphagrid,a15.0_l0.5_b64,10,500,42,41.3200,41.7374,0.0000,77.5354,0.0000,-35.7980,35.7980,23.308,0.039,,NVIDIA A10,4875190
cifar100,resnet18,85,ssd_alphagrid,a15.0_l0.5_b64,100,500,42,75.9200,76.6869,0.0000,77.5354,0.0000,-0.8485,0.8485,23.335,0.066,,NVIDIA A10,4875190
cifar100,resnet18,85,ssd_alphagrid,a15.0_l0.5_b64,25,500,42,74.9700,75.7273,0.0000,77.5354,0.0000,-1.8081,1.8081,23.305,0.036,,NVIDIA A10,4875190
cifar100,resnet18,85,ssd_alphagrid,a15.0_l0.5_b64,5,500,42,1.0100,1.0202,0.0000,77.5354,0.0000,-76.5152,76.5152,23.307,0.038,,NVIDIA A10,4875190
cifar100,resnet18,85,ssd_alphagrid,a15.0_l0.5_b64,50,500,42,75.8900,76.6566,0.0000,77.5354,0.0000,-0.8788,0.8788,23.316,0.047,,NVIDIA A10,4875190
cifar100,resnet18,85,ssd_alphagrid,a15.0_l0.5_b64,500,500,42,76.2200,76.9899,0.0000,77.5354,0.0000,-0.5455,0.5455,23.501,0.232,,NVIDIA A10,4875190
cifar100,resnet18,85,ssd_alphagrid,a2.0_l0.5_b64,1,500,42,4.8500,4.8990,0.0000,77.5354,0.0000,-72.6364,72.6364,23.311,0.042,,NVIDIA A10,4875190
cifar100,resnet18,85,ssd_alphagrid,a2.0_l0.5_b64,10,500,42,1.0400,1.0505,0.0000,77.5354,0.0000,-76.4848,76.4848,23.307,0.038,,NVIDIA A10,4875190
cifar100,resnet18,85,ssd_alphagrid,a2.0_l0.5_b64,100,500,42,9.4500,9.5455,0.0000,77.5354,0.0000,-67.9899,67.9899,23.336,0.066,,NVIDIA A10,4875190
cifar100,resnet18,85,ssd_alphagrid,a2.0_l0.5_b64,25,500,42,1.5200,1.5354,0.0000,77.5354,0.0000,-76.0000,76.0000,23.304,0.035,,NVIDIA A10,4875190
cifar100,resnet18,85,ssd_alphagrid,a2.0_l0.5_b64,5,500,42,1.0000,1.0101,0.0000,77.5354,0.0000,-76.5253,76.5253,23.306,0.037,,NVIDIA A10,4875190
cifar100,resnet18,85,ssd_alphagrid,a2.0_l0.5_b64,50,500,42,3.8900,3.9293,0.0000,77.5354,0.0000,-73.6061,73.6061,23.323,0.054,,NVIDIA A10,4875190
cifar100,resnet18,85,ssd_alphagrid,a2.0_l0.5_b64,500,500,42,33.0900,33.4242,0.0000,77.5354,0.0000,-44.1111,44.1111,23.502,0.233,,NVIDIA A10,4875190
cifar100,resnet18,85,ssd_alphagrid,a20.0_l0.5_b64,1,500,42,74.9400,75.6970,0.0000,77.5354,0.0000,-1.8384,1.8384,23.305,0.036,,NVIDIA A10,4875190
cifar100,resnet18,85,ssd_alphagrid,a20.0_l0.5_b64,10,500,42,60.0600,60.6667,0.0000,77.5354,0.0000,-16.8687,16.8687,23.308,0.039,,NVIDIA A10,4875190
cifar100,resnet18,85,ssd_alphagrid,a20.0_l0.5_b64,100,500,42,76.1600,76.9293,0.0000,77.5354,0.0000,-0.6061,0.6061,23.335,0.066,,NVIDIA A10,4875190
cifar100,resnet18,85,ssd_alphagrid,a20.0_l0.5_b64,25,500,42,75.5600,76.3232,0.0000,77.5354,0.0000,-1.2121,1.2121,23.304,0.035,,NVIDIA A10,4875190
cifar100,resnet18,85,ssd_alphagrid,a20.0_l0.5_b64,5,500,42,1.7800,1.7980,0.0000,77.5354,0.0000,-75.7374,75.7374,23.307,0.038,,NVIDIA A10,4875190
cifar100,resnet18,85,ssd_alphagrid,a20.0_l0.5_b64,50,500,42,75.7900,76.5556,0.0000,77.5354,0.0000,-0.9798,0.9798,23.317,0.047,,NVIDIA A10,4875190
cifar100,resnet18,85,ssd_alphagrid,a20.0_l0.5_b64,500,500,42,76.3200,77.0909,0.0000,77.5354,0.0000,-0.4444,0.4444,23.501,0.232,,NVIDIA A10,4875190
cifar100,resnet18,85,ssd_alphagrid,a30.0_l0.5_b64,1,500,42,75.9300,76.6970,0.0000,77.5354,0.0000,-0.8384,0.8384,23.305,0.036,,NVIDIA A10,4875190
cifar100,resnet18,85,ssd_alphagrid,a30.0_l0.5_b64,10,500,42,72.5500,73.2828,0.0000,77.5354,0.0000,-4.2525,4.2525,23.307,0.038,,NVIDIA A10,4875190
cifar100,resnet18,85,ssd_alphagrid,a30.0_l0.5_b64,100,500,42,76.3100,77.0808,0.0000,77.5354,0.0000,-0.4545,0.4545,23.335,0.066,,NVIDIA A10,4875190
cifar100,resnet18,85,ssd_alphagrid,a30.0_l0.5_b64,25,500,42,76.0900,76.8586,0.0000,77.5354,0.0000,-0.6768,0.6768,23.310,0.041,,NVIDIA A10,4875190
cifar100,resnet18,85,ssd_alphagrid,a30.0_l0.5_b64,5,500,42,3.1500,3.1818,0.0000,77.5354,0.0000,-74.3535,74.3535,23.313,0.044,,NVIDIA A10,4875190
cifar100,resnet18,85,ssd_alphagrid,a30.0_l0.5_b64,50,500,42,76.2700,77.0404,0.0000,77.5354,0.0000,-0.4949,0.4949,23.316,0.046,,NVIDIA A10,4875190
cifar100,resnet18,85,ssd_alphagrid,a30.0_l0.5_b64,500,500,42,76.4500,77.2222,0.0000,77.5354,0.0000,-0.3131,0.3131,23.501,0.232,,NVIDIA A10,4875190
cifar100,resnet18,85,ssd_alphagrid,a4.0_l0.5_b64,1,500,42,44.8400,45.2929,0.0000,77.5354,0.0000,-32.2424,32.2424,23.312,0.043,,NVIDIA A10,4875190
cifar100,resnet18,85,ssd_alphagrid,a4.0_l0.5_b64,10,500,42,1.3100,1.3232,0.0000,77.5354,0.0000,-76.2121,76.2121,23.308,0.039,,NVIDIA A10,4875190
cifar100,resnet18,85,ssd_alphagrid,a4.0_l0.5_b64,100,500,42,62.2800,62.9091,0.0000,77.5354,0.0000,-14.6263,14.6263,23.336,0.066,,NVIDIA A10,4875190
cifar100,resnet18,85,ssd_alphagrid,a4.0_l0.5_b64,25,500,42,10.2900,10.3939,0.0000,77.5354,0.0000,-67.1414,67.1414,23.307,0.037,,NVIDIA A10,4875190
cifar100,resnet18,85,ssd_alphagrid,a4.0_l0.5_b64,5,500,42,1.0000,1.0101,0.0000,77.5354,0.0000,-76.5253,76.5253,23.307,0.038,,NVIDIA A10,4875190
cifar100,resnet18,85,ssd_alphagrid,a4.0_l0.5_b64,50,500,42,47.4800,47.9596,0.0000,77.5354,0.0000,-29.5758,29.5758,23.317,0.048,,NVIDIA A10,4875190
cifar100,resnet18,85,ssd_alphagrid,a4.0_l0.5_b64,500,500,42,72.4500,73.1818,0.0000,77.5354,0.0000,-4.3535,4.3535,23.502,0.233,,NVIDIA A10,4875190
cifar100,resnet18,85,ssd_alphagrid,a6.0_l0.5_b64,1,500,42,64.9800,65.6364,0.0000,77.5354,0.0000,-11.8990,11.8990,23.307,0.038,,NVIDIA A10,4875190
cifar100,resnet18,85,ssd_alphagrid,a6.0_l0.5_b64,10,500,42,2.3100,2.3333,0.0000,77.5354,0.0000,-75.2020,75.2020,23.309,0.039,,NVIDIA A10,4875190
cifar100,resnet18,85,ssd_alphagrid,a6.0_l0.5_b64,100,500,42,73.4600,74.2020,0.0000,77.5354,0.0000,-3.3333,3.3333,23.336,0.067,,NVIDIA A10,4875190
cifar100,resnet18,85,ssd_alphagrid,a6.0_l0.5_b64,25,500,42,46.1300,46.5960,0.0000,77.5354,0.0000,-30.9394,30.9394,23.305,0.036,,NVIDIA A10,4875190
cifar100,resnet18,85,ssd_alphagrid,a6.0_l0.5_b64,5,500,42,1.0200,1.0303,0.0000,77.5354,0.0000,-76.5051,76.5051,23.307,0.037,,NVIDIA A10,4875190
cifar100,resnet18,85,ssd_alphagrid,a6.0_l0.5_b64,50,500,42,70.1500,70.8586,0.0000,77.5354,0.0000,-6.6768,6.6768,23.317,0.048,,NVIDIA A10,4875190
cifar100,resnet18,85,ssd_alphagrid,a6.0_l0.5_b64,500,500,42,75.3500,76.1111,0.0000,77.5354,0.0000,-1.4242,1.4242,23.506,0.237,,NVIDIA A10,4875190
cifar100,resnet18,85,ssd_alphagrid,a8.0_l0.5_b64,1,500,42,68.5100,69.2020,0.0000,77.5354,0.0000,-8.3333,8.3333,23.306,0.036,,NVIDIA A10,4875190
cifar100,resnet18,85,ssd_alphagrid,a8.0_l0.5_b64,10,500,42,5.6800,5.7374,0.0000,77.5354,0.0000,-71.7980,71.7980,23.308,0.039,,NVIDIA A10,4875190
cifar100,resnet18,85,ssd_alphagrid,a8.0_l0.5_b64,100,500,42,74.9700,75.7273,0.0000,77.5354,0.0000,-1.8081,1.8081,23.342,0.072,,NVIDIA A10,4875190
cifar100,resnet18,85,ssd_alphagrid,a8.0_l0.5_b64,25,500,42,66.0000,66.6667,0.0000,77.5354,0.0000,-10.8687,10.8687,23.305,0.036,,NVIDIA A10,4875190
cifar100,resnet18,85,ssd_alphagrid,a8.0_l0.5_b64,5,500,42,1.0000,1.0101,0.0000,77.5354,0.0000,-76.5253,76.5253,23.307,0.037,,NVIDIA A10,4875190
cifar100,resnet18,85,ssd_alphagrid,a8.0_l0.5_b64,50,500,42,74.1800,74.9293,0.0000,77.5354,0.0000,-2.6061,2.6061,23.317,0.048,,NVIDIA A10,4875190
cifar100,resnet18,85,ssd_alphagrid,a8.0_l0.5_b64,500,500,42,75.8700,76.6364,0.0000,77.5354,0.0000,-0.8990,0.8990,23.501,0.232,,NVIDIA A10,4875190
cifar100,resnet18,85,unact,p90.0_g0.3_k1,1,500,42,75.4000,76.1111,5.0000,77.5354,0.0000,-1.4242,6.4242,0.007,0.007,2.1829,NVIDIA A10,4875190
cifar100,resnet18,85,unact,p90.0_g0.3_k1,10,500,42,75.4500,76.2121,0.0000,77.5354,0.0000,-1.3232,1.3232,0.005,0.005,2.1829,NVIDIA A10,4875190
cifar100,resnet18,85,unact,p90.0_g0.3_k1,100,500,42,75.6400,76.4040,0.0000,77.5354,0.0000,-1.1313,1.1313,0.023,0.023,2.1829,NVIDIA A10,4875190
cifar100,resnet18,85,unact,p90.0_g0.3_k1,25,500,42,75.8600,76.6263,0.0000,77.5354,0.0000,-0.9091,0.9091,0.008,0.008,2.1829,NVIDIA A10,4875190
cifar100,resnet18,85,unact,p90.0_g0.3_k1,5,500,42,75.7800,76.5455,0.0000,77.5354,0.0000,-0.9899,0.9899,0.005,0.005,2.1829,NVIDIA A10,4875190
cifar100,resnet18,85,unact,p90.0_g0.3_k1,50,500,42,75.5500,76.3131,0.0000,77.5354,0.0000,-1.2222,1.2222,0.017,0.017,2.1829,NVIDIA A10,4875190
cifar100,resnet18,85,unact,p90.0_g0.3_k1,500,500,42,75.8600,76.6263,0.0000,77.5354,0.0000,-0.9091,0.9091,0.091,0.091,2.1829,NVIDIA A10,4875190
cifar20,resnet18,10,ssd,a15.0_l1.0_b512,1,2500,42,85.3500,85.0526,91.0000,85.8526,0.0000,-0.8000,91.8000,19.701,0.035,,NVIDIA A10,4875190
cifar20,resnet18,10,ssd,a15.0_l1.0_b512,10,2500,42,6.2700,6.6000,0.0000,85.8526,0.0000,-79.2526,79.2526,19.702,0.037,,NVIDIA A10,4875190
cifar20,resnet18,10,ssd,a15.0_l1.0_b512,100,2500,42,82.0500,85.0211,25.6000,85.8526,0.0000,-0.8316,26.4316,19.722,0.057,,NVIDIA A10,4875190
cifar20,resnet18,10,ssd,a15.0_l1.0_b512,1000,2500,42,81.0400,85.3053,0.0000,85.8526,0.0000,-0.5474,0.5474,20.037,0.372,,NVIDIA A10,4875190
cifar20,resnet18,10,ssd,a15.0_l1.0_b512,25,2500,42,14.8600,15.6421,0.0000,85.8526,0.0000,-70.2105,70.2105,19.709,0.043,,NVIDIA A10,4875190
cifar20,resnet18,10,ssd,a15.0_l1.0_b512,2500,2500,42,81.1000,85.3684,0.0000,85.8526,0.0000,-0.4842,0.4842,20.671,1.006,,NVIDIA A10,4875190
cifar20,resnet18,10,ssd,a15.0_l1.0_b512,5,2500,42,80.4800,82.4105,43.8000,85.8526,0.0000,-3.4421,47.2421,19.704,0.039,,NVIDIA A10,4875190
cifar20,resnet18,10,ssd,a15.0_l1.0_b512,50,2500,42,70.8500,74.5789,0.0000,85.8526,0.0000,-11.2737,11.2737,19.713,0.047,,NVIDIA A10,4875190
cifar20,resnet18,10,ssd,a15.0_l1.0_b512,500,2500,42,80.8400,85.0947,0.0000,85.8526,0.0000,-0.7579,0.7579,19.929,0.263,,NVIDIA A10,4875190
cifar20,resnet18,10,ssd_alphagrid,a10.0_l1.0_b512,1,2500,42,85.3400,85.0421,91.0000,85.8526,0.0000,-0.8105,91.8105,19.704,0.038,,NVIDIA A10,4875190
cifar20,resnet18,10,ssd_alphagrid,a10.0_l1.0_b512,10,2500,42,6.8400,7.2000,0.0000,85.8526,0.0000,-78.6526,78.6526,19.707,0.042,,NVIDIA A10,4875190
cifar20,resnet18,10,ssd_alphagrid,a10.0_l1.0_b512,100,2500,42,80.6000,84.8421,0.0000,85.8526,0.0000,-1.0105,1.0105,19.721,0.056,,NVIDIA A10,4875190
cifar20,resnet18,10,ssd_alphagrid,a10.0_l1.0_b512,1000,2500,42,80.9400,85.2000,0.0000,85.8526,0.0000,-0.6526,0.6526,20.037,0.371,,NVIDIA A10,4875190
cifar20,resnet18,10,ssd_alphagrid,a10.0_l1.0_b512,25,2500,42,11.2500,11.8421,0.0000,85.8526,0.0000,-74.0105,74.0105,19.705,0.040,,NVIDIA A10,4875190
cifar20,resnet18,10,ssd_alphagrid,a10.0_l1.0_b512,2500,2500,42,80.8700,85.1263,0.0000,85.8526,0.0000,-0.7263,0.7263,20.672,1.006,,NVIDIA A10,4875190
cifar20,resnet18,10,ssd_alphagrid,a10.0_l1.0_b512,5,2500,42,76.1900,80.1368,1.2000,85.8526,0.0000,-5.7158,6.9158,19.704,0.039,,NVIDIA A10,4875190
cifar20,resnet18,10,ssd_alphagrid,a10.0_l1.0_b512,50,2500,42,52.7200,55.4947,0.0000,85.8526,0.0000,-30.3579,30.3579,19.713,0.048,,NVIDIA A10,4875190
cifar20,resnet18,10,ssd_alphagrid,a10.0_l1.0_b512,500,2500,42,80.4700,84.7053,0.0000,85.8526,0.0000,-1.1474,1.1474,19.929,0.264,,NVIDIA A10,4875190
cifar20,resnet18,10,ssd_alphagrid,a12.0_l1.0_b512,1,2500,42,85.3500,85.0526,91.0000,85.8526,0.0000,-0.8000,91.8000,19.701,0.036,,NVIDIA A10,4875190
cifar20,resnet18,10,ssd_alphagrid,a12.0_l1.0_b512,10,2500,42,5.5100,5.8000,0.0000,85.8526,0.0000,-80.0526,80.0526,19.703,0.038,,NVIDIA A10,4875190
cifar20,resnet18,10,ssd_alphagrid,a12.0_l1.0_b512,100,2500,42,80.5800,84.8105,0.2000,85.8526,0.0000,-1.0421,1.2421,19.722,0.057,,NVIDIA A10,4875190
cifar20,resnet18,10,ssd_alphagrid,a12.0_l1.0_b512,1000,2500,42,80.9800,85.2421,0.0000,85.8526,0.0000,-0.6105,0.6105,20.036,0.371,,NVIDIA A10,4875190
cifar20,resnet18,10,ssd_alphagrid,a12.0_l1.0_b512,25,2500,42,11.7000,12.3158,0.0000,85.8526,0.0000,-73.5368,73.5368,19.705,0.039,,NVIDIA A10,4875190
cifar20,resnet18,10,ssd_alphagrid,a12.0_l1.0_b512,2500,2500,42,81.0200,85.2842,0.0000,85.8526,0.0000,-0.5684,0.5684,20.671,1.006,,NVIDIA A10,4875190
cifar20,resnet18,10,ssd_alphagrid,a12.0_l1.0_b512,5,2500,42,78.2300,81.5789,14.6000,85.8526,0.0000,-4.2737,18.8737,19.704,0.039,,NVIDIA A10,4875190
cifar20,resnet18,10,ssd_alphagrid,a12.0_l1.0_b512,50,2500,42,68.5900,72.2000,0.0000,85.8526,0.0000,-13.6526,13.6526,19.713,0.047,,NVIDIA A10,4875190
cifar20,resnet18,10,ssd_alphagrid,a12.0_l1.0_b512,500,2500,42,80.7400,84.9895,0.0000,85.8526,0.0000,-0.8632,0.8632,19.932,0.267,,NVIDIA A10,4875190
cifar20,resnet18,10,ssd_alphagrid,a2.0_l1.0_b512,1,2500,42,85.3300,85.0316,91.0000,85.8526,0.0000,-0.8211,91.8211,19.700,0.035,,NVIDIA A10,4875190
cifar20,resnet18,10,ssd_alphagrid,a2.0_l1.0_b512,10,2500,42,5.0000,5.2632,0.0000,85.8526,0.0000,-80.5895,80.5895,19.701,0.035,,NVIDIA A10,4875190
cifar20,resnet18,10,ssd_alphagrid,a2.0_l1.0_b512,100,2500,42,47.9700,50.4947,0.0000,85.8526,0.0000,-35.3579,35.3579,19.722,0.057,,NVIDIA A10,4875190
cifar20,resnet18,10,ssd_alphagrid,a2.0_l1.0_b512,1000,2500,42,76.7300,80.7684,0.0000,85.8526,0.0000,-5.0842,5.0842,20.044,0.378,,NVIDIA A10,4875190
cifar20,resnet18,10,ssd_alphagrid,a2.0_l1.0_b512,25,2500,42,5.5700,5.8632,0.0000,85.8526,0.0000,-79.9895,79.9895,19.704,0.039,,NVIDIA A10,4875190
cifar20,resnet18,10,ssd_alphagrid,a2.0_l1.0_b512,2500,2500,42,76.7900,80.8316,0.0000,85.8526,0.0000,-5.0211,5.0211,20.679,1.014,,NVIDIA A10,4875190
cifar20,resnet18,10,ssd_alphagrid,a2.0_l1.0_b512,5,2500,42,28.5300,30.0316,0.0000,85.8526,0.0000,-55.8211,55.8211,19.705,0.040,,NVIDIA A10,4875190
cifar20,resnet18,10,ssd_alphagrid,a2.0_l1.0_b512,50,2500,42,9.0600,9.5368,0.0000,85.8526,0.0000,-76.3158,76.3158,19.719,0.053,,NVIDIA A10,4875190
cifar20,resnet18,10,ssd_alphagrid,a2.0_l1.0_b512,500,2500,42,71.6200,75.3895,0.0000,85.8526,0.0000,-10.4632,10.4632,19.930,0.265,,NVIDIA A10,4875190
cifar20,resnet18,10,ssd_alphagrid,a20.0_l1.0_b512,1,2500,42,85.3500,85.0526,91.0000,85.8526,0.0000,-0.8000,91.8000,19.700,0.035,,NVIDIA A10,4875190
cifar20,resnet18,10,ssd_alphagrid,a20.0_l1.0_b512,10,2500,42,5.2300,5.5053,0.0000,85.8526,0.0000,-80.3474,80.3474,19.701,0.036,,NVIDIA A10,4875190
cifar20,resnet18,10,ssd_alphagrid,a20.0_l1.0_b512,100,2500,42,84.7100,85.0842,77.6000,85.8526,0.0000,-0.7684,78.3684,19.721,0.056,,NVIDIA A10,4875190
cifar20,resnet18,10,ssd_alphagrid,a20.0_l1.0_b512,1000,2500,42,85.2600,85.0737,88.8000,85.8526,0.0000,-0.7789,89.5789,20.036,0.371,,NVIDIA A10,4875190
cifar20,resnet18,10,ssd_alphagrid,a20.0_l1.0_b512,25,2500,42,15.1100,15.9053,0.0000,85.8526,0.0000,-69.9474,69.9474,19.709,0.043,,NVIDIA A10,4875190
cifar20,resnet18,10,ssd_alphagrid,a20.0_l1.0_b512,2500,2500,42,85.3400,85.0421,91.0000,85.8526,0.0000,-0.8105,91.8105,20.671,1.006,,NVIDIA A10,4875190
cifar20,resnet18,10,ssd_alphagrid,a20.0_l1.0_b512,5,2500,42,82.7800,83.2947,73.0000,85.8526,0.0000,-2.5579,75.5579,19.704,0.038,,NVIDIA A10,4875190
cifar20,resnet18,10,ssd_alphagrid,a20.0_l1.0_b512,50,2500,42,78.9100,83.0211,0.8000,85.8526,0.0000,-2.8316,3.6316,19.716,0.051,,NVIDIA A10,4875190
cifar20,resnet18,10,ssd_alphagrid,a20.0_l1.0_b512,500,2500,42,80.9600,85.1789,0.8000,85.8526,0.0000,-0.6737,1.4737,19.928,0.263,,NVIDIA A10,4875190
cifar20,resnet18,10,ssd_alphagrid,a30.0_l1.0_b512,1,2500,42,85.3500,85.0526,91.0000,85.8526,0.0000,-0.8000,91.8000,19.701,0.036,,NVIDIA A10,4875190
cifar20,resnet18,10,ssd_alphagrid,a30.0_l1.0_b512,10,2500,42,7.6400,8.0421,0.0000,85.8526,0.0000,-77.8105,77.8105,19.701,0.035,,NVIDIA A10,4875190
cifar20,resnet18,10,ssd_alphagrid,a30.0_l1.0_b512,100,2500,42,85.2700,85.0526,89.4000,85.8526,0.0000,-0.8000,90.2000,19.724,0.059,,NVIDIA A10,4875190
cifar20,resnet18,10,ssd_alphagrid,a30.0_l1.0_b512,1000,2500,42,85.3600,85.0211,91.8000,85.8526,0.0000,-0.8316,92.6316,20.036,0.371,,NVIDIA A10,4875190
cifar20,resnet18,10,ssd_alphagrid,a30.0_l1.0_b512,25,2500,42,38.1600,40.1684,0.0000,85.8526,0.0000,-45.6842,45.6842,19.705,0.039,,NVIDIA A10,4875190
cifar20,resnet18,10,ssd_alphagrid,a30.0_l1.0_b512,2500,2500,42,85.3500,85.0526,91.0000,85.8526,0.0000,-0.8000,91.8000,20.671,1.006,,NVIDIA A10,4875190
cifar20,resnet18,10,ssd_alphagrid,a30.0_l1.0_b512,5,2500,42,84.1700,84.1789,84.0000,85.8526,0.0000,-1.6737,85.6737,19.703,0.038,,NVIDIA A10,4875190
cifar20,resnet18,10,ssd_alphagrid,a30.0_l1.0_b512,50,2500,42,82.1000,84.2947,40.4000,85.8526,0.0000,-1.5579,41.9579,19.712,0.047,,NVIDIA A10,4875190
cifar20,resnet18,10,ssd_alphagrid,a30.0_l1.0_b512,500,2500,42,85.2700,85.1368,87.8000,85.8526,0.0000,-0.7158,88.5158,19.929,0.264,,NVIDIA A10,4875190
cifar20,resnet18,10,ssd_alphagrid,a4.0_l1.0_b512,1,2500,42,85.3400,85.0421,91.0000,85.8526,0.0000,-0.8105,91.8105,19.704,0.039,,NVIDIA A10,4875190
cifar20,resnet18,10,ssd_alphagrid,a4.0_l1.0_b512,10,2500,42,5.0000,5.2632,0.0000,85.8526,0.0000,-80.5895,80.5895,19.707,0.042,,NVIDIA A10,4875190
cifar20,resnet18,10,ssd_alphagrid,a4.0_l1.0_b512,100,2500,42,74.0200,77.9158,0.0000,85.8526,0.0000,-7.9368,7.9368,19.722,0.056,,NVIDIA A10,4875190
cifar20,resnet18,10,ssd_alphagrid,a4.0_l1.0_b512,1000,2500,42,80.2800,84.5053,0.0000,85.8526,0.0000,-1.3474,1.3474,20.043,0.378,,NVIDIA A10,4875190
cifar20,resnet18,10,ssd_alphagrid,a4.0_l1.0_b512,25,2500,42,5.8100,6.1158,0.0000,85.8526,0.0000,-79.7368,79.7368,19.706,0.041,,NVIDIA A10,4875190
cifar20,resnet18,10,ssd_alphagrid,a4.0_l1.0_b512,2500,2500,42,80.0900,84.3053,0.0000,85.8526,0.0000,-1.5474,1.5474,20.672,1.007,,NVIDIA A10,4875190
cifar20,resnet18,10,ssd_alphagrid,a4.0_l1.0_b512,5,2500,42,61.4200,64.6526,0.0000,85.8526,0.0000,-21.2000,21.2000,19.708,0.042,,NVIDIA A10,4875190
cifar20,resnet18,10,ssd_alphagrid,a4.0_l1.0_b512,50,2500,42,12.5700,13.2316,0.0000,85.8526,0.0000,-72.6211,72.6211,19.713,0.048,,NVIDIA A10,4875190
cifar20,resnet18,10,ssd_alphagrid,a4.0_l1.0_b512,500,2500,42,78.6100,82.7474,0.0000,85.8526,0.0000,-3.1053,3.1053,19.935,0.270,,NVIDIA A10,4875190
cifar20,resnet18,10,ssd_alphagrid,a50.0_l1.0_b512,1,2500,42,85.3500,85.0526,91.0000,85.8526,0.0000,-0.8000,91.8000,19.701,0.035,,NVIDIA A10,4875190
cifar20,resnet18,10,ssd_alphagrid,a50.0_l1.0_b512,10,2500,42,7.7100,8.1158,0.0000,85.8526,0.0000,-77.7368,77.7368,19.700,0.035,,NVIDIA A10,4875190
cifar20,resnet18,10,ssd_alphagrid,a50.0_l1.0_b512,100,2500,42,85.3500,85.0737,90.6000,85.8526,0.0000,-0.7789,91.3789,19.721,0.055,,NVIDIA A10,4875190
cifar20,resnet18,10,ssd_alphagrid,a50.0_l1.0_b512,1000,2500,42,85.3500,85.0526,91.0000,85.8526,0.0000,-0.8000,91.8000,20.035,0.370,,NVIDIA A10,4875190
cifar20,resnet18,10,ssd_alphagrid,a50.0_l1.0_b512,25,2500,42,72.0300,74.5158,24.8000,85.8526,0.0000,-11.3368,36.1368,19.705,0.039,,NVIDIA A10,4875190
cifar20,resnet18,10,ssd_alphagrid,a50.0_l1.0_b512,2500,2500,42,85.3500,85.0526,91.0000,85.8526,0.0000,-0.8000,91.8000,20.671,1.005,,NVIDIA A10,4875190
cifar20,resnet18,10,ssd_alphagrid,a50.0_l1.0_b512,5,2500,42,84.8400,84.6211,89.0000,85.8526,0.0000,-1.2316,90.2316,19.704,0.039,,NVIDIA A10,4875190
cifar20,resnet18,10,ssd_alphagrid,a50.0_l1.0_b512,50,2500,42,84.8400,84.9158,83.4000,85.8526,0.0000,-0.9368,84.3368,19.718,0.052,,NVIDIA A10,4875190
cifar20,resnet18,10,ssd_alphagrid,a50.0_l1.0_b512,500,2500,42,85.3400,85.0000,91.8000,85.8526,0.0000,-0.8526,92.6526,19.928,0.263,,NVIDIA A10,4875190
cifar20,resnet18,10,ssd_alphagrid,a6.0_l1.0_b512,1,2500,42,85.3300,85.0316,91.0000,85.8526,0.0000,-0.8211,91.8211,19.707,0.041,,NVIDIA A10,4875190
cifar20,resnet18,10,ssd_alphagrid,a6.0_l1.0_b512,10,2500,42,5.3000,5.5789,0.0000,85.8526,0.0000,-80.2737,80.2737,19.702,0.037,,NVIDIA A10,4875190
cifar20,resnet18,10,ssd_alphagrid,a6.0_l1.0_b512,100,2500,42,78.6400,82.7789,0.0000,85.8526,0.0000,-3.0737,3.0737,19.723,0.058,,NVIDIA A10,4875190
cifar20,resnet18,10,ssd_alphagrid,a6.0_l1.0_b512,1000,2500,42,80.4500,84.6842,0.0000,85.8526,0.0000,-1.1684,1.1684,20.037,0.371,,NVIDIA A10,4875190
cifar20,resnet18,10,ssd_alphagrid,a6.0_l1.0_b512,25,2500,42,8.8400,9.3053,0.0000,85.8526,0.0000,-76.5474,76.5474,19.705,0.040,,NVIDIA A10,4875190
cifar20,resnet18,10,ssd_alphagrid,a6.0_l1.0_b512,2500,2500,42,80.6600,84.9053,0.0000,85.8526,0.0000,-0.9474,0.9474,20.677,1.012,,NVIDIA A10,4875190
cifar20,resnet18,10,ssd_alphagrid,a6.0_l1.0_b512,5,2500,42,71.4600,75.2211,0.0000,85.8526,0.0000,-10.6316,10.6316,19.708,0.043,,NVIDIA A10,4875190
cifar20,resnet18,10,ssd_alphagrid,a6.0_l1.0_b512,50,2500,42,24.0200,25.2842,0.0000,85.8526,0.0000,-60.5684,60.5684,19.714,0.049,,NVIDIA A10,4875190
cifar20,resnet18,10,ssd_alphagrid,a6.0_l1.0_b512,500,2500,42,80.0100,84.2211,0.0000,85.8526,0.0000,-1.6316,1.6316,19.933,0.267,,NVIDIA A10,4875190
cifar20,resnet18,10,ssd_alphagrid,a8.0_l1.0_b512,1,2500,42,85.3400,85.0421,91.0000,85.8526,0.0000,-0.8105,91.8105,19.701,0.035,,NVIDIA A10,4875190
cifar20,resnet18,10,ssd_alphagrid,a8.0_l1.0_b512,10,2500,42,5.4300,5.7158,0.0000,85.8526,0.0000,-80.1368,80.1368,19.704,0.039,,NVIDIA A10,4875190
cifar20,resnet18,10,ssd_alphagrid,a8.0_l1.0_b512,100,2500,42,79.7900,83.9895,0.0000,85.8526,0.0000,-1.8632,1.8632,19.728,0.063,,NVIDIA A10,4875190
cifar20,resnet18,10,ssd_alphagrid,a8.0_l1.0_b512,1000,2500,42,80.8100,85.0632,0.0000,85.8526,0.0000,-0.7895,0.7895,20.037,0.372,,NVIDIA A10,4875190
cifar20,resnet18,10,ssd_alphagrid,a8.0_l1.0_b512,25,2500,42,9.0200,9.4947,0.0000,85.8526,0.0000,-76.3579,76.3579,19.705,0.040,,NVIDIA A10,4875190
cifar20,resnet18,10,ssd_alphagrid,a8.0_l1.0_b512,2500,2500,42,80.7700,85.0211,0.0000,85.8526,0.0000,-0.8316,0.8316,20.671,1.006,,NVIDIA A10,4875190
cifar20,resnet18,10,ssd_alphagrid,a8.0_l1.0_b512,5,2500,42,74.5400,78.4632,0.0000,85.8526,0.0000,-7.3895,7.3895,19.705,0.040,,NVIDIA A10,4875190
cifar20,resnet18,10,ssd_alphagrid,a8.0_l1.0_b512,50,2500,42,40.1300,42.2421,0.0000,85.8526,0.0000,-43.6105,43.6105,19.713,0.048,,NVIDIA A10,4875190
cifar20,resnet18,10,ssd_alphagrid,a8.0_l1.0_b512,500,2500,42,80.3600,84.5895,0.0000,85.8526,0.0000,-1.2632,1.2632,19.929,0.264,,NVIDIA A10,4875190
cifar20,resnet18,10,unact,p99.0_g0.1_k20,1,2500,42,79.2800,83.4000,1.0000,85.8526,0.0000,-2.4526,3.4526,0.066,0.066,4.8872,NVIDIA A10,4875190
cifar20,resnet18,10,unact,p99.0_g0.1_k20,10,2500,42,80.6500,84.8947,0.0000,85.8526,0.0000,-0.9579,0.9579,0.086,0.086,4.8872,NVIDIA A10,4875190
cifar20,resnet18,10,unact,p99.0_g0.1_k20,100,2500,42,80.6900,84.9368,0.0000,85.8526,0.0000,-0.9158,0.9158,0.431,0.431,4.9286,NVIDIA A10,4875190
cifar20,resnet18,10,unact,p99.0_g0.1_k20,1000,2500,42,80.6500,84.8947,0.0000,85.8526,0.0000,-0.9579,0.9579,3.470,3.470,4.9700,NVIDIA A10,4875190
cifar20,resnet18,10,unact,p99.0_g0.1_k20,25,2500,42,80.6700,84.9158,0.0000,85.8526,0.0000,-0.9368,0.9368,0.168,0.168,4.9286,NVIDIA A10,4875190
cifar20,resnet18,10,unact,p99.0_g0.1_k20,2500,2500,42,80.6400,84.8842,0.0000,85.8526,0.0000,-0.9684,0.9684,8.455,8.455,4.9700,NVIDIA A10,4875190
cifar20,resnet18,10,unact,p99.0_g0.1_k20,5,2500,42,80.3000,84.5263,0.0000,85.8526,0.0000,-1.3263,1.3263,0.077,0.077,4.8872,NVIDIA A10,4875190
cifar20,resnet18,10,unact,p99.0_g0.1_k20,50,2500,42,80.4700,84.7053,0.0000,85.8526,0.0000,-1.1474,1.1474,0.395,0.395,4.9286,NVIDIA A10,4875190
cifar20,resnet18,10,unact,p99.0_g0.1_k20,500,2500,42,80.6700,84.9158,0.0000,85.8526,0.0000,-0.9368,0.9368,1.840,1.840,4.9700,NVIDIA A10,4875190
cifar20,resnet18,14,ssd,a15.0_l1.0_b512,1,2500,42,5.0000,5.2632,0.0000,85.0842,0.0000,-79.8211,79.8211,20.650,0.034,,NVIDIA A10,4875190
cifar20,resnet18,14,ssd,a15.0_l1.0_b512,10,2500,42,66.2400,69.7263,0.0000,85.0842,0.0000,-15.3579,15.3579,20.654,0.038,,NVIDIA A10,4875190
cifar20,resnet18,14,ssd,a15.0_l1.0_b512,100,2500,42,69.7600,73.3263,2.0000,85.0842,0.0000,-11.7579,13.7579,20.683,0.067,,NVIDIA A10,4875190
cifar20,resnet18,14,ssd,a15.0_l1.0_b512,1000,2500,42,80.7800,85.0316,0.0000,85.0842,0.0000,-0.0526,0.0526,21.052,0.436,,NVIDIA A10,4875190
cifar20,resnet18,14,ssd,a15.0_l1.0_b512,25,2500,42,79.4900,83.6737,0.0000,85.0842,0.0000,-1.4105,1.4105,20.654,0.039,,NVIDIA A10,4875190
cifar20,resnet18,14,ssd,a15.0_l1.0_b512,2500,2500,42,80.8100,85.0632,0.0000,85.0842,0.0000,-0.0211,0.0211,21.513,0.897,,NVIDIA A10,4875190
cifar20,resnet18,14,ssd,a15.0_l1.0_b512,5,2500,42,13.7400,14.4632,0.0000,85.0842,0.0000,-70.6211,70.6211,20.654,0.038,,NVIDIA A10,4875190
cifar20,resnet18,14,ssd,a15.0_l1.0_b512,50,2500,42,84.7600,84.8000,84.0000,85.0842,0.0000,-0.2842,84.2842,20.655,0.039,,NVIDIA A10,4875190
cifar20,resnet18,14,ssd,a15.0_l1.0_b512,500,2500,42,80.2600,84.4842,0.0000,85.0842,0.0000,-0.6000,0.6000,20.870,0.254,,NVIDIA A10,4875190
cifar20,resnet18,14,ssd_alphagrid,a10.0_l1.0_b512,1,2500,42,5.0000,5.2632,0.0000,85.0842,0.0000,-79.8211,79.8211,20.651,0.035,,NVIDIA A10,4875190
cifar20,resnet18,14,ssd_alphagrid,a10.0_l1.0_b512,10,2500,42,47.0300,49.5053,0.0000,85.0842,0.0000,-35.5789,35.5789,20.649,0.033,,NVIDIA A10,4875190
cifar20,resnet18,14,ssd_alphagrid,a10.0_l1.0_b512,100,2500,42,62.1800,65.4526,0.0000,85.0842,0.0000,-19.6316,19.6316,20.685,0.069,,NVIDIA A10,4875190
cifar20,resnet18,14,ssd_alphagrid,a10.0_l1.0_b512,1000,2500,42,80.1000,84.3158,0.0000,85.0842,0.0000,-0.7684,0.7684,21.051,0.435,,NVIDIA A10,4875190
cifar20,resnet18,14,ssd_alphagrid,a10.0_l1.0_b512,25,2500,42,78.6600,82.8000,0.0000,85.0842,0.0000,-2.2842,2.2842,20.655,0.039,,NVIDIA A10,4875190
cifar20,resnet18,14,ssd_alphagrid,a10.0_l1.0_b512,2500,2500,42,79.6800,83.8737,0.0000,85.0842,0.0000,-1.2105,1.2105,21.517,0.902,,NVIDIA A10,4875190
cifar20,resnet18,14,ssd_alphagrid,a10.0_l1.0_b512,5,2500,42,7.3300,7.7158,0.0000,85.0842,0.0000,-77.3684,77.3684,20.653,0.037,,NVIDIA A10,4875190
cifar20,resnet18,14,ssd_alphagrid,a10.0_l1.0_b512,50,2500,42,79.8500,84.0526,0.0000,85.0842,0.0000,-1.0316,1.0316,20.656,0.040,,NVIDIA A10,4875190
cifar20,resnet18,14,ssd_alphagrid,a10.0_l1.0_b512,500,2500,42,78.7600,82.9053,0.0000,85.0842,0.0000,-2.1789,2.1789,20.870,0.254,,NVIDIA A10,4875190
cifar20,resnet18,14,ssd_alphagrid,a12.0_l1.0_b512,1,2500,42,5.0000,5.2632,0.0000,85.0842,0.0000,-79.8211,79.8211,20.651,0.035,,NVIDIA A10,4875190
cifar20,resnet18,14,ssd_alphagrid,a12.0_l1.0_b512,10,2500,42,57.6600,60.6947,0.0000,85.0842,0.0000,-24.3895,24.3895,20.651,0.035,,NVIDIA A10,4875190
cifar20,resnet18,14,ssd_alphagrid,a12.0_l1.0_b512,100,2500,42,65.3800,68.8211,0.0000,85.0842,0.0000,-16.2632,16.2632,20.685,0.069,,NVIDIA A10,4875190
cifar20,resnet18,14,ssd_alphagrid,a12.0_l1.0_b512,1000,2500,42,80.5100,84.7474,0.0000,85.0842,0.0000,-0.3368,0.3368,21.051,0.435,,NVIDIA A10,4875190
cifar20,resnet18,14,ssd_alphagrid,a12.0_l1.0_b512,25,2500,42,79.2700,83.4421,0.0000,85.0842,0.0000,-1.6421,1.6421,20.655,0.039,,NVIDIA A10,4875190
cifar20,resnet18,14,ssd_alphagrid,a12.0_l1.0_b512,2500,2500,42,80.4200,84.6526,0.0000,85.0842,0.0000,-0.4316,0.4316,21.514,0.899,,NVIDIA A10,4875190
cifar20,resnet18,14,ssd_alphagrid,a12.0_l1.0_b512,5,2500,42,7.6200,8.0211,0.0000,85.0842,0.0000,-77.0632,77.0632,20.653,0.037,,NVIDIA A10,4875190
cifar20,resnet18,14,ssd_alphagrid,a12.0_l1.0_b512,50,2500,42,80.4000,84.6316,0.0000,85.0842,0.0000,-0.4526,0.4526,20.659,0.043,,NVIDIA A10,4875190
cifar20,resnet18,14,ssd_alphagrid,a12.0_l1.0_b512,500,2500,42,79.5900,83.7789,0.0000,85.0842,0.0000,-1.3053,1.3053,20.870,0.254,,NVIDIA A10,4875190
cifar20,resnet18,14,ssd_alphagrid,a2.0_l1.0_b512,1,2500,42,5.4000,5.6842,0.0000,85.0842,0.0000,-79.4000,79.4000,20.653,0.037,,NVIDIA A10,4875190
cifar20,resnet18,14,ssd_alphagrid,a2.0_l1.0_b512,10,2500,42,8.2300,8.6632,0.0000,85.0842,0.0000,-76.4211,76.4211,20.647,0.032,,NVIDIA A10,4875190
cifar20,resnet18,14,ssd_alphagrid,a2.0_l1.0_b512,100,2500,42,10.2500,10.7895,0.0000,85.0842,0.0000,-74.2947,74.2947,20.685,0.069,,NVIDIA A10,4875190
cifar20,resnet18,14,ssd_alphagrid,a2.0_l1.0_b512,1000,2500,42,55.6400,58.5684,0.0000,85.0842,0.0000,-26.5158,26.5158,21.058,0.443,,NVIDIA A10,4875190
cifar20,resnet18,14,ssd_alphagrid,a2.0_l1.0_b512,25,2500,42,44.2000,46.5263,0.0000,85.0842,0.0000,-38.5579,38.5579,20.655,0.039,,NVIDIA A10,4875190
cifar20,resnet18,14,ssd_alphagrid,a2.0_l1.0_b512,2500,2500,42,39.1000,41.1579,0.0000,85.0842,0.0000,-43.9263,43.9263,21.515,0.900,,NVIDIA A10,4875190
cifar20,resnet18,14,ssd_alphagrid,a2.0_l1.0_b512,5,2500,42,5.0400,5.3053,0.0000,85.0842,0.0000,-79.7789,79.7789,20.653,0.037,,NVIDIA A10,4875190
cifar20,resnet18,14,ssd_alphagrid,a2.0_l1.0_b512,50,2500,42,59.7600,62.9053,0.0000,85.0842,0.0000,-22.1789,22.1789,20.656,0.040,,NVIDIA A10,4875190
cifar20,resnet18,14,ssd_alphagrid,a2.0_l1.0_b512,500,2500,42,28.5400,30.0421,0.0000,85.0842,0.0000,-55.0421,55.0421,20.871,0.256,,NVIDIA A10,4875190
cifar20,resnet18,14,ssd_alphagrid,a20.0_l1.0_b512,1,2500,42,5.0000,5.2632,0.0000,85.0842,0.0000,-79.8211,79.8211,20.650,0.034,,NVIDIA A10,4875190
cifar20,resnet18,14,ssd_alphagrid,a20.0_l1.0_b512,10,2500,42,73.6400,77.5158,0.0000,85.0842,0.0000,-7.5684,7.5684,20.647,0.031,,NVIDIA A10,4875190
cifar20,resnet18,14,ssd_alphagrid,a20.0_l1.0_b512,100,2500,42,74.7700,76.1684,48.2000,85.0842,0.0000,-8.9158,57.1158,20.685,0.069,,NVIDIA A10,4875190
cifar20,resnet18,14,ssd_alphagrid,a20.0_l1.0_b512,1000,2500,42,85.3500,85.0211,91.6000,85.0842,0.0000,-0.0632,91.6632,21.050,0.434,,NVIDIA A10,4875190
cifar20,resnet18,14,ssd_alphagrid,a20.0_l1.0_b512,25,2500,42,84.0100,84.4842,75.0000,85.0842,0.0000,-0.6000,75.6000,20.658,0.042,,NVIDIA A10,4875190
cifar20,resnet18,14,ssd_alphagrid,a20.0_l1.0_b512,2500,2500,42,85.2700,84.8105,94.0000,85.0842,0.0000,-0.2737,94.2737,21.513,0.898,,NVIDIA A10,4875190
cifar20,resnet18,14,ssd_alphagrid,a20.0_l1.0_b512,5,2500,42,27.4200,28.8632,0.0000,85.0842,0.0000,-56.2211,56.2211,20.653,0.037,,NVIDIA A10,4875190
cifar20,resnet18,14,ssd_alphagrid,a20.0_l1.0_b512,50,2500,42,85.3000,84.9684,91.6000,85.0842,0.0000,-0.1158,91.7158,20.656,0.041,,NVIDIA A10,4875190
cifar20,resnet18,14,ssd_alphagrid,a20.0_l1.0_b512,500,2500,42,80.7300,84.9789,0.0000,85.0842,0.0000,-0.1053,0.1053,20.871,0.255,,NVIDIA A10,4875190
cifar20,resnet18,14,ssd_alphagrid,a30.0_l1.0_b512,1,2500,42,5.0000,5.2632,0.0000,85.0842,0.0000,-79.8211,79.8211,20.651,0.035,,NVIDIA A10,4875190
cifar20,resnet18,14,ssd_alphagrid,a30.0_l1.0_b512,10,2500,42,76.8000,80.8421,0.0000,85.0842,0.0000,-4.2421,4.2421,20.647,0.032,,NVIDIA A10,4875190
cifar20,resnet18,14,ssd_alphagrid,a30.0_l1.0_b512,100,2500,42,79.0400,79.1158,77.6000,85.0842,0.0000,-5.9684,83.5684,20.685,0.069,,NVIDIA A10,4875190
cifar20,resnet18,14,ssd_alphagrid,a30.0_l1.0_b512,1000,2500,42,85.3000,84.8526,93.8000,85.0842,0.0000,-0.2316,94.0316,21.050,0.434,,NVIDIA A10,4875190
cifar20,resnet18,14,ssd_alphagrid,a30.0_l1.0_b512,25,2500,42,84.9700,84.6737,90.6000,85.0842,0.0000,-0.4105,91.0105,20.660,0.044,,NVIDIA A10,4875190
cifar20,resnet18,14,ssd_alphagrid,a30.0_l1.0_b512,2500,2500,42,85.3500,84.9263,93.4000,85.0842,0.0000,-0.1579,93.5579,21.513,0.897,,NVIDIA A10,4875190
cifar20,resnet18,14,ssd_alphagrid,a30.0_l1.0_b512,5,2500,42,53.9400,56.7789,0.0000,85.0842,0.0000,-28.3053,28.3053,20.653,0.037,,NVIDIA A10,4875190
cifar20,resnet18,14,ssd_alphagrid,a30.0_l1.0_b512,50,2500,42,85.4200,84.9263,94.8000,85.0842,0.0000,-0.1579,94.9579,20.656,0.040,,NVIDIA A10,4875190
cifar20,resnet18,14,ssd_alphagrid,a30.0_l1.0_b512,500,2500,42,85.3600,84.9053,94.0000,85.0842,0.0000,-0.1789,94.1789,20.870,0.254,,NVIDIA A10,4875190
cifar20,resnet18,14,ssd_alphagrid,a4.0_l1.0_b512,1,2500,42,5.0000,5.2632,0.0000,85.0842,0.0000,-79.8211,79.8211,20.651,0.035,,NVIDIA A10,4875190
cifar20,resnet18,14,ssd_alphagrid,a4.0_l1.0_b512,10,2500,42,7.1600,7.5368,0.0000,85.0842,0.0000,-77.5474,77.5474,20.648,0.032,,NVIDIA A10,4875190
cifar20,resnet18,14,ssd_alphagrid,a4.0_l1.0_b512,100,2500,42,18.5200,19.4947,0.0000,85.0842,0.0000,-65.5895,65.5895,20.685,0.069,,NVIDIA A10,4875190
cifar20,resnet18,14,ssd_alphagrid,a4.0_l1.0_b512,1000,2500,42,74.3400,78.2526,0.0000,85.0842,0.0000,-6.8316,6.8316,21.059,0.443,,NVIDIA A10,4875190
cifar20,resnet18,14,ssd_alphagrid,a4.0_l1.0_b512,25,2500,42,71.6300,75.4000,0.0000,85.0842,0.0000,-9.6842,9.6842,20.656,0.040,,NVIDIA A10,4875190
cifar20,resnet18,14,ssd_alphagrid,a4.0_l1.0_b512,2500,2500,42,69.1500,72.7895,0.0000,85.0842,0.0000,-12.2947,12.2947,21.516,0.900,,NVIDIA A10,4875190
cifar20,resnet18,14,ssd_alphagrid,a4.0_l1.0_b512,5,2500,42,5.8200,6.1263,0.0000,85.0842,0.0000,-78.9579,78.9579,20.653,0.037,,NVIDIA A10,4875190
cifar20,resnet18,14,ssd_alphagrid,a4.0_l1.0_b512,50,2500,42,75.4400,79.4105,0.0000,85.0842,0.0000,-5.6737,5.6737,20.662,0.046,,NVIDIA A10,4875190
cifar20,resnet18,14,ssd_alphagrid,a4.0_l1.0_b512,500,2500,42,65.2300,68.6632,0.0000,85.0842,0.0000,-16.4211,16.4211,20.871,0.255,,NVIDIA A10,4875190
cifar20,resnet18,14,ssd_alphagrid,a50.0_l1.0_b512,1,2500,42,5.0000,5.2632,0.0000,85.0842,0.0000,-79.8211,79.8211,20.650,0.034,,NVIDIA A10,4875190
cifar20,resnet18,14,ssd_alphagrid,a50.0_l1.0_b512,10,2500,42,83.2800,83.7158,75.0000,85.0842,0.0000,-1.3684,76.3684,20.650,0.034,,NVIDIA A10,4875190
cifar20,resnet18,14,ssd_alphagrid,a50.0_l1.0_b512,100,2500,42,82.9300,82.5474,90.2000,85.0842,0.0000,-2.5368,92.7368,20.684,0.068,,NVIDIA A10,4875190
cifar20,resnet18,14,ssd_alphagrid,a50.0_l1.0_b512,1000,2500,42,85.3400,84.9158,93.4000,85.0842,0.0000,-0.1684,93.5684,21.050,0.434,,NVIDIA A10,4875190
cifar20,resnet18,14,ssd_alphagrid,a50.0_l1.0_b512,25,2500,42,85.3900,84.9368,94.0000,85.0842,0.0000,-0.1474,94.1474,20.654,0.038,,NVIDIA A10,4875190
cifar20,resnet18,14,ssd_alphagrid,a50.0_l1.0_b512,2500,2500,42,85.3500,84.9263,93.4000,85.0842,0.0000,-0.1579,93.5579,21.517,0.901,,NVIDIA A10,4875190
cifar20,resnet18,14,ssd_alphagrid,a50.0_l1.0_b512,5,2500,42,70.9200,73.5368,21.2000,85.0842,0.0000,-11.5474,32.7474,20.652,0.037,,NVIDIA A10,4875190
cifar20,resnet18,14,ssd_alphagrid,a50.0_l1.0_b512,50,2500,42,85.4100,84.9368,94.4000,85.0842,0.0000,-0.1474,94.5474,20.655,0.039,,NVIDIA A10,4875190
cifar20,resnet18,14,ssd_alphagrid,a50.0_l1.0_b512,500,2500,42,85.3600,84.9158,93.8000,85.0842,0.0000,-0.1684,93.9684,20.869,0.253,,NVIDIA A10,4875190
cifar20,resnet18,14,ssd_alphagrid,a6.0_l1.0_b512,1,2500,42,5.0000,5.2632,0.0000,85.0842,0.0000,-79.8211,79.8211,20.651,0.035,,NVIDIA A10,4875190
cifar20,resnet18,14,ssd_alphagrid,a6.0_l1.0_b512,10,2500,42,13.4600,14.1684,0.0000,85.0842,0.0000,-70.9158,70.9158,20.651,0.035,,NVIDIA A10,4875190
cifar20,resnet18,14,ssd_alphagrid,a6.0_l1.0_b512,100,2500,42,38.3900,40.4105,0.0000,85.0842,0.0000,-44.6737,44.6737,20.679,0.063,,NVIDIA A10,4875190
cifar20,resnet18,14,ssd_alphagrid,a6.0_l1.0_b512,1000,2500,42,78.1800,82.2947,0.0000,85.0842,0.0000,-2.7895,2.7895,21.051,0.436,,NVIDIA A10,4875190
cifar20,resnet18,14,ssd_alphagrid,a6.0_l1.0_b512,25,2500,42,76.0200,80.0211,0.0000,85.0842,0.0000,-5.0632,5.0632,20.655,0.039,,NVIDIA A10,4875190
cifar20,resnet18,14,ssd_alphagrid,a6.0_l1.0_b512,2500,2500,42,77.3900,81.4632,0.0000,85.0842,0.0000,-3.6211,3.6211,21.518,0.902,,NVIDIA A10,4875190
cifar20,resnet18,14,ssd_alphagrid,a6.0_l1.0_b512,5,2500,42,5.1300,5.4000,0.0000,85.0842,0.0000,-79.6842,79.6842,20.654,0.038,,NVIDIA A10,4875190
cifar20,resnet18,14,ssd_alphagrid,a6.0_l1.0_b512,50,2500,42,78.3900,82.5158,0.0000,85.0842,0.0000,-2.5684,2.5684,20.657,0.041,,NVIDIA A10,4875190
cifar20,resnet18,14,ssd_alphagrid,a6.0_l1.0_b512,500,2500,42,74.1100,78.0105,0.0000,85.0842,0.0000,-7.0737,7.0737,20.871,0.255,,NVIDIA A10,4875190
cifar20,resnet18,14,ssd_alphagrid,a8.0_l1.0_b512,1,2500,42,5.0000,5.2632,0.0000,85.0842,0.0000,-79.8211,79.8211,20.651,0.035,,NVIDIA A10,4875190
cifar20,resnet18,14,ssd_alphagrid,a8.0_l1.0_b512,10,2500,42,30.5500,32.1579,0.0000,85.0842,0.0000,-52.9263,52.9263,20.651,0.036,,NVIDIA A10,4875190
cifar20,resnet18,14,ssd_alphagrid,a8.0_l1.0_b512,100,2500,42,52.7700,55.5474,0.0000,85.0842,0.0000,-29.5368,29.5368,20.679,0.063,,NVIDIA A10,4875190
cifar20,resnet18,14,ssd_alphagrid,a8.0_l1.0_b512,1000,2500,42,79.3400,83.5158,0.0000,85.0842,0.0000,-1.5684,1.5684,21.051,0.435,,NVIDIA A10,4875190
cifar20,resnet18,14,ssd_alphagrid,a8.0_l1.0_b512,25,2500,42,77.1600,81.2211,0.0000,85.0842,0.0000,-3.8632,3.8632,20.655,0.039,,NVIDIA A10,4875190
cifar20,resnet18,14,ssd_alphagrid,a8.0_l1.0_b512,2500,2500,42,78.8000,82.9474,0.0000,85.0842,0.0000,-2.1368,2.1368,21.520,0.904,,NVIDIA A10,4875190
cifar20,resnet18,14,ssd_alphagrid,a8.0_l1.0_b512,5,2500,42,5.4600,5.7474,0.0000,85.0842,0.0000,-79.3368,79.3368,20.653,0.037,,NVIDIA A10,4875190
cifar20,resnet18,14,ssd_alphagrid,a8.0_l1.0_b512,50,2500,42,79.4600,83.6421,0.0000,85.0842,0.0000,-1.4421,1.4421,20.656,0.040,,NVIDIA A10,4875190
cifar20,resnet18,14,ssd_alphagrid,a8.0_l1.0_b512,500,2500,42,77.6000,81.6842,0.0000,85.0842,0.0000,-3.4000,3.4000,20.871,0.256,,NVIDIA A10,4875190
cifar20,resnet18,14,unact,p99.0_g0.1_k20,1,2500,42,80.1000,83.8105,9.6000,85.0842,0.0000,-1.2737,10.8737,0.097,0.097,4.9700,NVIDIA A10,4875190
cifar20,resnet18,14,unact,p99.0_g0.1_k20,10,2500,42,80.6200,84.8632,0.0000,85.0842,0.0000,-0.2211,0.2211,0.134,0.134,4.9700,NVIDIA A10,4875190
cifar20,resnet18,14,unact,p99.0_g0.1_k20,100,2500,42,80.6800,84.9263,0.0000,85.0842,0.0000,-0.1579,0.1579,0.437,0.437,4.8872,NVIDIA A10,4875190
cifar20,resnet18,14,unact,p99.0_g0.1_k20,1000,2500,42,80.5900,84.8316,0.0000,85.0842,0.0000,-0.2526,0.2526,3.335,3.335,4.8872,NVIDIA A10,4875190
cifar20,resnet18,14,unact,p99.0_g0.1_k20,25,2500,42,80.6500,84.8947,0.0000,85.0842,0.0000,-0.1895,0.1895,0.148,0.148,4.8872,NVIDIA A10,4875190
cifar20,resnet18,14,unact,p99.0_g0.1_k20,2500,2500,42,80.5900,84.8316,0.0000,85.0842,0.0000,-0.2526,0.2526,7.755,7.755,4.8872,NVIDIA A10,4875190
cifar20,resnet18,14,unact,p99.0_g0.1_k20,5,2500,42,80.4000,84.6316,0.0000,85.0842,0.0000,-0.4526,0.4526,0.072,0.072,4.9700,NVIDIA A10,4875190
cifar20,resnet18,14,unact,p99.0_g0.1_k20,50,2500,42,80.6300,84.8737,0.0000,85.0842,0.0000,-0.2105,0.2105,0.283,0.283,4.8872,NVIDIA A10,4875190
cifar20,resnet18,14,unact,p99.0_g0.1_k20,500,2500,42,80.5900,84.8316,0.0000,85.0842,0.0000,-0.2526,0.2526,1.801,1.801,4.8872,NVIDIA A10,4875190
cifar20,resnet18,19,ssd,a15.0_l1.0_b512,1,2500,42,85.0100,85.2105,81.2000,86.0316,0.0000,-0.8211,82.0211,21.193,0.033,,NVIDIA A10,4875190
cifar20,resnet18,19,ssd,a15.0_l1.0_b512,10,2500,42,85.1900,85.2421,84.2000,86.0316,0.0000,-0.7895,84.9895,21.192,0.032,,NVIDIA A10,4875190
cifar20,resnet18,19,ssd,a15.0_l1.0_b512,100,2500,42,66.8700,70.3053,1.6000,86.0316,0.0000,-15.7263,17.3263,21.226,0.066,,NVIDIA A10,4875190
cifar20,resnet18,19,ssd,a15.0_l1.0_b512,1000,2500,42,81.0300,85.2947,0.0000,86.0316,0.0000,-0.7368,0.7368,21.579,0.419,,NVIDIA A10,4875190
cifar20,resnet18,19,ssd,a15.0_l1.0_b512,25,2500,42,85.0400,85.4105,78.0000,86.0316,0.0000,-0.6211,78.6211,21.193,0.032,,NVIDIA A10,4875190
cifar20,resnet18,19,ssd,a15.0_l1.0_b512,2500,2500,42,81.4000,85.6842,0.0000,86.0316,0.0000,-0.3474,0.3474,22.179,1.019,,NVIDIA A10,4875190
cifar20,resnet18,19,ssd,a15.0_l1.0_b512,5,2500,42,85.3100,85.2316,86.8000,86.0316,0.0000,-0.8000,87.6000,21.192,0.032,,NVIDIA A10,4875190
cifar20,resnet18,19,ssd,a15.0_l1.0_b512,50,2500,42,84.9800,85.2526,79.8000,86.0316,0.0000,-0.7789,80.5789,21.202,0.042,,NVIDIA A10,4875190
cifar20,resnet18,19,ssd,a15.0_l1.0_b512,500,2500,42,80.9200,85.1789,0.0000,86.0316,0.0000,-0.8526,0.8526,21.451,0.291,,NVIDIA A10,4875190
cifar20,resnet18,19,ssd_alphagrid,a10.0_l1.0_b512,1,2500,42,84.4500,84.7789,78.2000,86.0316,0.0000,-1.2526,79.4526,21.194,0.034,,NVIDIA A10,4875190
cifar20,resnet18,19,ssd_alphagrid,a10.0_l1.0_b512,10,2500,42,85.0400,85.1789,82.4000,86.0316,0.0000,-0.8526,83.2526,21.196,0.036,,NVIDIA A10,4875190
cifar20,resnet18,19,ssd_alphagrid,a10.0_l1.0_b512,100,2500,42,41.8400,44.0421,0.0000,86.0316,0.0000,-41.9895,41.9895,21.223,0.063,,NVIDIA A10,4875190
cifar20,resnet18,19,ssd_alphagrid,a10.0_l1.0_b512,1000,2500,42,80.4000,84.6316,0.0000,86.0316,0.0000,-1.4000,1.4000,21.580,0.420,,NVIDIA A10,4875190
cifar20,resnet18,19,ssd_alphagrid,a10.0_l1.0_b512,25,2500,42,84.3300,85.1789,68.2000,86.0316,0.0000,-0.8526,69.0526,21.192,0.032,,NVIDIA A10,4875190
cifar20,resnet18,19,ssd_alphagrid,a10.0_l1.0_b512,2500,2500,42,81.2600,85.5368,0.0000,86.0316,0.0000,-0.4947,0.4947,22.180,1.020,,NVIDIA A10,4875190
cifar20,resnet18,19,ssd_alphagrid,a10.0_l1.0_b512,5,2500,42,85.3300,85.2526,86.8000,86.0316,0.0000,-0.7789,87.5789,21.193,0.032,,NVIDIA A10,4875190
cifar20,resnet18,19,ssd_alphagrid,a10.0_l1.0_b512,50,2500,42,84.7500,85.3474,73.4000,86.0316,0.0000,-0.6842,74.0842,21.205,0.045,,NVIDIA A10,4875190
cifar20,resnet18,19,ssd_alphagrid,a10.0_l1.0_b512,500,2500,42,78.7300,82.8737,0.0000,86.0316,0.0000,-3.1579,3.1579,21.453,0.293,,NVIDIA A10,4875190
cifar20,resnet18,19,ssd_alphagrid,a12.0_l1.0_b512,1,2500,42,84.6900,84.9579,79.6000,86.0316,0.0000,-1.0737,80.6737,21.193,0.033,,NVIDIA A10,4875190
cifar20,resnet18,19,ssd_alphagrid,a12.0_l1.0_b512,10,2500,42,85.0200,85.1368,82.8000,86.0316,0.0000,-0.8947,83.6947,21.196,0.036,,NVIDIA A10,4875190
cifar20,resnet18,19,ssd_alphagrid,a12.0_l1.0_b512,100,2500,42,51.3400,54.0421,0.0000,86.0316,0.0000,-31.9895,31.9895,21.223,0.063,,NVIDIA A10,4875190
cifar20,resnet18,19,ssd_alphagrid,a12.0_l1.0_b512,1000,2500,42,80.6900,84.9368,0.0000,86.0316,0.0000,-1.0947,1.0947,21.579,0.419,,NVIDIA A10,4875190
cifar20,resnet18,19,ssd_alphagrid,a12.0_l1.0_b512,25,2500,42,84.7200,85.3263,73.2000,86.0316,0.0000,-0.7053,73.9053,21.192,0.032,,NVIDIA A10,4875190
cifar20,resnet18,19,ssd_alphagrid,a12.0_l1.0_b512,2500,2500,42,81.4600,85.7474,0.0000,86.0316,0.0000,-0.2842,0.2842,22.176,1.016,,NVIDIA A10,4875190
cifar20,resnet18,19,ssd_alphagrid,a12.0_l1.0_b512,5,2500,42,85.3200,85.2421,86.8000,86.0316,0.0000,-0.7895,87.5895,21.196,0.036,,NVIDIA A10,4875190
cifar20,resnet18,19,ssd_alphagrid,a12.0_l1.0_b512,50,2500,42,84.9300,85.3368,77.2000,86.0316,0.0000,-0.6947,77.8947,21.207,0.047,,NVIDIA A10,4875190
cifar20,resnet18,19,ssd_alphagrid,a12.0_l1.0_b512,500,2500,42,80.0100,84.2211,0.0000,86.0316,0.0000,-1.8105,1.8105,21.455,0.295,,NVIDIA A10,4875190
cifar20,resnet18,19,ssd_alphagrid,a2.0_l1.0_b512,1,2500,42,74.6000,76.0632,46.8000,86.0316,0.0000,-9.9684,56.7684,21.197,0.037,,NVIDIA A10,4875190
cifar20,resnet18,19,ssd_alphagrid,a2.0_l1.0_b512,10,2500,42,79.6500,80.3474,66.4000,86.0316,0.0000,-5.6842,72.0842,21.193,0.033,,NVIDIA A10,4875190
cifar20,resnet18,19,ssd_alphagrid,a2.0_l1.0_b512,100,2500,42,5.0000,5.2632,0.0000,86.0316,0.0000,-80.7684,80.7684,21.229,0.069,,NVIDIA A10,4875190
cifar20,resnet18,19,ssd_alphagrid,a2.0_l1.0_b512,1000,2500,42,21.8000,22.9474,0.0000,86.0316,0.0000,-63.0842,63.0842,21.581,0.421,,NVIDIA A10,4875190
cifar20,resnet18,19,ssd_alphagrid,a2.0_l1.0_b512,25,2500,42,67.5900,71.1474,0.0000,86.0316,0.0000,-14.8842,14.8842,21.195,0.035,,NVIDIA A10,4875190
cifar20,resnet18,19,ssd_alphagrid,a2.0_l1.0_b512,2500,2500,42,56.0600,59.0105,0.0000,86.0316,0.0000,-27.0211,27.0211,22.184,1.024,,NVIDIA A10,4875190
cifar20,resnet18,19,ssd_alphagrid,a2.0_l1.0_b512,5,2500,42,85.2800,85.2421,86.0000,86.0316,0.0000,-0.7895,86.7895,21.193,0.033,,NVIDIA A10,4875190
cifar20,resnet18,19,ssd_alphagrid,a2.0_l1.0_b512,50,2500,42,73.1000,76.9474,0.0000,86.0316,0.0000,-9.0842,9.0842,21.202,0.042,,NVIDIA A10,4875190
cifar20,resnet18,19,ssd_alphagrid,a2.0_l1.0_b512,500,2500,42,20.9500,22.0526,0.0000,86.0316,0.0000,-63.9789,63.9789,21.454,0.294,,NVIDIA A10,4875190
cifar20,resnet18,19,ssd_alphagrid,a20.0_l1.0_b512,1,2500,42,85.1800,85.2632,83.6000,86.0316,0.0000,-0.7684,84.3684,21.194,0.034,,NVIDIA A10,4875190
cifar20,resnet18,19,ssd_alphagrid,a20.0_l1.0_b512,10,2500,42,85.2100,85.2737,84.0000,86.0316,0.0000,-0.7579,84.7579,21.192,0.032,,NVIDIA A10,4875190
cifar20,resnet18,19,ssd_alphagrid,a20.0_l1.0_b512,100,2500,42,73.6700,76.7895,14.4000,86.0316,0.0000,-9.2421,23.6421,21.226,0.066,,NVIDIA A10,4875190
cifar20,resnet18,19,ssd_alphagrid,a20.0_l1.0_b512,1000,2500,42,81.5900,85.8842,0.0000,86.0316,0.0000,-0.1474,0.1474,21.579,0.419,,NVIDIA A10,4875190
cifar20,resnet18,19,ssd_alphagrid,a20.0_l1.0_b512,25,2500,42,85.0900,85.3053,81.0000,86.0316,0.0000,-0.7263,81.7263,21.197,0.037,,NVIDIA A10,4875190
cifar20,resnet18,19,ssd_alphagrid,a20.0_l1.0_b512,2500,2500,42,85.3400,85.2632,86.8000,86.0316,0.0000,-0.7684,87.5684,22.175,1.015,,NVIDIA A10,4875190
cifar20,resnet18,19,ssd_alphagrid,a20.0_l1.0_b512,5,2500,42,85.3100,85.2316,86.8000,86.0316,0.0000,-0.8000,87.6000,21.192,0.032,,NVIDIA A10,4875190
cifar20,resnet18,19,ssd_alphagrid,a20.0_l1.0_b512,50,2500,42,85.0900,85.2211,82.6000,86.0316,0.0000,-0.8105,83.4105,21.207,0.047,,NVIDIA A10,4875190
cifar20,resnet18,19,ssd_alphagrid,a20.0_l1.0_b512,500,2500,42,81.4500,85.7368,0.0000,86.0316,0.0000,-0.2947,0.2947,21.451,0.291,,NVIDIA A10,4875190
cifar20,resnet18,19,ssd_alphagrid,a30.0_l1.0_b512,1,2500,42,85.2500,85.3053,84.2000,86.0316,0.0000,-0.7263,84.9263,21.194,0.034,,NVIDIA A10,4875190
cifar20,resnet18,19,ssd_alphagrid,a30.0_l1.0_b512,10,2500,42,85.2900,85.3368,84.4000,86.0316,0.0000,-0.6947,85.0947,21.192,0.032,,NVIDIA A10,4875190
cifar20,resnet18,19,ssd_alphagrid,a30.0_l1.0_b512,100,2500,42,82.8000,83.0526,78.0000,86.0316,0.0000,-2.9789,80.9789,21.222,0.062,,NVIDIA A10,4875190
cifar20,resnet18,19,ssd_alphagrid,a30.0_l1.0_b512,1000,2500,42,84.9400,85.5368,73.6000,86.0316,0.0000,-0.4947,74.0947,21.579,0.419,,NVIDIA A10,4875190
cifar20,resnet18,19,ssd_alphagrid,a30.0_l1.0_b512,25,2500,42,85.2000,85.2947,83.4000,86.0316,0.0000,-0.7368,84.1368,21.195,0.035,,NVIDIA A10,4875190
cifar20,resnet18,19,ssd_alphagrid,a30.0_l1.0_b512,2500,2500,42,85.3500,85.2737,86.8000,86.0316,0.0000,-0.7579,87.5579,22.175,1.015,,NVIDIA A10,4875190
cifar20,resnet18,19,ssd_alphagrid,a30.0_l1.0_b512,5,2500,42,85.3500,85.2737,86.8000,86.0316,0.0000,-0.7579,87.5579,21.192,0.032,,NVIDIA A10,4875190
cifar20,resnet18,19,ssd_alphagrid,a30.0_l1.0_b512,50,2500,42,85.3300,85.3263,85.4000,86.0316,0.0000,-0.7053,86.1053,21.204,0.044,,NVIDIA A10,4875190
cifar20,resnet18,19,ssd_alphagrid,a30.0_l1.0_b512,500,2500,42,84.1300,85.7053,54.2000,86.0316,0.0000,-0.3263,54.5263,21.457,0.297,,NVIDIA A10,4875190
cifar20,resnet18,19,ssd_alphagrid,a4.0_l1.0_b512,1,2500,42,80.9600,81.5263,70.2000,86.0316,0.0000,-4.5053,74.7053,21.198,0.038,,NVIDIA A10,4875190
cifar20,resnet18,19,ssd_alphagrid,a4.0_l1.0_b512,10,2500,42,83.6300,84.0000,76.6000,86.0316,0.0000,-2.0316,78.6316,21.197,0.036,,NVIDIA A10,4875190
cifar20,resnet18,19,ssd_alphagrid,a4.0_l1.0_b512,100,2500,42,5.0000,5.2632,0.0000,86.0316,0.0000,-80.7684,80.7684,21.224,0.064,,NVIDIA A10,4875190
cifar20,resnet18,19,ssd_alphagrid,a4.0_l1.0_b512,1000,2500,42,59.6700,62.8105,0.0000,86.0316,0.0000,-23.2211,23.2211,21.581,0.421,,NVIDIA A10,4875190
cifar20,resnet18,19,ssd_alphagrid,a4.0_l1.0_b512,25,2500,42,77.9900,81.6737,8.0000,86.0316,0.0000,-4.3579,12.3579,21.192,0.032,,NVIDIA A10,4875190
cifar20,resnet18,19,ssd_alphagrid,a4.0_l1.0_b512,2500,2500,42,76.1800,80.1895,0.0000,86.0316,0.0000,-5.8421,5.8421,22.180,1.020,,NVIDIA A10,4875190
cifar20,resnet18,19,ssd_alphagrid,a4.0_l1.0_b512,5,2500,42,85.2900,85.2211,86.6000,86.0316,0.0000,-0.8105,87.4105,21.193,0.033,,NVIDIA A10,4875190
cifar20,resnet18,19,ssd_alphagrid,a4.0_l1.0_b512,50,2500,42,79.9400,83.2526,17.0000,86.0316,0.0000,-2.7789,19.7789,21.202,0.042,,NVIDIA A10,4875190
cifar20,resnet18,19,ssd_alphagrid,a4.0_l1.0_b512,500,2500,42,54.6500,57.5263,0.0000,86.0316,0.0000,-28.5053,28.5053,21.452,0.292,,NVIDIA A10,4875190
cifar20,resnet18,19,ssd_alphagrid,a50.0_l1.0_b512,1,2500,42,85.2800,85.2737,85.4000,86.0316,0.0000,-0.7579,86.1579,21.193,0.033,,NVIDIA A10,4875190
cifar20,resnet18,19,ssd_alphagrid,a50.0_l1.0_b512,10,2500,42,85.3200,85.3474,84.8000,86.0316,0.0000,-0.6842,85.4842,21.192,0.032,,NVIDIA A10,4875190
cifar20,resnet18,19,ssd_alphagrid,a50.0_l1.0_b512,100,2500,42,84.9900,85.1263,82.4000,86.0316,0.0000,-0.9053,83.3053,21.225,0.065,,NVIDIA A10,4875190
cifar20,resnet18,19,ssd_alphagrid,a50.0_l1.0_b512,1000,2500,42,85.3500,85.2947,86.4000,86.0316,0.0000,-0.7368,87.1368,21.579,0.419,,NVIDIA A10,4875190
cifar20,resnet18,19,ssd_alphagrid,a50.0_l1.0_b512,25,2500,42,85.3200,85.3263,85.2000,86.0316,0.0000,-0.7053,85.9053,21.195,0.035,,NVIDIA A10,4875190
cifar20,resnet18,19,ssd_alphagrid,a50.0_l1.0_b512,2500,2500,42,85.3500,85.2737,86.8000,86.0316,0.0000,-0.7579,87.5579,22.175,1.015,,NVIDIA A10,4875190
cifar20,resnet18,19,ssd_alphagrid,a50.0_l1.0_b512,5,2500,42,85.3500,85.2737,86.8000,86.0316,0.0000,-0.7579,87.5579,21.192,0.032,,NVIDIA A10,4875190
cifar20,resnet18,19,ssd_alphagrid,a50.0_l1.0_b512,50,2500,42,85.3300,85.2526,86.8000,86.0316,0.0000,-0.7789,87.5789,21.204,0.044,,NVIDIA A10,4875190
cifar20,resnet18,19,ssd_alphagrid,a50.0_l1.0_b512,500,2500,42,85.3200,85.3579,84.6000,86.0316,0.0000,-0.6737,85.2737,21.455,0.294,,NVIDIA A10,4875190
cifar20,resnet18,19,ssd_alphagrid,a6.0_l1.0_b512,1,2500,42,82.8400,83.2526,75.0000,86.0316,0.0000,-2.7789,77.7789,21.197,0.037,,NVIDIA A10,4875190
cifar20,resnet18,19,ssd_alphagrid,a6.0_l1.0_b512,10,2500,42,84.5300,84.7895,79.6000,86.0316,0.0000,-1.2421,80.8421,21.193,0.033,,NVIDIA A10,4875190
cifar20,resnet18,19,ssd_alphagrid,a6.0_l1.0_b512,100,2500,42,5.4300,5.7158,0.0000,86.0316,0.0000,-80.3158,80.3158,21.223,0.063,,NVIDIA A10,4875190
cifar20,resnet18,19,ssd_alphagrid,a6.0_l1.0_b512,1000,2500,42,75.4700,79.4421,0.0000,86.0316,0.0000,-6.5895,6.5895,21.580,0.420,,NVIDIA A10,4875190
cifar20,resnet18,19,ssd_alphagrid,a6.0_l1.0_b512,25,2500,42,81.8400,84.2421,36.2000,86.0316,0.0000,-1.7895,37.9895,21.196,0.035,,NVIDIA A10,4875190
cifar20,resnet18,19,ssd_alphagrid,a6.0_l1.0_b512,2500,2500,42,79.5800,83.7684,0.0000,86.0316,0.0000,-2.2632,2.2632,22.182,1.022,,NVIDIA A10,4875190
cifar20,resnet18,19,ssd_alphagrid,a6.0_l1.0_b512,5,2500,42,85.3000,85.2316,86.6000,86.0316,0.0000,-0.8000,87.4000,21.193,0.033,,NVIDIA A10,4875190
cifar20,resnet18,19,ssd_alphagrid,a6.0_l1.0_b512,50,2500,42,82.9500,84.8947,46.0000,86.0316,0.0000,-1.1368,47.1368,21.208,0.048,,NVIDIA A10,4875190
cifar20,resnet18,19,ssd_alphagrid,a6.0_l1.0_b512,500,2500,42,70.6000,74.3158,0.0000,86.0316,0.0000,-11.7158,11.7158,21.453,0.292,,NVIDIA A10,4875190
cifar20,resnet18,19,ssd_alphagrid,a8.0_l1.0_b512,1,2500,42,83.8800,84.2421,77.0000,86.0316,0.0000,-1.7895,78.7895,21.195,0.035,,NVIDIA A10,4875190
cifar20,resnet18,19,ssd_alphagrid,a8.0_l1.0_b512,10,2500,42,84.8100,84.9895,81.4000,86.0316,0.0000,-1.0421,82.4421,21.193,0.033,,NVIDIA A10,4875190
cifar20,resnet18,19,ssd_alphagrid,a8.0_l1.0_b512,100,2500,42,19.4700,20.4947,0.0000,86.0316,0.0000,-65.5368,65.5368,21.223,0.063,,NVIDIA A10,4875190
cifar20,resnet18,19,ssd_alphagrid,a8.0_l1.0_b512,1000,2500,42,79.4800,83.6632,0.0000,86.0316,0.0000,-2.3684,2.3684,21.581,0.421,,NVIDIA A10,4875190
cifar20,resnet18,19,ssd_alphagrid,a8.0_l1.0_b512,25,2500,42,83.6200,84.8632,60.0000,86.0316,0.0000,-1.1684,61.1684,21.192,0.032,,NVIDIA A10,4875190
cifar20,resnet18,19,ssd_alphagrid,a8.0_l1.0_b512,2500,2500,42,80.6600,84.9053,0.0000,86.0316,0.0000,-1.1263,1.1263,22.182,1.022,,NVIDIA A10,4875190
cifar20,resnet18,19,ssd_alphagrid,a8.0_l1.0_b512,5,2500,42,85.2900,85.2211,86.6000,86.0316,0.0000,-0.8105,87.4105,21.193,0.033,,NVIDIA A10,4875190
cifar20,resnet18,19,ssd_alphagrid,a8.0_l1.0_b512,50,2500,42,83.8400,85.0526,60.8000,86.0316,0.0000,-0.9789,61.7789,21.208,0.048,,NVIDIA A10,4875190
cifar20,resnet18,19,ssd_alphagrid,a8.0_l1.0_b512,500,2500,42,76.0200,80.0211,0.0000,86.0316,0.0000,-6.0105,6.0105,21.452,0.292,,NVIDIA A10,4875190
cifar20,resnet18,19,unact,p99.0_g0.1_k20,1,2500,42,80.3100,84.3263,4.0000,86.0316,0.0000,-1.7053,5.7053,0.080,0.080,4.9286,NVIDIA A10,4875190
cifar20,resnet18,19,unact,p99.0_g0.1_k20,10,2500,42,80.7800,85.0316,0.0000,86.0316,0.0000,-1.0000,1.0000,0.083,0.083,4.9700,NVIDIA A10,4875190
cifar20,resnet18,19,unact,p99.0_g0.1_k20,100,2500,42,80.4700,84.7053,0.0000,86.0316,0.0000,-1.3263,1.3263,0.433,0.433,4.9700,NVIDIA A10,4875190
cifar20,resnet18,19,unact,p99.0_g0.1_k20,1000,2500,42,80.4700,84.7053,0.0000,86.0316,0.0000,-1.3263,1.3263,3.602,3.602,4.9700,NVIDIA A10,4875190
cifar20,resnet18,19,unact,p99.0_g0.1_k20,25,2500,42,80.4600,84.6947,0.0000,86.0316,0.0000,-1.3368,1.3368,0.153,0.153,4.9700,NVIDIA A10,4875190
cifar20,resnet18,19,unact,p99.0_g0.1_k20,2500,2500,42,80.5200,84.7579,0.0000,86.0316,0.0000,-1.2737,1.2737,7.388,7.388,4.9700,NVIDIA A10,4875190
cifar20,resnet18,19,unact,p99.0_g0.1_k20,5,2500,42,80.6800,84.9263,0.0000,86.0316,0.0000,-1.1053,1.1053,0.072,0.072,4.9700,NVIDIA A10,4875190
cifar20,resnet18,19,unact,p99.0_g0.1_k20,50,2500,42,80.4700,84.7053,0.0000,86.0316,0.0000,-1.3263,1.3263,0.281,0.281,4.9700,NVIDIA A10,4875190
cifar20,resnet18,19,unact,p99.0_g0.1_k20,500,2500,42,80.4700,84.7053,0.0000,86.0316,0.0000,-1.3263,1.3263,1.748,1.748,4.9700,NVIDIA A10,4875190
cifar20,resnet18,3,ssd,a15.0_l1.0_b512,1,2500,42,5.0000,5.2632,0.0000,85.9053,0.0000,-80.6421,80.6421,15.308,0.093,,NVIDIA A10,4875190
cifar20,resnet18,3,ssd,a15.0_l1.0_b512,10,2500,42,63.2300,66.5579,0.0000,85.9053,0.0000,-19.3474,19.3474,15.271,0.056,,NVIDIA A10,4875190
cifar20,resnet18,3,ssd,a15.0_l1.0_b512,100,2500,42,83.3000,84.8316,54.2000,85.9053,0.0000,-1.0737,55.2737,15.288,0.073,,NVIDIA A10,4875190
cifar20,resnet18,3,ssd,a15.0_l1.0_b512,1000,2500,42,80.7400,84.9895,0.0000,85.9053,0.0000,-0.9158,0.9158,15.584,0.369,,NVIDIA A10,4875190
cifar20,resnet18,3,ssd,a15.0_l1.0_b512,25,2500,42,32.4600,34.1684,0.0000,85.9053,0.0000,-51.7368,51.7368,15.272,0.056,,NVIDIA A10,4875190
cifar20,resnet18,3,ssd,a15.0_l1.0_b512,2500,2500,42,81.2000,85.4737,0.0000,85.9053,0.0000,-0.4316,0.4316,16.074,0.859,,NVIDIA A10,4875190
cifar20,resnet18,3,ssd,a15.0_l1.0_b512,5,2500,42,14.2400,14.9895,0.0000,85.9053,0.0000,-70.9158,70.9158,15.275,0.059,,NVIDIA A10,4875190
cifar20,resnet18,3,ssd,a15.0_l1.0_b512,50,2500,42,74.5900,78.5158,0.0000,85.9053,0.0000,-7.3895,7.3895,15.278,0.063,,NVIDIA A10,4875190
cifar20,resnet18,3,ssd,a15.0_l1.0_b512,500,2500,42,81.0500,85.3158,0.0000,85.9053,0.0000,-0.5895,0.5895,15.475,0.260,,NVIDIA A10,4875190
cifar20,resnet18,3,ssd_alphagrid,a10.0_l1.0_b512,1,2500,42,5.0000,5.2632,0.0000,85.9053,0.0000,-80.6421,80.6421,15.316,0.101,,NVIDIA A10,4875190
cifar20,resnet18,3,ssd_alphagrid,a10.0_l1.0_b512,10,2500,42,52.2700,55.0211,0.0000,85.9053,0.0000,-30.8842,30.8842,15.270,0.055,,NVIDIA A10,4875190
cifar20,resnet18,3,ssd_alphagrid,a10.0_l1.0_b512,100,2500,42,79.7500,83.9474,0.0000,85.9053,0.0000,-1.9579,1.9579,15.290,0.075,,NVIDIA A10,4875190
cifar20,resnet18,3,ssd_alphagrid,a10.0_l1.0_b512,1000,2500,42,79.0200,83.1789,0.0000,85.9053,0.0000,-2.7263,2.7263,15.585,0.369,,NVIDIA A10,4875190
cifar20,resnet18,3,ssd_alphagrid,a10.0_l1.0_b512,25,2500,42,14.2800,15.0316,0.0000,85.9053,0.0000,-70.8737,70.8737,15.278,0.063,,NVIDIA A10,4875190
cifar20,resnet18,3,ssd_alphagrid,a10.0_l1.0_b512,2500,2500,42,79.7600,83.9579,0.0000,85.9053,0.0000,-1.9474,1.9474,16.075,0.860,,NVIDIA A10,4875190
cifar20,resnet18,3,ssd_alphagrid,a10.0_l1.0_b512,5,2500,42,6.7400,7.0947,0.0000,85.9053,0.0000,-78.8105,78.8105,15.277,0.062,,NVIDIA A10,4875190
cifar20,resnet18,3,ssd_alphagrid,a10.0_l1.0_b512,50,2500,42,60.9300,64.1368,0.0000,85.9053,0.0000,-21.7684,21.7684,15.278,0.063,,NVIDIA A10,4875190
cifar20,resnet18,3,ssd_alphagrid,a10.0_l1.0_b512,500,2500,42,79.1500,83.3158,0.0000,85.9053,0.0000,-2.5895,2.5895,15.477,0.261,,NVIDIA A10,4875190
cifar20,resnet18,3,ssd_alphagrid,a12.0_l1.0_b512,1,2500,42,5.0000,5.2632,0.0000,85.9053,0.0000,-80.6421,80.6421,15.312,0.097,,NVIDIA A10,4875190
cifar20,resnet18,3,ssd_alphagrid,a12.0_l1.0_b512,10,2500,42,57.0100,60.0105,0.0000,85.9053,0.0000,-25.8947,25.8947,15.270,0.055,,NVIDIA A10,4875190
cifar20,resnet18,3,ssd_alphagrid,a12.0_l1.0_b512,100,2500,42,80.3300,84.5474,0.2000,85.9053,0.0000,-1.3579,1.5579,15.285,0.070,,NVIDIA A10,4875190
cifar20,resnet18,3,ssd_alphagrid,a12.0_l1.0_b512,1000,2500,42,80.3400,84.5684,0.0000,85.9053,0.0000,-1.3368,1.3368,15.584,0.369,,NVIDIA A10,4875190
cifar20,resnet18,3,ssd_alphagrid,a12.0_l1.0_b512,25,2500,42,21.7600,22.9053,0.0000,85.9053,0.0000,-63.0000,63.0000,15.271,0.056,,NVIDIA A10,4875190
cifar20,resnet18,3,ssd_alphagrid,a12.0_l1.0_b512,2500,2500,42,80.7800,85.0316,0.0000,85.9053,0.0000,-0.8737,0.8737,16.075,0.859,,NVIDIA A10,4875190
cifar20,resnet18,3,ssd_alphagrid,a12.0_l1.0_b512,5,2500,42,9.4200,9.9158,0.0000,85.9053,0.0000,-75.9895,75.9895,15.274,0.059,,NVIDIA A10,4875190
cifar20,resnet18,3,ssd_alphagrid,a12.0_l1.0_b512,50,2500,42,68.5900,72.2000,0.0000,85.9053,0.0000,-13.7053,13.7053,15.278,0.063,,NVIDIA A10,4875190
cifar20,resnet18,3,ssd_alphagrid,a12.0_l1.0_b512,500,2500,42,80.1800,84.4000,0.0000,85.9053,0.0000,-1.5053,1.5053,15.476,0.261,,NVIDIA A10,4875190
cifar20,resnet18,3,ssd_alphagrid,a2.0_l1.0_b512,1,2500,42,5.0000,5.2632,0.0000,85.9053,0.0000,-80.6421,80.6421,15.313,0.098,,NVIDIA A10,4875190
cifar20,resnet18,3,ssd_alphagrid,a2.0_l1.0_b512,10,2500,42,7.6000,8.0000,0.0000,85.9053,0.0000,-77.9053,77.9053,15.270,0.054,,NVIDIA A10,4875190
cifar20,resnet18,3,ssd_alphagrid,a2.0_l1.0_b512,100,2500,42,42.0300,44.2421,0.0000,85.9053,0.0000,-41.6632,41.6632,15.290,0.074,,NVIDIA A10,4875190
cifar20,resnet18,3,ssd_alphagrid,a2.0_l1.0_b512,1000,2500,42,25.4900,26.8316,0.0000,85.9053,0.0000,-59.0737,59.0737,15.585,0.370,,NVIDIA A10,4875190
cifar20,resnet18,3,ssd_alphagrid,a2.0_l1.0_b512,25,2500,42,5.7200,6.0211,0.0000,85.9053,0.0000,-79.8842,79.8842,15.272,0.057,,NVIDIA A10,4875190
cifar20,resnet18,3,ssd_alphagrid,a2.0_l1.0_b512,2500,2500,42,34.8200,36.6526,0.0000,85.9053,0.0000,-49.2526,49.2526,16.082,0.866,,NVIDIA A10,4875190
cifar20,resnet18,3,ssd_alphagrid,a2.0_l1.0_b512,5,2500,42,5.0000,5.2632,0.0000,85.9053,0.0000,-80.6421,80.6421,15.274,0.059,,NVIDIA A10,4875190
cifar20,resnet18,3,ssd_alphagrid,a2.0_l1.0_b512,50,2500,42,10.4700,11.0211,0.0000,85.9053,0.0000,-74.8842,74.8842,15.278,0.063,,NVIDIA A10,4875190
cifar20,resnet18,3,ssd_alphagrid,a2.0_l1.0_b512,500,2500,42,50.5400,53.2000,0.0000,85.9053,0.0000,-32.7053,32.7053,15.482,0.267,,NVIDIA A10,4875190
cifar20,resnet18,3,ssd_alphagrid,a20.0_l1.0_b512,1,2500,42,4.7000,4.9474,0.0000,85.9053,0.0000,-80.9579,80.9579,15.308,0.093,,NVIDIA A10,4875190
cifar20,resnet18,3,ssd_alphagrid,a20.0_l1.0_b512,10,2500,42,70.4600,73.8316,6.4000,85.9053,0.0000,-12.0737,18.4737,15.270,0.055,,NVIDIA A10,4875190
cifar20,resnet18,3,ssd_alphagrid,a20.0_l1.0_b512,100,2500,42,84.5200,85.1895,71.8000,85.9053,0.0000,-0.7158,72.5158,15.288,0.072,,NVIDIA A10,4875190
cifar20,resnet18,3,ssd_alphagrid,a20.0_l1.0_b512,1000,2500,42,82.0600,85.5474,15.8000,85.9053,0.0000,-0.3579,16.1579,15.584,0.368,,NVIDIA A10,4875190
cifar20,resnet18,3,ssd_alphagrid,a20.0_l1.0_b512,25,2500,42,52.9600,55.7474,0.0000,85.9053,0.0000,-30.1579,30.1579,15.275,0.060,,NVIDIA A10,4875190
cifar20,resnet18,3,ssd_alphagrid,a20.0_l1.0_b512,2500,2500,42,85.3500,85.3263,85.8000,85.9053,0.0000,-0.5789,86.3789,16.074,0.859,,NVIDIA A10,4875190
cifar20,resnet18,3,ssd_alphagrid,a20.0_l1.0_b512,5,2500,42,18.1400,19.0947,0.0000,85.9053,0.0000,-66.8105,66.8105,15.273,0.058,,NVIDIA A10,4875190
cifar20,resnet18,3,ssd_alphagrid,a20.0_l1.0_b512,50,2500,42,78.4700,82.2000,7.6000,85.9053,0.0000,-3.7053,11.3053,15.281,0.066,,NVIDIA A10,4875190
cifar20,resnet18,3,ssd_alphagrid,a20.0_l1.0_b512,500,2500,42,84.9500,85.4842,74.8000,85.9053,0.0000,-0.4211,75.2211,15.476,0.260,,NVIDIA A10,4875190
cifar20,resnet18,3,ssd_alphagrid,a30.0_l1.0_b512,1,2500,42,5.6500,5.9474,0.0000,85.9053,0.0000,-79.9579,79.9579,15.312,0.096,,NVIDIA A10,4875190
cifar20,resnet18,3,ssd_alphagrid,a30.0_l1.0_b512,10,2500,42,80.0500,81.4421,53.6000,85.9053,0.0000,-4.4632,58.0632,15.269,0.054,,NVIDIA A10,4875190
cifar20,resnet18,3,ssd_alphagrid,a30.0_l1.0_b512,100,2500,42,85.1600,85.2211,84.0000,85.9053,0.0000,-0.6842,84.6842,15.288,0.072,,NVIDIA A10,4875190
cifar20,resnet18,3,ssd_alphagrid,a30.0_l1.0_b512,1000,2500,42,85.2900,85.3474,84.2000,85.9053,0.0000,-0.5579,84.7579,15.583,0.368,,NVIDIA A10,4875190
cifar20,resnet18,3,ssd_alphagrid,a30.0_l1.0_b512,25,2500,42,65.1100,68.5368,0.0000,85.9053,0.0000,-17.3684,17.3684,15.279,0.063,,NVIDIA A10,4875190
cifar20,resnet18,3,ssd_alphagrid,a30.0_l1.0_b512,2500,2500,42,85.3500,85.3368,85.6000,85.9053,0.0000,-0.5684,86.1684,16.073,0.858,,NVIDIA A10,4875190
cifar20,resnet18,3,ssd_alphagrid,a30.0_l1.0_b512,5,2500,42,38.7100,40.7474,0.0000,85.9053,0.0000,-45.1579,45.1579,15.274,0.058,,NVIDIA A10,4875190
cifar20,resnet18,3,ssd_alphagrid,a30.0_l1.0_b512,50,2500,42,82.9600,84.1789,59.8000,85.9053,0.0000,-1.7263,61.5263,15.278,0.063,,NVIDIA A10,4875190
cifar20,resnet18,3,ssd_alphagrid,a30.0_l1.0_b512,500,2500,42,85.2800,85.3368,84.2000,85.9053,0.0000,-0.5684,84.7684,15.480,0.265,,NVIDIA A10,4875190
cifar20,resnet18,3,ssd_alphagrid,a4.0_l1.0_b512,1,2500,42,4.9300,5.1895,0.0000,85.9053,0.0000,-80.7158,80.7158,15.315,0.100,,NVIDIA A10,4875190
cifar20,resnet18,3,ssd_alphagrid,a4.0_l1.0_b512,10,2500,42,15.2200,16.0211,0.0000,85.9053,0.0000,-69.8842,69.8842,15.270,0.055,,NVIDIA A10,4875190
cifar20,resnet18,3,ssd_alphagrid,a4.0_l1.0_b512,100,2500,42,68.0600,71.6421,0.0000,85.9053,0.0000,-14.2632,14.2632,15.289,0.074,,NVIDIA A10,4875190
cifar20,resnet18,3,ssd_alphagrid,a4.0_l1.0_b512,1000,2500,42,60.7300,63.9263,0.0000,85.9053,0.0000,-21.9789,21.9789,15.585,0.369,,NVIDIA A10,4875190
cifar20,resnet18,3,ssd_alphagrid,a4.0_l1.0_b512,25,2500,42,6.5500,6.8947,0.0000,85.9053,0.0000,-79.0105,79.0105,15.275,0.060,,NVIDIA A10,4875190
cifar20,resnet18,3,ssd_alphagrid,a4.0_l1.0_b512,2500,2500,42,65.8500,69.3158,0.0000,85.9053,0.0000,-16.5895,16.5895,16.081,0.866,,NVIDIA A10,4875190
cifar20,resnet18,3,ssd_alphagrid,a4.0_l1.0_b512,5,2500,42,5.9500,6.2632,0.0000,85.9053,0.0000,-79.6421,79.6421,15.274,0.059,,NVIDIA A10,4875190
cifar20,resnet18,3,ssd_alphagrid,a4.0_l1.0_b512,50,2500,42,27.8600,29.3263,0.0000,85.9053,0.0000,-56.5789,56.5789,15.278,0.063,,NVIDIA A10,4875190
cifar20,resnet18,3,ssd_alphagrid,a4.0_l1.0_b512,500,2500,42,69.5200,73.1789,0.0000,85.9053,0.0000,-12.7263,12.7263,15.477,0.261,,NVIDIA A10,4875190
cifar20,resnet18,3,ssd_alphagrid,a50.0_l1.0_b512,1,2500,42,6.0600,6.3789,0.0000,85.9053,0.0000,-79.5263,79.5263,15.314,0.099,,NVIDIA A10,4875190
cifar20,resnet18,3,ssd_alphagrid,a50.0_l1.0_b512,10,2500,42,83.6200,84.0105,76.2000,85.9053,0.0000,-1.8947,78.0947,15.265,0.050,,NVIDIA A10,4875190
cifar20,resnet18,3,ssd_alphagrid,a50.0_l1.0_b512,100,2500,42,85.2800,85.2947,85.0000,85.9053,0.0000,-0.6105,85.6105,15.287,0.072,,NVIDIA A10,4875190
cifar20,resnet18,3,ssd_alphagrid,a50.0_l1.0_b512,1000,2500,42,85.3500,85.3368,85.6000,85.9053,0.0000,-0.5684,86.1684,15.582,0.367,,NVIDIA A10,4875190
cifar20,resnet18,3,ssd_alphagrid,a50.0_l1.0_b512,25,2500,42,76.7000,80.3789,6.8000,85.9053,0.0000,-5.5263,12.3263,15.275,0.060,,NVIDIA A10,4875190
cifar20,resnet18,3,ssd_alphagrid,a50.0_l1.0_b512,2500,2500,42,85.3500,85.3368,85.6000,85.9053,0.0000,-0.5684,86.1684,16.074,0.858,,NVIDIA A10,4875190
cifar20,resnet18,3,ssd_alphagrid,a50.0_l1.0_b512,5,2500,42,58.6200,61.7053,0.0000,85.9053,0.0000,-24.2000,24.2000,15.274,0.059,,NVIDIA A10,4875190
cifar20,resnet18,3,ssd_alphagrid,a50.0_l1.0_b512,50,2500,42,84.5700,84.9789,76.8000,85.9053,0.0000,-0.9263,77.7263,15.277,0.062,,NVIDIA A10,4875190
cifar20,resnet18,3,ssd_alphagrid,a50.0_l1.0_b512,500,2500,42,85.2800,85.2632,85.6000,85.9053,0.0000,-0.6421,86.2421,15.478,0.262,,NVIDIA A10,4875190
cifar20,resnet18,3,ssd_alphagrid,a6.0_l1.0_b512,1,2500,42,5.0000,5.2632,0.0000,85.9053,0.0000,-80.6421,80.6421,15.312,0.097,,NVIDIA A10,4875190
cifar20,resnet18,3,ssd_alphagrid,a6.0_l1.0_b512,10,2500,42,27.8700,29.3368,0.0000,85.9053,0.0000,-56.5684,56.5684,15.270,0.055,,NVIDIA A10,4875190
cifar20,resnet18,3,ssd_alphagrid,a6.0_l1.0_b512,100,2500,42,76.5200,80.5474,0.0000,85.9053,0.0000,-5.3579,5.3579,15.297,0.081,,NVIDIA A10,4875190
cifar20,resnet18,3,ssd_alphagrid,a6.0_l1.0_b512,1000,2500,42,71.4600,75.2211,0.0000,85.9053,0.0000,-10.6842,10.6842,15.586,0.371,,NVIDIA A10,4875190
cifar20,resnet18,3,ssd_alphagrid,a6.0_l1.0_b512,25,2500,42,7.6000,8.0000,0.0000,85.9053,0.0000,-77.9053,77.9053,15.272,0.057,,NVIDIA A10,4875190
cifar20,resnet18,3,ssd_alphagrid,a6.0_l1.0_b512,2500,2500,42,74.0200,77.9158,0.0000,85.9053,0.0000,-7.9895,7.9895,16.075,0.860,,NVIDIA A10,4875190
cifar20,resnet18,3,ssd_alphagrid,a6.0_l1.0_b512,5,2500,42,5.0400,5.3053,0.0000,85.9053,0.0000,-80.6000,80.6000,15.274,0.059,,NVIDIA A10,4875190
cifar20,resnet18,3,ssd_alphagrid,a6.0_l1.0_b512,50,2500,42,48.1800,50.7158,0.0000,85.9053,0.0000,-35.1895,35.1895,15.279,0.063,,NVIDIA A10,4875190
cifar20,resnet18,3,ssd_alphagrid,a6.0_l1.0_b512,500,2500,42,75.0100,78.9579,0.0000,85.9053,0.0000,-6.9474,6.9474,15.476,0.261,,NVIDIA A10,4875190
cifar20,resnet18,3,ssd_alphagrid,a8.0_l1.0_b512,1,2500,42,5.0000,5.2632,0.0000,85.9053,0.0000,-80.6421,80.6421,15.316,0.101,,NVIDIA A10,4875190
cifar20,resnet18,3,ssd_alphagrid,a8.0_l1.0_b512,10,2500,42,41.4300,43.6105,0.0000,85.9053,0.0000,-42.2947,42.2947,15.270,0.055,,NVIDIA A10,4875190
cifar20,resnet18,3,ssd_alphagrid,a8.0_l1.0_b512,100,2500,42,78.3700,82.4947,0.0000,85.9053,0.0000,-3.4105,3.4105,15.288,0.073,,NVIDIA A10,4875190
cifar20,resnet18,3,ssd_alphagrid,a8.0_l1.0_b512,1000,2500,42,75.7900,79.7789,0.0000,85.9053,0.0000,-6.1263,6.1263,15.585,0.369,,NVIDIA A10,4875190
cifar20,resnet18,3,ssd_alphagrid,a8.0_l1.0_b512,25,2500,42,9.6500,10.1579,0.0000,85.9053,0.0000,-75.7474,75.7474,15.272,0.056,,NVIDIA A10,4875190
cifar20,resnet18,3,ssd_alphagrid,a8.0_l1.0_b512,2500,2500,42,77.8100,81.9053,0.0000,85.9053,0.0000,-4.0000,4.0000,16.075,0.860,,NVIDIA A10,4875190
cifar20,resnet18,3,ssd_alphagrid,a8.0_l1.0_b512,5,2500,42,6.2200,6.5474,0.0000,85.9053,0.0000,-79.3579,79.3579,15.274,0.059,,NVIDIA A10,4875190
cifar20,resnet18,3,ssd_alphagrid,a8.0_l1.0_b512,50,2500,42,57.4600,60.4842,0.0000,85.9053,0.0000,-25.4211,25.4211,15.282,0.067,,NVIDIA A10,4875190
cifar20,resnet18,3,ssd_alphagrid,a8.0_l1.0_b512,500,2500,42,77.8900,81.9895,0.0000,85.9053,0.0000,-3.9158,3.9158,15.481,0.266,,NVIDIA A10,4875190
cifar20,resnet18,3,unact,p99.0_g0.1_k20,1,2500,42,80.1300,83.8105,10.2000,85.9053,0.0000,-2.0947,12.2947,0.264,0.264,4.9700,NVIDIA A10,4875190
cifar20,resnet18,3,unact,p99.0_g0.1_k20,10,2500,42,80.9500,85.2105,0.0000,85.9053,0.0000,-0.6947,0.6947,0.143,0.143,4.9700,NVIDIA A10,4875190
cifar20,resnet18,3,unact,p99.0_g0.1_k20,100,2500,42,80.9700,85.2316,0.0000,85.9053,0.0000,-0.6737,0.6737,0.560,0.560,4.9700,NVIDIA A10,4875190
cifar20,resnet18,3,unact,p99.0_g0.1_k20,1000,2500,42,81.0100,85.2737,0.0000,85.9053,0.0000,-0.6316,0.6316,3.279,3.279,4.9700,NVIDIA A10,4875190
cifar20,resnet18,3,unact,p99.0_g0.1_k20,25,2500,42,80.9100,85.1684,0.0000,85.9053,0.0000,-0.7368,0.7368,0.163,0.163,4.9700,NVIDIA A10,4875190
cifar20,resnet18,3,unact,p99.0_g0.1_k20,2500,2500,42,81.0100,85.2737,0.0000,85.9053,0.0000,-0.6316,0.6316,7.699,7.699,4.9700,NVIDIA A10,4875190
cifar20,resnet18,3,unact,p99.0_g0.1_k20,5,2500,42,81.0200,85.2842,0.0000,85.9053,0.0000,-0.6211,0.6211,0.117,0.117,4.9700,NVIDIA A10,4875190
cifar20,resnet18,3,unact,p99.0_g0.1_k20,50,2500,42,80.9800,85.2421,0.0000,85.9053,0.0000,-0.6632,0.6632,0.256,0.256,4.9700,NVIDIA A10,4875190
cifar20,resnet18,3,unact,p99.0_g0.1_k20,500,2500,42,80.8800,85.1368,0.0000,85.9053,0.0000,-0.7684,0.7684,2.240,2.240,4.9700,NVIDIA A10,4875190
cifar20,resnet18,4,ssd,a15.0_l1.0_b512,1,2500,42,85.3500,85.2105,88.0000,85.5579,0.0000,-0.3474,88.3474,20.822,0.038,,NVIDIA A10,4875190
cifar20,resnet18,4,ssd,a15.0_l1.0_b512,10,2500,42,85.3300,85.1895,88.0000,85.5579,0.0000,-0.3684,88.3684,20.823,0.038,,NVIDIA A10,4875190
cifar20,resnet18,4,ssd,a15.0_l1.0_b512,100,2500,42,85.0900,85.2000,83.0000,85.5579,0.0000,-0.3579,83.3579,20.843,0.059,,NVIDIA A10,4875190
cifar20,resnet18,4,ssd,a15.0_l1.0_b512,1000,2500,42,84.5500,85.5368,65.8000,85.5579,0.0000,-0.0211,65.8211,21.214,0.429,,NVIDIA A10,4875190
cifar20,resnet18,4,ssd,a15.0_l1.0_b512,25,2500,42,85.3600,85.2211,88.0000,85.5579,0.0000,-0.3368,88.3368,20.825,0.040,,NVIDIA A10,4875190
cifar20,resnet18,4,ssd,a15.0_l1.0_b512,2500,2500,42,81.2900,85.5684,0.0000,85.5579,0.0000,+0.0105,0.0105,21.686,0.902,,NVIDIA A10,4875190
cifar20,resnet18,4,ssd,a15.0_l1.0_b512,5,2500,42,85.3500,85.2105,88.0000,85.5579,0.0000,-0.3474,88.3474,20.825,0.040,,NVIDIA A10,4875190
cifar20,resnet18,4,ssd,a15.0_l1.0_b512,50,2500,42,85.1500,85.0632,86.8000,85.5579,0.0000,-0.4947,87.2947,20.827,0.043,,NVIDIA A10,4875190
cifar20,resnet18,4,ssd,a15.0_l1.0_b512,500,2500,42,85.3400,85.2526,87.0000,85.5579,0.0000,-0.3053,87.3053,21.105,0.321,,NVIDIA A10,4875190
cifar20,resnet18,4,ssd_alphagrid,a10.0_l1.0_b512,1,2500,42,85.3500,85.2105,88.0000,85.5579,0.0000,-0.3474,88.3474,20.822,0.037,,NVIDIA A10,4875190
cifar20,resnet18,4,ssd_alphagrid,a10.0_l1.0_b512,10,2500,42,85.3900,85.2526,88.0000,85.5579,0.0000,-0.3053,88.3053,20.817,0.032,,NVIDIA A10,4875190
cifar20,resnet18,4,ssd_alphagrid,a10.0_l1.0_b512,100,2500,42,83.2700,85.1579,47.4000,85.5579,0.0000,-0.4000,47.8000,20.843,0.058,,NVIDIA A10,4875190
cifar20,resnet18,4,ssd_alphagrid,a10.0_l1.0_b512,1000,2500,42,81.1900,85.4632,0.0000,85.5579,0.0000,-0.0947,0.0947,21.214,0.430,,NVIDIA A10,4875190
cifar20,resnet18,4,ssd_alphagrid,a10.0_l1.0_b512,25,2500,42,85.3500,85.2105,88.0000,85.5579,0.0000,-0.3474,88.3474,20.825,0.040,,NVIDIA A10,4875190
cifar20,resnet18,4,ssd_alphagrid,a10.0_l1.0_b512,2500,2500,42,81.3500,85.6316,0.0000,85.5579,0.0000,+0.0737,0.0737,21.691,0.907,,NVIDIA A10,4875190
cifar20,resnet18,4,ssd_alphagrid,a10.0_l1.0_b512,5,2500,42,85.3600,85.2211,88.0000,85.5579,0.0000,-0.3368,88.3368,20.825,0.040,,NVIDIA A10,4875190
cifar20,resnet18,4,ssd_alphagrid,a10.0_l1.0_b512,50,2500,42,84.9400,84.9895,84.0000,85.5579,0.0000,-0.5684,84.5684,20.827,0.042,,NVIDIA A10,4875190
cifar20,resnet18,4,ssd_alphagrid,a10.0_l1.0_b512,500,2500,42,81.2100,85.4842,0.0000,85.5579,0.0000,-0.0737,0.0737,21.106,0.321,,NVIDIA A10,4875190
cifar20,resnet18,4,ssd_alphagrid,a12.0_l1.0_b512,1,2500,42,85.3500,85.2105,88.0000,85.5579,0.0000,-0.3474,88.3474,20.818,0.034,,NVIDIA A10,4875190
cifar20,resnet18,4,ssd_alphagrid,a12.0_l1.0_b512,10,2500,42,85.3600,85.2211,88.0000,85.5579,0.0000,-0.3368,88.3368,20.820,0.035,,NVIDIA A10,4875190
cifar20,resnet18,4,ssd_alphagrid,a12.0_l1.0_b512,100,2500,42,84.5900,85.2842,71.4000,85.5579,0.0000,-0.2737,71.6737,20.843,0.058,,NVIDIA A10,4875190
cifar20,resnet18,4,ssd_alphagrid,a12.0_l1.0_b512,1000,2500,42,81.3000,85.5684,0.2000,85.5579,0.0000,+0.0105,0.2105,21.223,0.438,,NVIDIA A10,4875190
cifar20,resnet18,4,ssd_alphagrid,a12.0_l1.0_b512,25,2500,42,85.3500,85.2105,88.0000,85.5579,0.0000,-0.3474,88.3474,20.825,0.040,,NVIDIA A10,4875190
cifar20,resnet18,4,ssd_alphagrid,a12.0_l1.0_b512,2500,2500,42,81.3100,85.5895,0.0000,85.5579,0.0000,+0.0316,0.0316,21.686,0.901,,NVIDIA A10,4875190
cifar20,resnet18,4,ssd_alphagrid,a12.0_l1.0_b512,5,2500,42,85.3600,85.2211,88.0000,85.5579,0.0000,-0.3368,88.3368,20.825,0.040,,NVIDIA A10,4875190
cifar20,resnet18,4,ssd_alphagrid,a12.0_l1.0_b512,50,2500,42,85.0200,84.9789,85.8000,85.5579,0.0000,-0.5789,86.3789,20.827,0.042,,NVIDIA A10,4875190
cifar20,resnet18,4,ssd_alphagrid,a12.0_l1.0_b512,500,2500,42,84.2200,85.4947,60.0000,85.5579,0.0000,-0.0632,60.0632,21.105,0.321,,NVIDIA A10,4875190
cifar20,resnet18,4,ssd_alphagrid,a2.0_l1.0_b512,1,2500,42,85.3500,85.2105,88.0000,85.5579,0.0000,-0.3474,88.3474,20.821,0.036,,NVIDIA A10,4875190
cifar20,resnet18,4,ssd_alphagrid,a2.0_l1.0_b512,10,2500,42,85.3200,85.3368,85.0000,85.5579,0.0000,-0.2211,85.2211,20.817,0.032,,NVIDIA A10,4875190
cifar20,resnet18,4,ssd_alphagrid,a2.0_l1.0_b512,100,2500,42,76.8000,80.8421,0.0000,85.5579,0.0000,-4.7158,4.7158,20.844,0.059,,NVIDIA A10,4875190
cifar20,resnet18,4,ssd_alphagrid,a2.0_l1.0_b512,1000,2500,42,78.4900,82.6211,0.0000,85.5579,0.0000,-2.9368,2.9368,21.215,0.431,,NVIDIA A10,4875190
cifar20,resnet18,4,ssd_alphagrid,a2.0_l1.0_b512,25,2500,42,85.2200,85.2632,84.4000,85.5579,0.0000,-0.2947,84.6947,20.829,0.044,,NVIDIA A10,4875190
cifar20,resnet18,4,ssd_alphagrid,a2.0_l1.0_b512,2500,2500,42,75.4500,79.4211,0.0000,85.5579,0.0000,-6.1368,6.1368,21.687,0.903,,NVIDIA A10,4875190
cifar20,resnet18,4,ssd_alphagrid,a2.0_l1.0_b512,5,2500,42,85.3200,85.2000,87.6000,85.5579,0.0000,-0.3579,87.9579,20.825,0.040,,NVIDIA A10,4875190
cifar20,resnet18,4,ssd_alphagrid,a2.0_l1.0_b512,50,2500,42,69.5400,73.2000,0.0000,85.5579,0.0000,-12.3579,12.3579,20.827,0.043,,NVIDIA A10,4875190
cifar20,resnet18,4,ssd_alphagrid,a2.0_l1.0_b512,500,2500,42,79.7500,83.9474,0.0000,85.5579,0.0000,-1.6105,1.6105,21.113,0.328,,NVIDIA A10,4875190
cifar20,resnet18,4,ssd_alphagrid,a20.0_l1.0_b512,1,2500,42,85.3500,85.2105,88.0000,85.5579,0.0000,-0.3474,88.3474,20.822,0.037,,NVIDIA A10,4875190
cifar20,resnet18,4,ssd_alphagrid,a20.0_l1.0_b512,10,2500,42,85.3100,85.1684,88.0000,85.5579,0.0000,-0.3895,88.3895,20.817,0.032,,NVIDIA A10,4875190
cifar20,resnet18,4,ssd_alphagrid,a20.0_l1.0_b512,100,2500,42,85.2900,85.2421,86.2000,85.5579,0.0000,-0.3158,86.5158,20.843,0.058,,NVIDIA A10,4875190
cifar20,resnet18,4,ssd_alphagrid,a20.0_l1.0_b512,1000,2500,42,85.3300,85.2105,87.6000,85.5579,0.0000,-0.3474,87.9474,21.214,0.429,,NVIDIA A10,4875190
cifar20,resnet18,4,ssd_alphagrid,a20.0_l1.0_b512,25,2500,42,85.3600,85.2211,88.0000,85.5579,0.0000,-0.3368,88.3368,20.825,0.040,,NVIDIA A10,4875190
cifar20,resnet18,4,ssd_alphagrid,a20.0_l1.0_b512,2500,2500,42,85.3500,85.2105,88.0000,85.5579,0.0000,-0.3474,88.3474,21.688,0.904,,NVIDIA A10,4875190
cifar20,resnet18,4,ssd_alphagrid,a20.0_l1.0_b512,5,2500,42,85.3500,85.2105,88.0000,85.5579,0.0000,-0.3474,88.3474,20.825,0.040,,NVIDIA A10,4875190
cifar20,resnet18,4,ssd_alphagrid,a20.0_l1.0_b512,50,2500,42,85.1700,85.0105,88.2000,85.5579,0.0000,-0.5474,88.7474,20.827,0.042,,NVIDIA A10,4875190
cifar20,resnet18,4,ssd_alphagrid,a20.0_l1.0_b512,500,2500,42,85.2900,85.1684,87.6000,85.5579,0.0000,-0.3895,87.9895,21.106,0.321,,NVIDIA A10,4875190
cifar20,resnet18,4,ssd_alphagrid,a30.0_l1.0_b512,1,2500,42,85.3500,85.2105,88.0000,85.5579,0.0000,-0.3474,88.3474,20.822,0.037,,NVIDIA A10,4875190
cifar20,resnet18,4,ssd_alphagrid,a30.0_l1.0_b512,10,2500,42,85.3200,85.1789,88.0000,85.5579,0.0000,-0.3789,88.3789,20.822,0.038,,NVIDIA A10,4875190
cifar20,resnet18,4,ssd_alphagrid,a30.0_l1.0_b512,100,2500,42,85.2800,85.2421,86.0000,85.5579,0.0000,-0.3158,86.3158,20.842,0.058,,NVIDIA A10,4875190
cifar20,resnet18,4,ssd_alphagrid,a30.0_l1.0_b512,1000,2500,42,85.3300,85.1895,88.0000,85.5579,0.0000,-0.3684,88.3684,21.217,0.432,,NVIDIA A10,4875190
cifar20,resnet18,4,ssd_alphagrid,a30.0_l1.0_b512,25,2500,42,85.3400,85.2000,88.0000,85.5579,0.0000,-0.3579,88.3579,20.825,0.041,,NVIDIA A10,4875190
cifar20,resnet18,4,ssd_alphagrid,a30.0_l1.0_b512,2500,2500,42,85.3500,85.2105,88.0000,85.5579,0.0000,-0.3474,88.3474,21.685,0.901,,NVIDIA A10,4875190
cifar20,resnet18,4,ssd_alphagrid,a30.0_l1.0_b512,5,2500,42,85.3500,85.2105,88.0000,85.5579,0.0000,-0.3474,88.3474,20.825,0.040,,NVIDIA A10,4875190
cifar20,resnet18,4,ssd_alphagrid,a30.0_l1.0_b512,50,2500,42,85.2900,85.1579,87.8000,85.5579,0.0000,-0.4000,88.2000,20.826,0.041,,NVIDIA A10,4875190
cifar20,resnet18,4,ssd_alphagrid,a30.0_l1.0_b512,500,2500,42,85.3300,85.2000,87.8000,85.5579,0.0000,-0.3579,88.1579,21.105,0.320,,NVIDIA A10,4875190
cifar20,resnet18,4,ssd_alphagrid,a4.0_l1.0_b512,1,2500,42,85.3500,85.2105,88.0000,85.5579,0.0000,-0.3474,88.3474,20.821,0.037,,NVIDIA A10,4875190
cifar20,resnet18,4,ssd_alphagrid,a4.0_l1.0_b512,10,2500,42,85.4300,85.3684,86.6000,85.5579,0.0000,-0.1895,86.7895,20.817,0.032,,NVIDIA A10,4875190
cifar20,resnet18,4,ssd_alphagrid,a4.0_l1.0_b512,100,2500,42,79.8800,84.0842,0.0000,85.5579,0.0000,-1.4737,1.4737,20.844,0.059,,NVIDIA A10,4875190
cifar20,resnet18,4,ssd_alphagrid,a4.0_l1.0_b512,1000,2500,42,80.5600,84.8000,0.0000,85.5579,0.0000,-0.7579,0.7579,21.215,0.431,,NVIDIA A10,4875190
cifar20,resnet18,4,ssd_alphagrid,a4.0_l1.0_b512,25,2500,42,85.3100,85.2105,87.2000,85.5579,0.0000,-0.3474,87.5474,20.829,0.044,,NVIDIA A10,4875190
cifar20,resnet18,4,ssd_alphagrid,a4.0_l1.0_b512,2500,2500,42,80.0500,84.2632,0.0000,85.5579,0.0000,-1.2947,1.2947,21.692,0.907,,NVIDIA A10,4875190
cifar20,resnet18,4,ssd_alphagrid,a4.0_l1.0_b512,5,2500,42,85.3300,85.1895,88.0000,85.5579,0.0000,-0.3684,88.3684,20.825,0.041,,NVIDIA A10,4875190
cifar20,resnet18,4,ssd_alphagrid,a4.0_l1.0_b512,50,2500,42,78.7100,82.8421,0.2000,85.5579,0.0000,-2.7158,2.9158,20.827,0.043,,NVIDIA A10,4875190
cifar20,resnet18,4,ssd_alphagrid,a4.0_l1.0_b512,500,2500,42,80.8600,85.1158,0.0000,85.5579,0.0000,-0.4421,0.4421,21.112,0.327,,NVIDIA A10,4875190
cifar20,resnet18,4,ssd_alphagrid,a50.0_l1.0_b512,1,2500,42,85.3500,85.2105,88.0000,85.5579,0.0000,-0.3474,88.3474,20.823,0.039,,NVIDIA A10,4875190
cifar20,resnet18,4,ssd_alphagrid,a50.0_l1.0_b512,10,2500,42,85.3400,85.2000,88.0000,85.5579,0.0000,-0.3579,88.3579,20.817,0.032,,NVIDIA A10,4875190
cifar20,resnet18,4,ssd_alphagrid,a50.0_l1.0_b512,100,2500,42,85.3500,85.2737,86.8000,85.5579,0.0000,-0.2842,87.0842,20.842,0.058,,NVIDIA A10,4875190
cifar20,resnet18,4,ssd_alphagrid,a50.0_l1.0_b512,1000,2500,42,85.3500,85.2105,88.0000,85.5579,0.0000,-0.3474,88.3474,21.214,0.429,,NVIDIA A10,4875190
cifar20,resnet18,4,ssd_alphagrid,a50.0_l1.0_b512,25,2500,42,85.3400,85.2000,88.0000,85.5579,0.0000,-0.3579,88.3579,20.828,0.043,,NVIDIA A10,4875190
cifar20,resnet18,4,ssd_alphagrid,a50.0_l1.0_b512,2500,2500,42,85.3500,85.2105,88.0000,85.5579,0.0000,-0.3474,88.3474,21.685,0.900,,NVIDIA A10,4875190
cifar20,resnet18,4,ssd_alphagrid,a50.0_l1.0_b512,5,2500,42,85.3500,85.2105,88.0000,85.5579,0.0000,-0.3474,88.3474,20.830,0.045,,NVIDIA A10,4875190
cifar20,resnet18,4,ssd_alphagrid,a50.0_l1.0_b512,50,2500,42,85.3900,85.2737,87.6000,85.5579,0.0000,-0.2842,87.8842,20.826,0.041,,NVIDIA A10,4875190
cifar20,resnet18,4,ssd_alphagrid,a50.0_l1.0_b512,500,2500,42,85.3400,85.2000,88.0000,85.5579,0.0000,-0.3579,88.3579,21.105,0.320,,NVIDIA A10,4875190
cifar20,resnet18,4,ssd_alphagrid,a6.0_l1.0_b512,1,2500,42,85.3500,85.2105,88.0000,85.5579,0.0000,-0.3474,88.3474,20.822,0.038,,NVIDIA A10,4875190
cifar20,resnet18,4,ssd_alphagrid,a6.0_l1.0_b512,10,2500,42,85.4400,85.3474,87.2000,85.5579,0.0000,-0.2105,87.4105,20.818,0.033,,NVIDIA A10,4875190
cifar20,resnet18,4,ssd_alphagrid,a6.0_l1.0_b512,100,2500,42,80.3700,84.5895,0.2000,85.5579,0.0000,-0.9684,1.1684,20.847,0.062,,NVIDIA A10,4875190
cifar20,resnet18,4,ssd_alphagrid,a6.0_l1.0_b512,1000,2500,42,81.0000,85.2632,0.0000,85.5579,0.0000,-0.2947,0.2947,21.214,0.430,,NVIDIA A10,4875190
cifar20,resnet18,4,ssd_alphagrid,a6.0_l1.0_b512,25,2500,42,85.3300,85.2000,87.8000,85.5579,0.0000,-0.3579,88.1579,20.825,0.041,,NVIDIA A10,4875190
cifar20,resnet18,4,ssd_alphagrid,a6.0_l1.0_b512,2500,2500,42,80.8900,85.1474,0.0000,85.5579,0.0000,-0.4105,0.4105,21.688,0.903,,NVIDIA A10,4875190
cifar20,resnet18,4,ssd_alphagrid,a6.0_l1.0_b512,5,2500,42,85.3300,85.2000,87.8000,85.5579,0.0000,-0.3579,88.1579,20.825,0.040,,NVIDIA A10,4875190
cifar20,resnet18,4,ssd_alphagrid,a6.0_l1.0_b512,50,2500,42,83.6000,84.6211,64.2000,85.5579,0.0000,-0.9368,65.1368,20.827,0.042,,NVIDIA A10,4875190
cifar20,resnet18,4,ssd_alphagrid,a6.0_l1.0_b512,500,2500,42,80.9800,85.2421,0.0000,85.5579,0.0000,-0.3158,0.3158,21.109,0.325,,NVIDIA A10,4875190
cifar20,resnet18,4,ssd_alphagrid,a8.0_l1.0_b512,1,2500,42,85.3500,85.2105,88.0000,85.5579,0.0000,-0.3474,88.3474,20.822,0.037,,NVIDIA A10,4875190
cifar20,resnet18,4,ssd_alphagrid,a8.0_l1.0_b512,10,2500,42,85.3800,85.2421,88.0000,85.5579,0.0000,-0.3158,88.3158,20.817,0.032,,NVIDIA A10,4875190
cifar20,resnet18,4,ssd_alphagrid,a8.0_l1.0_b512,100,2500,42,82.3200,85.2105,27.4000,85.5579,0.0000,-0.3474,27.7474,20.843,0.059,,NVIDIA A10,4875190
cifar20,resnet18,4,ssd_alphagrid,a8.0_l1.0_b512,1000,2500,42,81.1500,85.4211,0.0000,85.5579,0.0000,-0.1368,0.1368,21.215,0.430,,NVIDIA A10,4875190
cifar20,resnet18,4,ssd_alphagrid,a8.0_l1.0_b512,25,2500,42,85.3200,85.1789,88.0000,85.5579,0.0000,-0.3789,88.3789,20.825,0.040,,NVIDIA A10,4875190
cifar20,resnet18,4,ssd_alphagrid,a8.0_l1.0_b512,2500,2500,42,81.2100,85.4842,0.0000,85.5579,0.0000,-0.0737,0.0737,21.686,0.902,,NVIDIA A10,4875190
cifar20,resnet18,4,ssd_alphagrid,a8.0_l1.0_b512,5,2500,42,85.3500,85.2105,88.0000,85.5579,0.0000,-0.3474,88.3474,20.826,0.041,,NVIDIA A10,4875190
cifar20,resnet18,4,ssd_alphagrid,a8.0_l1.0_b512,50,2500,42,84.6700,85.0316,77.8000,85.5579,0.0000,-0.5263,78.3263,20.830,0.046,,NVIDIA A10,4875190
cifar20,resnet18,4,ssd_alphagrid,a8.0_l1.0_b512,500,2500,42,81.1500,85.4211,0.0000,85.5579,0.0000,-0.1368,0.1368,21.106,0.321,,NVIDIA A10,4875190
cifar20,resnet18,4,unact,p99.0_g0.1_k20,1,2500,42,81.1700,85.1895,4.8000,85.5579,0.0000,-0.3684,5.1684,0.084,0.084,3.6861,NVIDIA A10,4875190
cifar20,resnet18,4,unact,p99.0_g0.1_k20,10,2500,42,80.5500,84.7895,0.0000,85.5579,0.0000,-0.7684,0.7684,0.104,0.104,4.8872,NVIDIA A10,4875190
cifar20,resnet18,4,unact,p99.0_g0.1_k20,100,2500,42,80.6200,84.8632,0.0000,85.5579,0.0000,-0.6947,0.6947,0.445,0.445,4.9286,NVIDIA A10,4875190
cifar20,resnet18,4,unact,p99.0_g0.1_k20,1000,2500,42,80.6100,84.8526,0.0000,85.5579,0.0000,-0.7053,0.7053,3.451,3.451,4.9700,NVIDIA A10,4875190
cifar20,resnet18,4,unact,p99.0_g0.1_k20,25,2500,42,80.5800,84.8211,0.0000,85.5579,0.0000,-0.7368,0.7368,0.149,0.149,4.9286,NVIDIA A10,4875190
cifar20,resnet18,4,unact,p99.0_g0.1_k20,2500,2500,42,80.5000,84.7368,0.0000,85.5579,0.0000,-0.8211,0.8211,7.928,7.928,4.9700,NVIDIA A10,4875190
cifar20,resnet18,4,unact,p99.0_g0.1_k20,5,2500,42,80.9300,85.1895,0.0000,85.5579,0.0000,-0.3684,0.3684,0.118,0.118,4.9286,NVIDIA A10,4875190
cifar20,resnet18,4,unact,p99.0_g0.1_k20,50,2500,42,80.6000,84.8421,0.0000,85.5579,0.0000,-0.7158,0.7158,0.259,0.259,4.9286,NVIDIA A10,4875190
cifar20,resnet18,4,unact,p99.0_g0.1_k20,500,2500,42,80.5500,84.7895,0.0000,85.5579,0.0000,-0.7684,0.7684,2.027,2.027,4.9700,NVIDIA A10,4875190
