dataset,arch,scope,forget_class,percentile,gamma,iters,seed,base_overall,base_retain,base_forget,post_overall,post_retain,post_forget,gold_retain,gold_forget,gap_retain,units_per_round,cum_units,cum_coverage_pct,coverage_bound_pct,overlap_prev,params_damped_pct,method_time_s,eval_device,git_commit
cifar10,resnet18,layer4_last,0,50.0,0.01,1,42,94.9700,94.8667,95.9000,84.9900,94.4333,0.0000,95.1222,0.0000,-0.6889,256,256,50.00,50.00,-1,16.3317,0.562,NVIDIA L4,4875190
cifar10,resnet18,layer4_last,0,50.0,0.01,10,42,94.9700,94.8667,95.9000,83.6600,92.9556,0.0000,95.1222,0.0000,-2.1667,256,392,76.56,100.00,253,16.3317,5.602,NVIDIA L4,4875190
cifar10,resnet18,layer4_last,0,50.0,0.01,20,42,94.9700,94.8667,95.9000,83.3000,92.5556,0.0000,95.1222,0.0000,-2.5667,256,395,77.15,100.00,256,16.3317,11.221,NVIDIA L4,4875190
cifar10,resnet18,layer4_last,0,50.0,0.01,5,42,94.9700,94.8667,95.9000,83.9000,93.2222,0.0000,95.1222,0.0000,-1.9000,256,377,73.63,100.00,245,16.3317,2.799,NVIDIA L4,4875190
cifar10,resnet18,layer4_last,0,50.0,0.03,1,42,94.9700,94.8667,95.9000,85.0000,94.4444,0.0000,95.1222,0.0000,-0.6778,256,256,50.00,50.00,-1,16.3317,0.560,NVIDIA L4,4875190
cifar10,resnet18,layer4_last,0,50.0,0.03,10,42,94.9700,94.8667,95.9000,83.9400,93.2667,0.0000,95.1222,0.0000,-1.8556,256,388,75.78,100.00,252,16.3317,5.522,NVIDIA L4,4875190
cifar10,resnet18,layer4_last,0,50.0,0.03,20,42,94.9700,94.8667,95.9000,83.3100,92.5667,0.0000,95.1222,0.0000,-2.5556,256,395,77.15,100.00,256,16.3317,11.154,NVIDIA L4,4875190
cifar10,resnet18,layer4_last,0,50.0,0.03,5,42,94.9700,94.8667,95.9000,84.0100,93.3444,0.0000,95.1222,0.0000,-1.7778,256,372,72.66,100.00,235,16.3317,2.761,NVIDIA L4,4875190
cifar10,resnet18,layer4_last,0,50.0,0.1,1,42,94.9700,94.8667,95.9000,86.3000,94.4667,12.8000,95.1222,0.0000,-0.6556,256,256,50.00,50.00,-1,16.3317,0.547,NVIDIA L4,4875190
cifar10,resnet18,layer4_last,0,50.0,0.1,10,42,94.9700,94.8667,95.9000,84.0000,93.3333,0.0000,95.1222,0.0000,-1.7889,256,382,74.61,100.00,252,16.3317,5.552,NVIDIA L4,4875190
cifar10,resnet18,layer4_last,0,50.0,0.1,20,42,94.9700,94.8667,95.9000,83.3100,92.5667,0.0000,95.1222,0.0000,-2.5556,256,395,77.15,100.00,256,16.3317,11.168,NVIDIA L4,4875190
cifar10,resnet18,layer4_last,0,50.0,0.1,5,42,94.9700,94.8667,95.9000,83.9100,93.2333,0.0000,95.1222,0.0000,-1.8889,256,356,69.53,100.00,231,16.3317,2.762,NVIDIA L4,4875190
cifar10,resnet18,layer4_last,0,50.0,0.3,1,42,94.9700,94.8667,95.9000,91.0800,94.6778,58.7000,95.1222,0.0000,-0.4444,256,256,50.00,50.00,-1,16.0423,0.537,NVIDIA L4,4875190
cifar10,resnet18,layer4_last,0,50.0,0.3,10,42,94.9700,94.8667,95.9000,84.2500,93.6111,0.0000,95.1222,0.0000,-1.5111,256,367,71.68,100.00,242,16.0423,5.438,NVIDIA L4,4875190
cifar10,resnet18,layer4_last,0,50.0,0.3,20,42,94.9700,94.8667,95.9000,84.0300,93.3667,0.0000,95.1222,0.0000,-1.7556,256,388,75.78,100.00,254,16.0423,10.932,NVIDIA L4,4875190
cifar10,resnet18,layer4_last,0,50.0,0.3,5,42,94.9700,94.8667,95.9000,84.6000,94.0000,0.0000,95.1222,0.0000,-1.1222,256,333,65.04,100.00,230,16.0423,2.737,NVIDIA L4,4875190
cifar10,resnet18,layer4_last,0,50.0,0.5,1,42,94.9700,94.8667,95.9000,93.4800,94.9778,80.0000,95.1222,0.0000,-0.1444,256,256,50.00,50.00,-1,15.5875,3.255,NVIDIA L4,4875190
cifar10,resnet18,layer4_last,0,50.0,0.5,10,42,94.9700,94.8667,95.9000,84.2200,93.5778,0.0000,95.1222,0.0000,-1.5444,256,347,67.77,100.00,238,15.5875,8.216,NVIDIA L4,4875190
cifar10,resnet18,layer4_last,0,50.0,0.5,20,42,94.9700,94.8667,95.9000,84.0400,93.3778,0.0000,95.1222,0.0000,-1.7444,256,377,73.63,100.00,251,15.5875,13.699,NVIDIA L4,4875190
cifar10,resnet18,layer4_last,0,50.0,0.5,5,42,94.9700,94.8667,95.9000,84.8100,94.2333,0.0000,95.1222,0.0000,-0.8889,256,312,60.94,100.00,228,15.5875,5.466,NVIDIA L4,4875190
cifar10,resnet18,layer4_last,0,75.0,0.01,1,42,94.9700,94.8667,95.9000,85.6800,95.2000,0.0000,95.1222,0.0000,+0.0778,128,128,25.00,25.00,-1,10.5019,0.695,NVIDIA L4,4875190
cifar10,resnet18,layer4_last,0,75.0,0.01,10,42,94.9700,94.8667,95.9000,84.9900,94.4333,0.0000,95.1222,0.0000,-0.6889,128,254,49.61,100.00,126,10.5019,7.831,NVIDIA L4,4875190
cifar10,resnet18,layer4_last,0,75.0,0.01,20,42,94.9700,94.8667,95.9000,84.9900,94.4333,0.0000,95.1222,0.0000,-0.6889,128,254,49.61,100.00,128,10.5019,16.416,NVIDIA L4,4875190
cifar10,resnet18,layer4_last,0,75.0,0.01,5,42,94.9700,94.8667,95.9000,85.0500,94.5000,0.0000,95.1222,0.0000,-0.6222,128,243,47.46,100.00,116,10.5019,3.893,NVIDIA L4,4875190
cifar10,resnet18,layer4_last,0,75.0,0.03,1,42,94.9700,94.8667,95.9000,85.6800,95.2000,0.0000,95.1222,0.0000,+0.0778,128,128,25.00,25.00,-1,10.5019,0.825,NVIDIA L4,4875190
cifar10,resnet18,layer4_last,0,75.0,0.03,10,42,94.9700,94.8667,95.9000,84.9900,94.4333,0.0000,95.1222,0.0000,-0.6889,128,254,49.61,100.00,126,10.5019,7.416,NVIDIA L4,4875190
cifar10,resnet18,layer4_last,0,75.0,0.03,20,42,94.9700,94.8667,95.9000,84.9900,94.4333,0.0000,95.1222,0.0000,-0.6889,128,254,49.61,100.00,128,10.5019,14.962,NVIDIA L4,4875190
cifar10,resnet18,layer4_last,0,75.0,0.03,5,42,94.9700,94.8667,95.9000,85.1900,94.6556,0.0000,95.1222,0.0000,-0.4667,128,240,46.88,100.00,116,10.5019,3.927,NVIDIA L4,4875190
cifar10,resnet18,layer4_last,0,75.0,0.1,1,42,94.9700,94.8667,95.9000,85.6900,95.2000,0.1000,95.1222,0.0000,+0.0778,128,128,25.00,25.00,-1,10.5019,0.582,NVIDIA L4,4875190
cifar10,resnet18,layer4_last,0,75.0,0.1,10,42,94.9700,94.8667,95.9000,85.0200,94.4667,0.0000,95.1222,0.0000,-0.6556,128,249,48.63,100.00,124,10.5019,6.475,NVIDIA L4,4875190
cifar10,resnet18,layer4_last,0,75.0,0.1,20,42,94.9700,94.8667,95.9000,85.0000,94.4444,0.0000,95.1222,0.0000,-0.6778,128,254,49.61,100.00,127,10.5019,13.595,NVIDIA L4,4875190
cifar10,resnet18,layer4_last,0,75.0,0.1,5,42,94.9700,94.8667,95.9000,85.3800,94.8667,0.0000,95.1222,0.0000,-0.2556,128,229,44.73,100.00,108,10.5019,3.022,NVIDIA L4,4875190
cifar10,resnet18,layer4_last,0,75.0,0.3,1,42,94.9700,94.8667,95.9000,88.5700,95.2111,28.8000,95.1222,0.0000,+0.0889,128,128,25.00,25.00,-1,10.3779,0.566,NVIDIA L4,4875190
cifar10,resnet18,layer4_last,0,75.0,0.3,10,42,94.9700,94.8667,95.9000,85.2800,94.7556,0.0000,95.1222,0.0000,-0.3667,128,236,46.09,100.00,118,10.3779,5.608,NVIDIA L4,4875190
cifar10,resnet18,layer4_last,0,75.0,0.3,20,42,94.9700,94.8667,95.9000,85.0200,94.4667,0.0000,95.1222,0.0000,-0.6556,128,251,49.02,100.00,125,10.3779,11.569,NVIDIA L4,4875190
cifar10,resnet18,layer4_last,0,75.0,0.3,5,42,94.9700,94.8667,95.9000,85.5700,95.0778,0.0000,95.1222,0.0000,-0.0444,128,212,41.41,100.00,93,10.3779,2.840,NVIDIA L4,4875190
cifar10,resnet18,layer4_last,0,75.0,0.5,1,42,94.9700,94.8667,95.9000,92.6400,95.2000,69.6000,95.1222,0.0000,+0.0778,128,128,25.00,25.00,-1,10.0885,0.567,NVIDIA L4,4875190
cifar10,resnet18,layer4_last,0,75.0,0.5,10,42,94.9700,94.8667,95.9000,85.4700,94.9667,0.0000,95.1222,0.0000,-0.1556,128,223,43.55,100.00,107,10.0885,5.664,NVIDIA L4,4875190
cifar10,resnet18,layer4_last,0,75.0,0.5,20,42,94.9700,94.8667,95.9000,85.1300,94.5889,0.0000,95.1222,0.0000,-0.5333,128,244,47.66,100.00,122,10.0885,11.374,NVIDIA L4,4875190
cifar10,resnet18,layer4_last,0,75.0,0.5,5,42,94.9700,94.8667,95.9000,85.5800,95.0889,0.0000,95.1222,0.0000,-0.0333,128,193,37.70,100.00,88,10.0885,2.831,NVIDIA L4,4875190
cifar10,resnet18,layer4_last,0,90.0,0.01,1,42,94.9700,94.8667,95.9000,91.9900,95.2444,62.7000,95.1222,0.0000,+0.1222,52,52,10.16,10.00,-1,7.5663,0.808,NVIDIA L4,4875190
cifar10,resnet18,layer4_last,0,90.0,0.01,10,42,94.9700,94.8667,95.9000,85.7400,95.2667,0.0000,95.1222,0.0000,+0.1444,52,183,35.74,100.00,51,7.5663,7.672,NVIDIA L4,4875190
cifar10,resnet18,layer4_last,0,90.0,0.01,20,42,94.9700,94.8667,95.9000,85.7400,95.2667,0.0000,95.1222,0.0000,+0.1444,52,183,35.74,100.00,52,7.5663,15.465,NVIDIA L4,4875190
cifar10,resnet18,layer4_last,0,90.0,0.01,5,42,94.9700,94.8667,95.9000,85.7400,95.2667,0.0000,95.1222,0.0000,+0.1444,52,174,33.98,50.00,31,7.5663,3.909,NVIDIA L4,4875190
cifar10,resnet18,layer4_last,0,90.0,0.03,1,42,94.9700,94.8667,95.9000,92.0200,95.2444,63.0000,95.1222,0.0000,+0.1222,52,52,10.16,10.00,-1,7.5663,0.582,NVIDIA L4,4875190
cifar10,resnet18,layer4_last,0,90.0,0.03,10,42,94.9700,94.8667,95.9000,85.7300,95.2556,0.0000,95.1222,0.0000,+0.1333,52,182,35.55,100.00,50,7.5663,7.478,NVIDIA L4,4875190
cifar10,resnet18,layer4_last,0,90.0,0.03,20,42,94.9700,94.8667,95.9000,85.7400,95.2667,0.0000,95.1222,0.0000,+0.1444,52,183,35.74,100.00,52,7.5663,15.115,NVIDIA L4,4875190
cifar10,resnet18,layer4_last,0,90.0,0.03,5,42,94.9700,94.8667,95.9000,85.7400,95.2667,0.0000,95.1222,0.0000,+0.1444,52,174,33.98,50.00,32,7.5663,3.721,NVIDIA L4,4875190
cifar10,resnet18,layer4_last,0,90.0,0.1,1,42,94.9700,94.8667,95.9000,92.1300,95.2444,64.1000,95.1222,0.0000,+0.1222,52,52,10.16,10.00,-1,7.5663,0.601,NVIDIA L4,4875190
cifar10,resnet18,layer4_last,0,90.0,0.1,10,42,94.9700,94.8667,95.9000,85.7400,95.2667,0.0000,95.1222,0.0000,+0.1444,52,179,34.96,100.00,48,7.5663,7.604,NVIDIA L4,4875190
cifar10,resnet18,layer4_last,0,90.0,0.1,20,42,94.9700,94.8667,95.9000,85.7300,95.2556,0.0000,95.1222,0.0000,+0.1333,52,183,35.74,100.00,52,7.5663,15.661,NVIDIA L4,4875190
cifar10,resnet18,layer4_last,0,90.0,0.1,5,42,94.9700,94.8667,95.9000,85.6600,95.1778,0.0000,95.1222,0.0000,+0.0556,52,168,32.81,50.00,34,7.5663,3.897,NVIDIA L4,4875190
cifar10,resnet18,layer4_last,0,90.0,0.3,1,42,94.9700,94.8667,95.9000,92.8800,95.2444,71.6000,95.1222,0.0000,+0.1222,52,52,10.16,10.00,-1,7.5250,0.568,NVIDIA L4,4875190
cifar10,resnet18,layer4_last,0,90.0,0.3,10,42,94.9700,94.8667,95.9000,85.7100,95.2333,0.0000,95.1222,0.0000,+0.1111,52,172,33.59,100.00,41,7.5250,8.254,NVIDIA L4,4875190
cifar10,resnet18,layer4_last,0,90.0,0.3,20,42,94.9700,94.8667,95.9000,85.7500,95.2778,0.0000,95.1222,0.0000,+0.1556,52,182,35.55,100.00,49,7.5250,16.485,NVIDIA L4,4875190
cifar10,resnet18,layer4_last,0,90.0,0.3,5,42,94.9700,94.8667,95.9000,85.8300,95.3111,0.5000,95.1222,0.0000,+0.1889,52,152,29.69,50.00,18,7.5250,3.919,NVIDIA L4,4875190
cifar10,resnet18,layer4_last,0,90.0,0.5,1,42,94.9700,94.8667,95.9000,93.8400,95.2333,81.3000,95.1222,0.0000,+0.1111,52,52,10.16,10.00,-1,7.2769,0.696,NVIDIA L4,4875190
cifar10,resnet18,layer4_last,0,90.0,0.5,10,42,94.9700,94.8667,95.9000,85.7000,95.2222,0.0000,95.1222,0.0000,+0.1000,52,161,31.45,100.00,31,7.2769,8.247,NVIDIA L4,4875190
cifar10,resnet18,layer4_last,0,90.0,0.5,20,42,94.9700,94.8667,95.9000,85.7100,95.2333,0.0000,95.1222,0.0000,+0.1111,52,176,34.38,100.00,47,7.2769,16.755,NVIDIA L4,4875190
cifar10,resnet18,layer4_last,0,90.0,0.5,5,42,94.9700,94.8667,95.9000,86.8200,95.2444,11.0000,95.1222,0.0000,+0.1222,52,137,26.76,50.00,9,7.2769,4.033,NVIDIA L4,4875190
cifar10,resnet18,layer4_last,0,95.0,0.01,1,42,94.9700,94.8667,95.9000,94.0800,95.2111,83.9000,95.1222,0.0000,+0.0889,26,26,5.08,5.00,-1,6.5740,0.767,NVIDIA L4,4875190
cifar10,resnet18,layer4_last,0,95.0,0.01,10,42,94.9700,94.8667,95.9000,85.7200,95.2444,0.0000,95.1222,0.0000,+0.1222,26,158,30.86,50.00,24,6.5740,7.925,NVIDIA L4,4875190
cifar10,resnet18,layer4_last,0,95.0,0.01,20,42,94.9700,94.8667,95.9000,85.7200,95.2444,0.0000,95.1222,0.0000,+0.1222,26,159,31.05,100.00,26,6.5740,15.786,NVIDIA L4,4875190
cifar10,resnet18,layer4_last,0,95.0,0.01,5,42,94.9700,94.8667,95.9000,85.7300,95.2556,0.0000,95.1222,0.0000,+0.1333,26,129,25.20,25.00,0,6.5740,3.896,NVIDIA L4,4875190
cifar10,resnet18,layer4_last,0,95.0,0.03,1,42,94.9700,94.8667,95.9000,94.0900,95.2111,84.0000,95.1222,0.0000,+0.0889,26,26,5.08,5.00,-1,6.5740,0.833,NVIDIA L4,4875190
cifar10,resnet18,layer4_last,0,95.0,0.03,10,42,94.9700,94.8667,95.9000,85.7200,95.2444,0.0000,95.1222,0.0000,+0.1222,26,157,30.66,50.00,24,6.5740,7.626,NVIDIA L4,4875190
cifar10,resnet18,layer4_last,0,95.0,0.03,20,42,94.9700,94.8667,95.9000,85.7200,95.2444,0.0000,95.1222,0.0000,+0.1222,26,159,31.05,100.00,26,6.5740,15.326,NVIDIA L4,4875190
cifar10,resnet18,layer4_last,0,95.0,0.03,5,42,94.9700,94.8667,95.9000,85.7300,95.2556,0.0000,95.1222,0.0000,+0.1333,26,129,25.20,25.00,0,6.5740,3.993,NVIDIA L4,4875190
cifar10,resnet18,layer4_last,0,95.0,0.1,1,42,94.9700,94.8667,95.9000,94.1300,95.2111,84.4000,95.1222,0.0000,+0.0889,26,26,5.08,5.00,-1,6.5740,0.609,NVIDIA L4,4875190
cifar10,resnet18,layer4_last,0,95.0,0.1,10,42,94.9700,94.8667,95.9000,85.7600,95.2889,0.0000,95.1222,0.0000,+0.1667,26,154,30.08,50.00,21,6.5740,7.997,NVIDIA L4,4875190
cifar10,resnet18,layer4_last,0,95.0,0.1,20,42,94.9700,94.8667,95.9000,85.7200,95.2444,0.0000,95.1222,0.0000,+0.1222,26,159,31.05,100.00,26,6.5740,15.662,NVIDIA L4,4875190
cifar10,resnet18,layer4_last,0,95.0,0.1,5,42,94.9700,94.8667,95.9000,85.7400,95.2556,0.1000,95.1222,0.0000,+0.1333,26,129,25.20,25.00,0,6.5740,3.747,NVIDIA L4,4875190
cifar10,resnet18,layer4_last,0,95.0,0.3,1,42,94.9700,94.8667,95.9000,94.2600,95.2000,85.8000,95.1222,0.0000,+0.0778,26,26,5.08,5.00,-1,6.4500,0.917,NVIDIA L4,4875190
cifar10,resnet18,layer4_last,0,95.0,0.3,10,42,94.9700,94.8667,95.9000,85.8500,95.2889,0.9000,95.1222,0.0000,+0.1667,26,149,29.10,50.00,14,6.4500,7.457,NVIDIA L4,4875190
cifar10,resnet18,layer4_last,0,95.0,0.3,20,42,94.9700,94.8667,95.9000,85.7300,95.2556,0.0000,95.1222,0.0000,+0.1333,26,156,30.47,100.00,24,6.4500,14.804,NVIDIA L4,4875190
cifar10,resnet18,layer4_last,0,95.0,0.3,5,42,94.9700,94.8667,95.9000,87.5300,95.1556,18.9000,95.1222,0.0000,+0.0333,26,122,23.83,25.00,0,6.4500,3.701,NVIDIA L4,4875190
cifar10,resnet18,layer4_last,0,95.0,0.5,1,42,94.9700,94.8667,95.9000,94.4700,95.1444,88.4000,95.1222,0.0000,+0.0222,26,26,5.08,5.00,-1,6.3260,0.747,NVIDIA L4,4875190
cifar10,resnet18,layer4_last,0,95.0,0.5,10,42,94.9700,94.8667,95.9000,86.8500,95.2000,11.7000,95.1222,0.0000,+0.0778,26,137,26.76,50.00,5,6.3260,8.165,NVIDIA L4,4875190
cifar10,resnet18,layer4_last,0,95.0,0.5,20,42,94.9700,94.8667,95.9000,85.7900,95.2667,0.5000,95.1222,0.0000,+0.1444,26,153,29.88,100.00,18,6.3260,16.014,NVIDIA L4,4875190
cifar10,resnet18,layer4_last,0,95.0,0.5,5,42,94.9700,94.8667,95.9000,90.8800,95.1889,52.1000,95.1222,0.0000,+0.0667,26,106,20.70,25.00,0,6.3260,4.256,NVIDIA L4,4875190
cifar10,resnet18,layer4_last,0,99.0,0.01,1,42,94.9700,94.8667,95.9000,94.8600,94.9778,93.8000,95.1222,0.0000,-0.1444,6,6,1.17,1.00,-1,4.9615,0.926,NVIDIA L4,4875190
cifar10,resnet18,layer4_last,0,99.0,0.01,10,42,94.9700,94.8667,95.9000,91.1500,95.2333,54.4000,95.1222,0.0000,+0.1111,6,60,11.72,10.00,0,4.9615,7.943,NVIDIA L4,4875190
cifar10,resnet18,layer4_last,0,99.0,0.01,20,42,94.9700,94.8667,95.9000,85.6200,95.1333,0.0000,95.1222,0.0000,+0.0111,6,120,23.44,20.00,0,4.9615,15.465,NVIDIA L4,4875190
cifar10,resnet18,layer4_last,0,99.0,0.01,5,42,94.9700,94.8667,95.9000,93.9900,95.2667,82.5000,95.1222,0.0000,+0.1444,6,30,5.86,5.00,0,4.9615,3.742,NVIDIA L4,4875190
cifar10,resnet18,layer4_last,0,99.0,0.03,1,42,94.9700,94.8667,95.9000,94.8600,94.9778,93.8000,95.1222,0.0000,-0.1444,6,6,1.17,1.00,-1,4.9615,0.756,NVIDIA L4,4875190
cifar10,resnet18,layer4_last,0,99.0,0.03,10,42,94.9700,94.8667,95.9000,91.2300,95.2222,55.3000,95.1222,0.0000,+0.1000,6,60,11.72,10.00,0,4.9615,7.223,NVIDIA L4,4875190
cifar10,resnet18,layer4_last,0,99.0,0.03,20,42,94.9700,94.8667,95.9000,85.6300,95.1444,0.0000,95.1222,0.0000,+0.0222,6,120,23.44,20.00,0,4.9615,15.783,NVIDIA L4,4875190
cifar10,resnet18,layer4_last,0,99.0,0.03,5,42,94.9700,94.8667,95.9000,93.9900,95.2667,82.5000,95.1222,0.0000,+0.1444,6,30,5.86,5.00,0,4.9615,3.577,NVIDIA L4,4875190
cifar10,resnet18,layer4_last,0,99.0,0.1,1,42,94.9700,94.8667,95.9000,94.8600,94.9778,93.8000,95.1222,0.0000,-0.1444,6,6,1.17,1.00,-1,4.9615,0.868,NVIDIA L4,4875190
cifar10,resnet18,layer4_last,0,99.0,0.1,10,42,94.9700,94.8667,95.9000,91.4400,95.2222,57.4000,95.1222,0.0000,+0.1000,6,60,11.72,10.00,0,4.9615,7.123,NVIDIA L4,4875190
cifar10,resnet18,layer4_last,0,99.0,0.1,20,42,94.9700,94.8667,95.9000,85.6600,95.1444,0.3000,95.1222,0.0000,+0.0222,6,120,23.44,20.00,0,4.9615,14.894,NVIDIA L4,4875190
cifar10,resnet18,layer4_last,0,99.0,0.1,5,42,94.9700,94.8667,95.9000,94.0300,95.2667,82.9000,95.1222,0.0000,+0.1444,6,30,5.86,5.00,0,4.9615,3.780,NVIDIA L4,4875190
cifar10,resnet18,layer4_last,0,99.0,0.3,1,42,94.9700,94.8667,95.9000,94.8700,94.9778,93.9000,95.1222,0.0000,-0.1444,6,6,1.17,1.00,-1,4.8788,0.642,NVIDIA L4,4875190
cifar10,resnet18,layer4_last,0,99.0,0.3,10,42,94.9700,94.8667,95.9000,92.3200,95.2444,66.0000,95.1222,0.0000,+0.1222,6,60,11.72,10.00,0,4.8788,7.170,NVIDIA L4,4875190
cifar10,resnet18,layer4_last,0,99.0,0.3,20,42,94.9700,94.8667,95.9000,88.3600,95.1556,27.2000,95.1222,0.0000,+0.0333,6,118,23.05,20.00,0,4.8788,15.225,NVIDIA L4,4875190
cifar10,resnet18,layer4_last,0,99.0,0.3,5,42,94.9700,94.8667,95.9000,94.1300,95.2556,84.0000,95.1222,0.0000,+0.1333,6,30,5.86,5.00,0,4.8788,3.510,NVIDIA L4,4875190
cifar10,resnet18,layer4_last,0,99.0,0.5,1,42,94.9700,94.8667,95.9000,94.9100,94.9667,94.4000,95.1222,0.0000,-0.1556,6,6,1.17,1.00,-1,4.1346,0.799,NVIDIA L4,4875190
cifar10,resnet18,layer4_last,0,99.0,0.5,10,42,94.9700,94.8667,95.9000,93.6300,95.2000,79.5000,95.1222,0.0000,+0.0778,6,59,11.52,10.00,0,4.1346,7.714,NVIDIA L4,4875190
cifar10,resnet18,layer4_last,0,99.0,0.5,20,42,94.9700,94.8667,95.9000,91.3900,95.2000,57.2000,95.1222,0.0000,+0.0778,6,100,19.53,20.00,0,4.1346,15.685,NVIDIA L4,4875190
cifar10,resnet18,layer4_last,0,99.0,0.5,5,42,94.9700,94.8667,95.9000,94.3900,95.1889,87.2000,95.1222,0.0000,+0.0667,6,30,5.86,5.00,0,4.1346,3.456,NVIDIA L4,4875190
cifar10,resnet18,layer4_last,2,50.0,0.01,1,42,94.9700,95.2000,92.9000,85.5500,95.0556,0.0000,95.4889,0.0000,-0.4333,256,256,50.00,50.00,-1,16.8692,0.616,NVIDIA L4,4875190
cifar10,resnet18,layer4_last,2,50.0,0.01,10,42,94.9700,95.2000,92.9000,85.2800,94.7556,0.0000,95.4889,0.0000,-0.7333,256,408,79.69,100.00,255,16.8692,7.627,NVIDIA L4,4875190
cifar10,resnet18,layer4_last,2,50.0,0.01,20,42,94.9700,95.2000,92.9000,85.2800,94.7556,0.0000,95.4889,0.0000,-0.7333,256,408,79.69,100.00,256,16.8692,15.470,NVIDIA L4,4875190
cifar10,resnet18,layer4_last,2,50.0,0.01,5,42,94.9700,95.2000,92.9000,85.1900,94.6556,0.0000,95.4889,0.0000,-0.8333,256,392,76.56,100.00,238,16.8692,3.735,NVIDIA L4,4875190
cifar10,resnet18,layer4_last,2,50.0,0.03,1,42,94.9700,95.2000,92.9000,85.5500,95.0556,0.0000,95.4889,0.0000,-0.4333,256,256,50.00,50.00,-1,16.8692,0.831,NVIDIA L4,4875190
cifar10,resnet18,layer4_last,2,50.0,0.03,10,42,94.9700,95.2000,92.9000,85.3500,94.8333,0.0000,95.4889,0.0000,-0.6556,256,406,79.30,100.00,253,16.8692,7.085,NVIDIA L4,4875190
cifar10,resnet18,layer4_last,2,50.0,0.03,20,42,94.9700,95.2000,92.9000,85.2900,94.7667,0.0000,95.4889,0.0000,-0.7222,256,408,79.69,100.00,256,16.8692,14.736,NVIDIA L4,4875190
cifar10,resnet18,layer4_last,2,50.0,0.03,5,42,94.9700,95.2000,92.9000,85.2800,94.7556,0.0000,95.4889,0.0000,-0.7333,256,385,75.20,100.00,232,16.8692,3.789,NVIDIA L4,4875190
cifar10,resnet18,layer4_last,2,50.0,0.1,1,42,94.9700,95.2000,92.9000,86.2300,95.0778,6.6000,95.4889,0.0000,-0.4111,256,256,50.00,50.00,-1,16.9519,0.791,NVIDIA L4,4875190
cifar10,resnet18,layer4_last,2,50.0,0.1,10,42,94.9700,95.2000,92.9000,85.3400,94.8222,0.0000,95.4889,0.0000,-0.6667,256,403,78.71,100.00,245,16.9519,7.746,NVIDIA L4,4875190
cifar10,resnet18,layer4_last,2,50.0,0.1,20,42,94.9700,95.2000,92.9000,85.2900,94.7667,0.0000,95.4889,0.0000,-0.7222,256,410,80.08,100.00,256,16.9519,15.754,NVIDIA L4,4875190
cifar10,resnet18,layer4_last,2,50.0,0.1,5,42,94.9700,95.2000,92.9000,85.4600,94.9556,0.0000,95.4889,0.0000,-0.5333,256,374,73.05,100.00,230,16.9519,3.933,NVIDIA L4,4875190
cifar10,resnet18,layer4_last,2,50.0,0.3,1,42,94.9700,95.2000,92.9000,90.7300,95.1556,50.9000,95.4889,0.0000,-0.3333,256,256,50.00,50.00,-1,16.7865,0.842,NVIDIA L4,4875190
cifar10,resnet18,layer4_last,2,50.0,0.3,10,42,94.9700,95.2000,92.9000,85.4200,94.9111,0.0000,95.4889,0.0000,-0.5778,256,383,74.80,100.00,235,16.7865,7.527,NVIDIA L4,4875190
cifar10,resnet18,layer4_last,2,50.0,0.3,20,42,94.9700,95.2000,92.9000,85.4000,94.8889,0.0000,95.4889,0.0000,-0.6000,256,406,79.30,100.00,254,16.7865,15.475,NVIDIA L4,4875190
cifar10,resnet18,layer4_last,2,50.0,0.3,5,42,94.9700,95.2000,92.9000,85.6500,95.1667,0.0000,95.4889,0.0000,-0.3222,256,345,67.38,100.00,221,16.7865,3.833,NVIDIA L4,4875190
cifar10,resnet18,layer4_last,2,50.0,0.5,1,42,94.9700,95.2000,92.9000,93.4200,95.3889,75.7000,95.4889,0.0000,-0.1000,256,256,50.00,50.00,-1,16.2077,2.695,NVIDIA L4,4875190
cifar10,resnet18,layer4_last,2,50.0,0.5,10,42,94.9700,95.2000,92.9000,85.6800,95.2000,0.0000,95.4889,0.0000,-0.2889,256,362,70.70,100.00,227,16.2077,9.206,NVIDIA L4,4875190
cifar10,resnet18,layer4_last,2,50.0,0.5,20,42,94.9700,95.2000,92.9000,85.3700,94.8556,0.0000,95.4889,0.0000,-0.6333,256,392,76.56,100.00,243,16.2077,16.851,NVIDIA L4,4875190
cifar10,resnet18,layer4_last,2,50.0,0.5,5,42,94.9700,95.2000,92.9000,85.6000,95.1111,0.0000,95.4889,0.0000,-0.3778,256,320,62.50,100.00,226,16.2077,5.416,NVIDIA L4,4875190
cifar10,resnet18,layer4_last,2,75.0,0.01,1,42,94.9700,95.2000,92.9000,86.0900,95.6556,0.0000,95.4889,0.0000,+0.1667,128,128,25.00,25.00,-1,10.6673,0.833,NVIDIA L4,4875190
cifar10,resnet18,layer4_last,2,75.0,0.01,10,42,94.9700,95.2000,92.9000,85.5700,95.0778,0.0000,95.4889,0.0000,-0.4111,128,258,50.39,100.00,128,10.6673,8.117,NVIDIA L4,4875190
cifar10,resnet18,layer4_last,2,75.0,0.01,20,42,94.9700,95.2000,92.9000,85.5700,95.0778,0.0000,95.4889,0.0000,-0.4111,128,258,50.39,100.00,128,10.6673,15.673,NVIDIA L4,4875190
cifar10,resnet18,layer4_last,2,75.0,0.01,5,42,94.9700,95.2000,92.9000,85.7300,95.2556,0.0000,95.4889,0.0000,-0.2333,128,249,48.63,100.00,115,10.6673,3.866,NVIDIA L4,4875190
cifar10,resnet18,layer4_last,2,75.0,0.03,1,42,94.9700,95.2000,92.9000,86.1000,95.6667,0.0000,95.4889,0.0000,+0.1778,128,128,25.00,25.00,-1,10.6673,0.836,NVIDIA L4,4875190
cifar10,resnet18,layer4_last,2,75.0,0.03,10,42,94.9700,95.2000,92.9000,85.5700,95.0778,0.0000,95.4889,0.0000,-0.4111,128,258,50.39,100.00,127,10.6673,8.292,NVIDIA L4,4875190
cifar10,resnet18,layer4_last,2,75.0,0.03,20,42,94.9700,95.2000,92.9000,85.5700,95.0778,0.0000,95.4889,0.0000,-0.4111,128,258,50.39,100.00,128,10.6673,16.561,NVIDIA L4,4875190
cifar10,resnet18,layer4_last,2,75.0,0.03,5,42,94.9700,95.2000,92.9000,85.7700,95.3000,0.0000,95.4889,0.0000,-0.1889,128,248,48.44,100.00,113,10.6673,4.169,NVIDIA L4,4875190
cifar10,resnet18,layer4_last,2,75.0,0.1,1,42,94.9700,95.2000,92.9000,86.1300,95.6667,0.3000,95.4889,0.0000,+0.1778,128,128,25.00,25.00,-1,10.6673,0.703,NVIDIA L4,4875190
cifar10,resnet18,layer4_last,2,75.0,0.1,10,42,94.9700,95.2000,92.9000,85.5800,95.0889,0.0000,95.4889,0.0000,-0.4000,128,257,50.20,100.00,122,10.6673,7.669,NVIDIA L4,4875190
cifar10,resnet18,layer4_last,2,75.0,0.1,20,42,94.9700,95.2000,92.9000,85.5900,95.1000,0.0000,95.4889,0.0000,-0.3889,128,258,50.39,100.00,128,10.6673,15.873,NVIDIA L4,4875190
cifar10,resnet18,layer4_last,2,75.0,0.1,5,42,94.9700,95.2000,92.9000,85.7000,95.2222,0.0000,95.4889,0.0000,-0.2667,128,241,47.07,100.00,103,10.6673,3.553,NVIDIA L4,4875190
cifar10,resnet18,layer4_last,2,75.0,0.3,1,42,94.9700,95.2000,92.9000,89.1100,95.6778,30.0000,95.4889,0.0000,+0.1889,128,128,25.00,25.00,-1,10.6673,0.677,NVIDIA L4,4875190
cifar10,resnet18,layer4_last,2,75.0,0.3,10,42,94.9700,95.2000,92.9000,85.7900,95.3222,0.0000,95.4889,0.0000,-0.1667,128,248,48.44,100.00,117,10.6673,8.091,NVIDIA L4,4875190
cifar10,resnet18,layer4_last,2,75.0,0.3,20,42,94.9700,95.2000,92.9000,85.6100,95.1222,0.0000,95.4889,0.0000,-0.3667,128,258,50.39,100.00,125,10.6673,15.669,NVIDIA L4,4875190
cifar10,resnet18,layer4_last,2,75.0,0.3,5,42,94.9700,95.2000,92.9000,85.9000,95.4444,0.0000,95.4889,0.0000,-0.0444,128,222,43.36,100.00,94,10.6673,4.277,NVIDIA L4,4875190
cifar10,resnet18,layer4_last,2,75.0,0.5,1,42,94.9700,95.2000,92.9000,92.7100,95.6556,66.2000,95.4889,0.0000,+0.1667,128,128,25.00,25.00,-1,10.5019,0.742,NVIDIA L4,4875190
cifar10,resnet18,layer4_last,2,75.0,0.5,10,42,94.9700,95.2000,92.9000,85.9700,95.5222,0.0000,95.4889,0.0000,+0.0333,128,233,45.51,100.00,110,10.5019,7.359,NVIDIA L4,4875190
cifar10,resnet18,layer4_last,2,75.0,0.5,20,42,94.9700,95.2000,92.9000,85.8100,95.3444,0.0000,95.4889,0.0000,-0.1444,128,254,49.61,100.00,120,10.5019,15.133,NVIDIA L4,4875190
cifar10,resnet18,layer4_last,2,75.0,0.5,5,42,94.9700,95.2000,92.9000,85.9200,95.4667,0.0000,95.4889,0.0000,-0.0222,128,195,38.09,100.00,85,10.5019,3.317,NVIDIA L4,4875190
cifar10,resnet18,layer4_last,2,90.0,0.01,1,42,94.9700,95.2000,92.9000,93.2600,95.5889,72.3000,95.4889,0.0000,+0.1000,52,52,10.16,10.00,-1,7.8558,0.568,NVIDIA L4,4875190
cifar10,resnet18,layer4_last,2,90.0,0.01,10,42,94.9700,95.2000,92.9000,86.0000,95.5556,0.0000,95.4889,0.0000,+0.0667,52,190,37.11,100.00,51,7.8558,8.089,NVIDIA L4,4875190
cifar10,resnet18,layer4_last,2,90.0,0.01,20,42,94.9700,95.2000,92.9000,86.0000,95.5556,0.0000,95.4889,0.0000,+0.0667,52,190,37.11,100.00,52,7.8558,16.341,NVIDIA L4,4875190
cifar10,resnet18,layer4_last,2,90.0,0.01,5,42,94.9700,95.2000,92.9000,86.0700,95.6333,0.0000,95.4889,0.0000,+0.1444,52,185,36.13,50.00,33,7.8558,3.722,NVIDIA L4,4875190
cifar10,resnet18,layer4_last,2,90.0,0.03,1,42,94.9700,95.2000,92.9000,93.2600,95.5889,72.3000,95.4889,0.0000,+0.1000,52,52,10.16,10.00,-1,7.8558,0.725,NVIDIA L4,4875190
cifar10,resnet18,layer4_last,2,90.0,0.03,10,42,94.9700,95.2000,92.9000,86.0000,95.5556,0.0000,95.4889,0.0000,+0.0667,52,190,37.11,100.00,51,7.8558,7.963,NVIDIA L4,4875190
cifar10,resnet18,layer4_last,2,90.0,0.03,20,42,94.9700,95.2000,92.9000,86.0000,95.5556,0.0000,95.4889,0.0000,+0.0667,52,190,37.11,100.00,52,7.8558,15.472,NVIDIA L4,4875190
cifar10,resnet18,layer4_last,2,90.0,0.03,5,42,94.9700,95.2000,92.9000,86.0600,95.6222,0.0000,95.4889,0.0000,+0.1333,52,184,35.94,50.00,33,7.8558,4.338,NVIDIA L4,4875190
cifar10,resnet18,layer4_last,2,90.0,0.1,1,42,94.9700,95.2000,92.9000,93.2700,95.5889,72.4000,95.4889,0.0000,+0.1000,52,52,10.16,10.00,-1,7.8558,0.701,NVIDIA L4,4875190
cifar10,resnet18,layer4_last,2,90.0,0.1,10,42,94.9700,95.2000,92.9000,86.0600,95.6222,0.0000,95.4889,0.0000,+0.1333,52,187,36.52,100.00,49,7.8558,6.884,NVIDIA L4,4875190
cifar10,resnet18,layer4_last,2,90.0,0.1,20,42,94.9700,95.2000,92.9000,85.9900,95.5444,0.0000,95.4889,0.0000,+0.0556,52,190,37.11,100.00,52,7.8558,13.981,NVIDIA L4,4875190
cifar10,resnet18,layer4_last,2,90.0,0.1,5,42,94.9700,95.2000,92.9000,86.0700,95.6333,0.0000,95.4889,0.0000,+0.1444,52,179,34.96,50.00,32,7.8558,3.610,NVIDIA L4,4875190
cifar10,resnet18,layer4_last,2,90.0,0.3,1,42,94.9700,95.2000,92.9000,93.5600,95.5778,75.4000,95.4889,0.0000,+0.0889,52,52,10.16,10.00,-1,7.8144,0.711,NVIDIA L4,4875190
cifar10,resnet18,layer4_last,2,90.0,0.3,10,42,94.9700,95.2000,92.9000,86.0100,95.5667,0.0000,95.4889,0.0000,+0.0778,52,183,35.74,100.00,39,7.8144,7.427,NVIDIA L4,4875190
cifar10,resnet18,layer4_last,2,90.0,0.3,20,42,94.9700,95.2000,92.9000,85.9800,95.5333,0.0000,95.4889,0.0000,+0.0444,52,189,36.91,100.00,51,7.8144,15.014,NVIDIA L4,4875190
cifar10,resnet18,layer4_last,2,90.0,0.3,5,42,94.9700,95.2000,92.9000,86.0500,95.6000,0.1000,95.4889,0.0000,+0.1111,52,160,31.25,50.00,8,7.8144,3.810,NVIDIA L4,4875190
cifar10,resnet18,layer4_last,2,90.0,0.5,1,42,94.9700,95.2000,92.9000,94.1000,95.5556,81.0000,95.4889,0.0000,+0.0667,52,52,10.16,10.00,-1,7.7317,0.767,NVIDIA L4,4875190
cifar10,resnet18,layer4_last,2,90.0,0.5,10,42,94.9700,95.2000,92.9000,86.0100,95.5667,0.0000,95.4889,0.0000,+0.0778,52,173,33.79,100.00,28,7.7317,8.382,NVIDIA L4,4875190
cifar10,resnet18,layer4_last,2,90.0,0.5,20,42,94.9700,95.2000,92.9000,86.0200,95.5778,0.0000,95.4889,0.0000,+0.0889,52,187,36.52,100.00,45,7.7317,16.548,NVIDIA L4,4875190
cifar10,resnet18,layer4_last,2,90.0,0.5,5,42,94.9700,95.2000,92.9000,87.6300,95.6222,15.7000,95.4889,0.0000,+0.1333,52,146,28.52,50.00,3,7.7317,4.068,NVIDIA L4,4875190
cifar10,resnet18,layer4_last,2,95.0,0.01,1,42,94.9700,95.2000,92.9000,94.5200,95.5000,85.7000,95.4889,0.0000,+0.0111,26,26,5.08,5.00,-1,7.0702,0.743,NVIDIA L4,4875190
cifar10,resnet18,layer4_last,2,95.0,0.01,10,42,94.9700,95.2000,92.9000,86.0000,95.5556,0.0000,95.4889,0.0000,+0.0667,26,171,33.40,50.00,25,7.0702,7.553,NVIDIA L4,4875190
cifar10,resnet18,layer4_last,2,95.0,0.01,20,42,94.9700,95.2000,92.9000,86.0000,95.5556,0.0000,95.4889,0.0000,+0.0667,26,171,33.40,100.00,26,7.0702,15.547,NVIDIA L4,4875190
cifar10,resnet18,layer4_last,2,95.0,0.01,5,42,94.9700,95.2000,92.9000,86.1000,95.6667,0.0000,95.4889,0.0000,+0.1778,26,130,25.39,25.00,0,7.0702,3.719,NVIDIA L4,4875190
cifar10,resnet18,layer4_last,2,95.0,0.03,1,42,94.9700,95.2000,92.9000,94.5300,95.5000,85.8000,95.4889,0.0000,+0.0111,26,26,5.08,5.00,-1,7.0702,0.688,NVIDIA L4,4875190
cifar10,resnet18,layer4_last,2,95.0,0.03,10,42,94.9700,95.2000,92.9000,86.0000,95.5556,0.0000,95.4889,0.0000,+0.0667,26,171,33.40,50.00,23,7.0702,7.417,NVIDIA L4,4875190
cifar10,resnet18,layer4_last,2,95.0,0.03,20,42,94.9700,95.2000,92.9000,86.0000,95.5556,0.0000,95.4889,0.0000,+0.0667,26,171,33.40,100.00,26,7.0702,14.873,NVIDIA L4,4875190
cifar10,resnet18,layer4_last,2,95.0,0.03,5,42,94.9700,95.2000,92.9000,86.1000,95.6667,0.0000,95.4889,0.0000,+0.1778,26,130,25.39,25.00,0,7.0702,3.540,NVIDIA L4,4875190
cifar10,resnet18,layer4_last,2,95.0,0.1,1,42,94.9700,95.2000,92.9000,94.5500,95.4889,86.1000,95.4889,0.0000,+0.0000,26,26,5.08,5.00,-1,7.0702,0.774,NVIDIA L4,4875190
cifar10,resnet18,layer4_last,2,95.0,0.1,10,42,94.9700,95.2000,92.9000,86.0000,95.5556,0.0000,95.4889,0.0000,+0.0667,26,170,33.20,50.00,20,7.0702,8.360,NVIDIA L4,4875190
cifar10,resnet18,layer4_last,2,95.0,0.1,20,42,94.9700,95.2000,92.9000,86.0000,95.5556,0.0000,95.4889,0.0000,+0.0667,26,171,33.40,100.00,26,7.0702,15.850,NVIDIA L4,4875190
cifar10,resnet18,layer4_last,2,95.0,0.1,5,42,94.9700,95.2000,92.9000,86.1300,95.6667,0.3000,95.4889,0.0000,+0.1778,26,130,25.39,25.00,0,7.0702,4.332,NVIDIA L4,4875190
cifar10,resnet18,layer4_last,2,95.0,0.3,1,42,94.9700,95.2000,92.9000,94.6100,95.4889,86.7000,95.4889,0.0000,+0.0000,26,26,5.08,5.00,-1,7.0702,0.653,NVIDIA L4,4875190
cifar10,resnet18,layer4_last,2,95.0,0.3,10,42,94.9700,95.2000,92.9000,86.0700,95.6222,0.1000,95.4889,0.0000,+0.1333,26,156,30.47,50.00,9,7.0702,7.531,NVIDIA L4,4875190
cifar10,resnet18,layer4_last,2,95.0,0.3,20,42,94.9700,95.2000,92.9000,86.0000,95.5556,0.0000,95.4889,0.0000,+0.0667,26,171,33.40,100.00,26,7.0702,14.584,NVIDIA L4,4875190
cifar10,resnet18,layer4_last,2,95.0,0.3,5,42,94.9700,95.2000,92.9000,88.9400,95.6778,28.3000,95.4889,0.0000,+0.1889,26,127,24.80,25.00,0,7.0702,3.908,NVIDIA L4,4875190
cifar10,resnet18,layer4_last,2,95.0,0.5,1,42,94.9700,95.2000,92.9000,94.6900,95.4556,87.8000,95.4889,0.0000,-0.0333,26,26,5.08,5.00,-1,6.9048,0.703,NVIDIA L4,4875190
cifar10,resnet18,layer4_last,2,95.0,0.5,10,42,94.9700,95.2000,92.9000,87.6600,95.6222,16.0000,95.4889,0.0000,+0.1333,26,146,28.52,50.00,1,6.9048,7.818,NVIDIA L4,4875190
cifar10,resnet18,layer4_last,2,95.0,0.5,20,42,94.9700,95.2000,92.9000,86.1300,95.6444,0.5000,95.4889,0.0000,+0.1556,26,167,32.62,100.00,17,6.9048,15.965,NVIDIA L4,4875190
cifar10,resnet18,layer4_last,2,95.0,0.5,5,42,94.9700,95.2000,92.9000,91.5600,95.5444,55.7000,95.4889,0.0000,+0.0556,26,112,21.88,25.00,0,6.9048,3.789,NVIDIA L4,4875190
cifar10,resnet18,layer4_last,2,99.0,0.01,1,42,94.9700,95.2000,92.9000,94.9200,95.3222,91.3000,95.4889,0.0000,-0.1667,6,6,1.17,1.00,-1,4.9615,0.788,NVIDIA L4,4875190
cifar10,resnet18,layer4_last,2,99.0,0.01,10,42,94.9700,95.2000,92.9000,92.6800,95.6222,66.2000,95.4889,0.0000,+0.1333,6,60,11.72,10.00,0,4.9615,7.847,NVIDIA L4,4875190
cifar10,resnet18,layer4_last,2,99.0,0.01,20,42,94.9700,95.2000,92.9000,86.0900,95.6556,0.0000,95.4889,0.0000,+0.1667,6,120,23.44,20.00,0,4.9615,16.168,NVIDIA L4,4875190
cifar10,resnet18,layer4_last,2,99.0,0.01,5,42,94.9700,95.2000,92.9000,94.4400,95.5667,84.3000,95.4889,0.0000,+0.0778,6,30,5.86,5.00,0,4.9615,4.061,NVIDIA L4,4875190
cifar10,resnet18,layer4_last,2,99.0,0.03,1,42,94.9700,95.2000,92.9000,94.9200,95.3222,91.3000,95.4889,0.0000,-0.1667,6,6,1.17,1.00,-1,4.9615,0.710,NVIDIA L4,4875190
cifar10,resnet18,layer4_last,2,99.0,0.03,10,42,94.9700,95.2000,92.9000,92.6900,95.6222,66.3000,95.4889,0.0000,+0.1333,6,60,11.72,10.00,0,4.9615,8.073,NVIDIA L4,4875190
cifar10,resnet18,layer4_last,2,99.0,0.03,20,42,94.9700,95.2000,92.9000,86.1000,95.6556,0.1000,95.4889,0.0000,+0.1667,6,120,23.44,20.00,0,4.9615,15.881,NVIDIA L4,4875190
cifar10,resnet18,layer4_last,2,99.0,0.03,5,42,94.9700,95.2000,92.9000,94.4500,95.5667,84.4000,95.4889,0.0000,+0.0778,6,30,5.86,5.00,0,4.9615,3.901,NVIDIA L4,4875190
cifar10,resnet18,layer4_last,2,99.0,0.1,1,42,94.9700,95.2000,92.9000,94.9200,95.3222,91.3000,95.4889,0.0000,-0.1667,6,6,1.17,1.00,-1,4.9615,0.756,NVIDIA L4,4875190
cifar10,resnet18,layer4_last,2,99.0,0.1,10,42,94.9700,95.2000,92.9000,92.7800,95.6000,67.4000,95.4889,0.0000,+0.1111,6,60,11.72,10.00,0,4.9615,8.091,NVIDIA L4,4875190
cifar10,resnet18,layer4_last,2,99.0,0.1,20,42,94.9700,95.2000,92.9000,86.3100,95.6556,2.2000,95.4889,0.0000,+0.1667,6,120,23.44,20.00,0,4.9615,16.365,NVIDIA L4,4875190
cifar10,resnet18,layer4_last,2,99.0,0.1,5,42,94.9700,95.2000,92.9000,94.4800,95.5556,84.8000,95.4889,0.0000,+0.0667,6,30,5.86,5.00,0,4.9615,4.108,NVIDIA L4,4875190
cifar10,resnet18,layer4_last,2,99.0,0.3,1,42,94.9700,95.2000,92.9000,94.9300,95.3222,91.4000,95.4889,0.0000,-0.1667,6,6,1.17,1.00,-1,4.9615,0.844,NVIDIA L4,4875190
cifar10,resnet18,layer4_last,2,99.0,0.3,10,42,94.9700,95.2000,92.9000,93.1900,95.5889,71.6000,95.4889,0.0000,+0.1000,6,60,11.72,10.00,0,4.9615,8.141,NVIDIA L4,4875190
cifar10,resnet18,layer4_last,2,99.0,0.3,20,42,94.9700,95.2000,92.9000,89.4100,95.6667,33.1000,95.4889,0.0000,+0.1778,6,120,23.44,20.00,0,4.9615,16.391,NVIDIA L4,4875190
cifar10,resnet18,layer4_last,2,99.0,0.3,5,42,94.9700,95.2000,92.9000,94.5200,95.5333,85.4000,95.4889,0.0000,+0.0444,6,30,5.86,5.00,0,4.9615,4.052,NVIDIA L4,4875190
cifar10,resnet18,layer4_last,2,99.0,0.5,1,42,94.9700,95.2000,92.9000,94.9400,95.3222,91.5000,95.4889,0.0000,-0.1667,6,6,1.17,1.00,-1,4.5067,0.845,NVIDIA L4,4875190
cifar10,resnet18,layer4_last,2,99.0,0.5,10,42,94.9700,95.2000,92.9000,93.9100,95.5667,79.0000,95.4889,0.0000,+0.0778,6,60,11.72,10.00,0,4.5067,7.975,NVIDIA L4,4875190
cifar10,resnet18,layer4_last,2,99.0,0.5,20,42,94.9700,95.2000,92.9000,91.9900,95.5556,59.9000,95.4889,0.0000,+0.0667,6,109,21.29,20.00,0,4.5067,15.998,NVIDIA L4,4875190
cifar10,resnet18,layer4_last,2,99.0,0.5,5,42,94.9700,95.2000,92.9000,94.6600,95.5111,87.0000,95.4889,0.0000,+0.0222,6,30,5.86,5.00,0,4.5067,4.187,NVIDIA L4,4875190
cifar10,resnet18,layer4_last,3,50.0,0.01,1,42,94.9700,95.7111,88.3000,86.4300,96.0333,0.0000,96.4556,0.0000,-0.4222,256,256,50.00,50.00,-1,17.2827,0.831,NVIDIA L4,4875190
cifar10,resnet18,layer4_last,3,50.0,0.01,10,42,94.9700,95.7111,88.3000,85.5800,95.0889,0.0000,96.4556,0.0000,-1.3667,256,418,81.64,100.00,255,17.2827,8.515,NVIDIA L4,4875190
cifar10,resnet18,layer4_last,3,50.0,0.01,20,42,94.9700,95.7111,88.3000,85.5800,95.0889,0.0000,96.4556,0.0000,-1.3667,256,418,81.64,100.00,256,17.2827,16.991,NVIDIA L4,4875190
cifar10,resnet18,layer4_last,3,50.0,0.01,5,42,94.9700,95.7111,88.3000,85.5200,95.0222,0.0000,96.4556,0.0000,-1.4333,256,404,78.91,100.00,242,17.2827,4.248,NVIDIA L4,4875190
cifar10,resnet18,layer4_last,3,50.0,0.03,1,42,94.9700,95.7111,88.3000,86.4600,96.0333,0.3000,96.4556,0.0000,-0.4222,256,256,50.00,50.00,-1,17.4067,0.583,NVIDIA L4,4875190
cifar10,resnet18,layer4_last,3,50.0,0.03,10,42,94.9700,95.7111,88.3000,85.6100,95.1222,0.0000,96.4556,0.0000,-1.3333,256,417,81.45,100.00,252,17.4067,7.436,NVIDIA L4,4875190
cifar10,resnet18,layer4_last,3,50.0,0.03,20,42,94.9700,95.7111,88.3000,85.5000,95.0000,0.0000,96.4556,0.0000,-1.4556,256,421,82.23,100.00,255,17.4067,15.143,NVIDIA L4,4875190
cifar10,resnet18,layer4_last,3,50.0,0.03,5,42,94.9700,95.7111,88.3000,86.0100,95.5667,0.0000,96.4556,0.0000,-0.8889,256,397,77.54,100.00,230,17.4067,3.564,NVIDIA L4,4875190
cifar10,resnet18,layer4_last,3,50.0,0.1,1,42,94.9700,95.7111,88.3000,87.7800,96.0222,13.6000,96.4556,0.0000,-0.4333,256,256,50.00,50.00,-1,17.4067,0.895,NVIDIA L4,4875190
cifar10,resnet18,layer4_last,3,50.0,0.1,10,42,94.9700,95.7111,88.3000,85.6600,95.1778,0.0000,96.4556,0.0000,-1.2778,256,411,80.27,100.00,246,17.4067,8.154,NVIDIA L4,4875190
cifar10,resnet18,layer4_last,3,50.0,0.1,20,42,94.9700,95.7111,88.3000,85.6400,95.1556,0.0000,96.4556,0.0000,-1.3000,256,421,82.23,100.00,254,17.4067,15.942,NVIDIA L4,4875190
cifar10,resnet18,layer4_last,3,50.0,0.1,5,42,94.9700,95.7111,88.3000,86.0700,95.6333,0.0000,96.4556,0.0000,-0.8222,256,387,75.59,100.00,225,17.4067,3.871,NVIDIA L4,4875190
cifar10,resnet18,layer4_last,3,50.0,0.3,1,42,94.9700,95.7111,88.3000,90.8700,96.1000,43.8000,96.4556,0.0000,-0.3556,256,256,50.00,50.00,-1,17.2413,0.843,NVIDIA L4,4875190
cifar10,resnet18,layer4_last,3,50.0,0.3,10,42,94.9700,95.7111,88.3000,86.2700,95.8556,0.0000,96.4556,0.0000,-0.6000,256,397,77.54,100.00,242,17.2413,7.581,NVIDIA L4,4875190
cifar10,resnet18,layer4_last,3,50.0,0.3,20,42,94.9700,95.7111,88.3000,86.2700,95.8556,0.0000,96.4556,0.0000,-0.6000,256,417,81.45,100.00,251,17.2413,15.649,NVIDIA L4,4875190
cifar10,resnet18,layer4_last,3,50.0,0.3,5,42,94.9700,95.7111,88.3000,86.1400,95.7111,0.0000,96.4556,0.0000,-0.7444,256,359,70.12,100.00,214,17.2413,3.689,NVIDIA L4,4875190
cifar10,resnet18,layer4_last,3,50.0,0.5,1,42,94.9700,95.7111,88.3000,93.0100,96.1222,65.0000,96.4556,0.0000,-0.3333,256,256,50.00,50.00,-1,16.7452,2.586,NVIDIA L4,4875190
cifar10,resnet18,layer4_last,3,50.0,0.5,10,42,94.9700,95.7111,88.3000,86.4100,96.0111,0.0000,96.4556,0.0000,-0.4444,256,378,73.83,100.00,230,16.7452,9.882,NVIDIA L4,4875190
cifar10,resnet18,layer4_last,3,50.0,0.5,20,42,94.9700,95.7111,88.3000,86.3400,95.9333,0.0000,96.4556,0.0000,-0.5222,256,405,79.10,100.00,248,16.7452,18.032,NVIDIA L4,4875190
cifar10,resnet18,layer4_last,3,50.0,0.5,5,42,94.9700,95.7111,88.3000,86.4700,95.9111,1.5000,96.4556,0.0000,-0.5444,256,328,64.06,100.00,220,16.7452,5.571,NVIDIA L4,4875190
cifar10,resnet18,layer4_last,3,75.0,0.01,1,42,94.9700,95.7111,88.3000,86.7400,96.3556,0.2000,96.4556,0.0000,-0.1000,128,128,25.00,25.00,-1,11.8663,0.715,NVIDIA L4,4875190
cifar10,resnet18,layer4_last,3,75.0,0.01,10,42,94.9700,95.7111,88.3000,86.2300,95.8111,0.0000,96.4556,0.0000,-0.6444,128,280,54.69,100.00,125,11.8663,7.811,NVIDIA L4,4875190
cifar10,resnet18,layer4_last,3,75.0,0.01,20,42,94.9700,95.7111,88.3000,86.3000,95.8889,0.0000,96.4556,0.0000,-0.5667,128,287,56.05,100.00,128,11.8663,15.357,NVIDIA L4,4875190
cifar10,resnet18,layer4_last,3,75.0,0.01,5,42,94.9700,95.7111,88.3000,86.5400,96.1556,0.0000,96.4556,0.0000,-0.3000,128,266,51.95,100.00,114,11.8663,3.720,NVIDIA L4,4875190
cifar10,resnet18,layer4_last,3,75.0,0.03,1,42,94.9700,95.7111,88.3000,86.7500,96.3556,0.3000,96.4556,0.0000,-0.1000,128,128,25.00,25.00,-1,11.8250,0.776,NVIDIA L4,4875190
cifar10,resnet18,layer4_last,3,75.0,0.03,10,42,94.9700,95.7111,88.3000,86.2500,95.8333,0.0000,96.4556,0.0000,-0.6222,128,280,54.69,100.00,125,11.8250,8.261,NVIDIA L4,4875190
cifar10,resnet18,layer4_last,3,75.0,0.03,20,42,94.9700,95.7111,88.3000,86.3000,95.8889,0.0000,96.4556,0.0000,-0.5667,128,286,55.86,100.00,127,11.8250,16.594,NVIDIA L4,4875190
cifar10,resnet18,layer4_last,3,75.0,0.03,5,42,94.9700,95.7111,88.3000,86.5800,96.2000,0.0000,96.4556,0.0000,-0.2556,128,262,51.17,100.00,113,11.8250,4.252,NVIDIA L4,4875190
cifar10,resnet18,layer4_last,3,75.0,0.1,1,42,94.9700,95.7111,88.3000,87.0700,96.3556,3.5000,96.4556,0.0000,-0.1000,128,128,25.00,25.00,-1,11.7010,0.630,NVIDIA L4,4875190
cifar10,resnet18,layer4_last,3,75.0,0.1,10,42,94.9700,95.7111,88.3000,86.3700,95.9667,0.0000,96.4556,0.0000,-0.4889,128,274,53.52,100.00,124,11.7010,6.903,NVIDIA L4,4875190
cifar10,resnet18,layer4_last,3,75.0,0.1,20,42,94.9700,95.7111,88.3000,86.3500,95.9444,0.0000,96.4556,0.0000,-0.5111,128,283,55.27,100.00,127,11.7010,14.636,NVIDIA L4,4875190
cifar10,resnet18,layer4_last,3,75.0,0.1,5,42,94.9700,95.7111,88.3000,86.4800,96.0889,0.0000,96.4556,0.0000,-0.3667,128,259,50.59,100.00,105,11.7010,3.311,NVIDIA L4,4875190
cifar10,resnet18,layer4_last,3,75.0,0.3,1,42,94.9700,95.7111,88.3000,89.8800,96.3444,31.7000,96.4556,0.0000,-0.1111,128,128,25.00,25.00,-1,11.5356,0.637,NVIDIA L4,4875190
cifar10,resnet18,layer4_last,3,75.0,0.3,10,42,94.9700,95.7111,88.3000,86.6000,96.2222,0.0000,96.4556,0.0000,-0.2333,128,261,50.98,100.00,118,11.5356,8.500,NVIDIA L4,4875190
cifar10,resnet18,layer4_last,3,75.0,0.3,20,42,94.9700,95.7111,88.3000,86.3700,95.9667,0.0000,96.4556,0.0000,-0.4889,128,279,54.49,100.00,126,11.5356,16.038,NVIDIA L4,4875190
cifar10,resnet18,layer4_last,3,75.0,0.3,5,42,94.9700,95.7111,88.3000,86.4400,96.0444,0.0000,96.4556,0.0000,-0.4111,128,236,46.09,100.00,85,11.5356,3.937,NVIDIA L4,4875190
cifar10,resnet18,layer4_last,3,75.0,0.5,1,42,94.9700,95.7111,88.3000,92.3400,96.3222,56.5000,96.4556,0.0000,-0.1333,128,128,25.00,25.00,-1,11.0808,0.658,NVIDIA L4,4875190
cifar10,resnet18,layer4_last,3,75.0,0.5,10,42,94.9700,95.7111,88.3000,86.4800,96.0889,0.0000,96.4556,0.0000,-0.3667,128,251,49.02,100.00,104,11.0808,7.720,NVIDIA L4,4875190
cifar10,resnet18,layer4_last,3,75.0,0.5,20,42,94.9700,95.7111,88.3000,86.6100,96.2333,0.0000,96.4556,0.0000,-0.2222,128,268,52.34,100.00,122,11.0808,15.745,NVIDIA L4,4875190
cifar10,resnet18,layer4_last,3,75.0,0.5,5,42,94.9700,95.7111,88.3000,86.6800,96.2444,0.6000,96.4556,0.0000,-0.2111,128,217,42.38,100.00,74,11.0808,3.888,NVIDIA L4,4875190
cifar10,resnet18,layer4_last,3,90.0,0.01,1,42,94.9700,95.7111,88.3000,91.6800,96.3111,50.0000,96.4556,0.0000,-0.1444,52,52,10.16,10.00,-1,8.7240,0.672,NVIDIA L4,4875190
cifar10,resnet18,layer4_last,3,90.0,0.01,10,42,94.9700,95.7111,88.3000,86.6100,96.2333,0.0000,96.4556,0.0000,-0.2222,52,211,41.21,100.00,51,8.7240,8.776,NVIDIA L4,4875190
cifar10,resnet18,layer4_last,3,90.0,0.01,20,42,94.9700,95.7111,88.3000,86.6100,96.2333,0.0000,96.4556,0.0000,-0.2222,52,211,41.21,100.00,52,8.7240,18.100,NVIDIA L4,4875190
cifar10,resnet18,layer4_last,3,90.0,0.01,5,42,94.9700,95.7111,88.3000,86.7500,96.3889,0.0000,96.4556,0.0000,-0.0667,52,202,39.45,50.00,20,8.7240,3.826,NVIDIA L4,4875190
cifar10,resnet18,layer4_last,3,90.0,0.03,1,42,94.9700,95.7111,88.3000,91.7100,96.3111,50.3000,96.4556,0.0000,-0.1444,52,52,10.16,10.00,-1,8.7240,0.754,NVIDIA L4,4875190
cifar10,resnet18,layer4_last,3,90.0,0.03,10,42,94.9700,95.7111,88.3000,86.6200,96.2444,0.0000,96.4556,0.0000,-0.2111,52,209,40.82,100.00,51,8.7240,8.037,NVIDIA L4,4875190
cifar10,resnet18,layer4_last,3,90.0,0.03,20,42,94.9700,95.7111,88.3000,86.6200,96.2444,0.0000,96.4556,0.0000,-0.2111,52,211,41.21,100.00,52,8.7240,17.250,NVIDIA L4,4875190
cifar10,resnet18,layer4_last,3,90.0,0.03,5,42,94.9700,95.7111,88.3000,86.7400,96.3778,0.0000,96.4556,0.0000,-0.0778,52,200,39.06,50.00,21,8.7240,3.845,NVIDIA L4,4875190
cifar10,resnet18,layer4_last,3,90.0,0.1,1,42,94.9700,95.7111,88.3000,91.8600,96.3111,51.8000,96.4556,0.0000,-0.1444,52,52,10.16,10.00,-1,8.7240,0.843,NVIDIA L4,4875190
cifar10,resnet18,layer4_last,3,90.0,0.1,10,42,94.9700,95.7111,88.3000,86.6400,96.2667,0.0000,96.4556,0.0000,-0.1889,52,208,40.62,100.00,49,8.7240,8.852,NVIDIA L4,4875190
cifar10,resnet18,layer4_last,3,90.0,0.1,20,42,94.9700,95.7111,88.3000,86.6200,96.2444,0.0000,96.4556,0.0000,-0.2111,52,211,41.21,100.00,52,8.7240,17.401,NVIDIA L4,4875190
cifar10,resnet18,layer4_last,3,90.0,0.1,5,42,94.9700,95.7111,88.3000,86.7200,96.3444,0.1000,96.4556,0.0000,-0.1111,52,194,37.89,50.00,25,8.7240,4.079,NVIDIA L4,4875190
cifar10,resnet18,layer4_last,3,90.0,0.3,1,42,94.9700,95.7111,88.3000,92.4500,96.3000,57.8000,96.4556,0.0000,-0.1556,52,52,10.16,10.00,-1,8.6413,0.771,NVIDIA L4,4875190
cifar10,resnet18,layer4_last,3,90.0,0.3,10,42,94.9700,95.7111,88.3000,86.7900,96.4000,0.3000,96.4556,0.0000,-0.0556,52,202,39.45,100.00,38,8.6413,8.446,NVIDIA L4,4875190
cifar10,resnet18,layer4_last,3,90.0,0.3,20,42,94.9700,95.7111,88.3000,86.6300,96.2556,0.0000,96.4556,0.0000,-0.2000,52,209,40.82,100.00,50,8.6413,17.069,NVIDIA L4,4875190
cifar10,resnet18,layer4_last,3,90.0,0.3,5,42,94.9700,95.7111,88.3000,86.9800,96.4000,2.2000,96.4556,0.0000,-0.0556,52,174,33.98,50.00,9,8.6413,4.262,NVIDIA L4,4875190
cifar10,resnet18,layer4_last,3,90.0,0.5,1,42,94.9700,95.7111,88.3000,93.4500,96.3000,67.8000,96.4556,0.0000,-0.1556,52,52,10.16,10.00,-1,8.6000,0.908,NVIDIA L4,4875190
cifar10,resnet18,layer4_last,3,90.0,0.5,10,42,94.9700,95.7111,88.3000,86.8800,96.4111,1.1000,96.4556,0.0000,-0.0444,52,189,36.91,100.00,25,8.6000,7.650,NVIDIA L4,4875190
cifar10,resnet18,layer4_last,3,90.0,0.5,20,42,94.9700,95.7111,88.3000,86.7000,96.3111,0.2000,96.4556,0.0000,-0.1444,52,208,40.62,100.00,46,8.6000,15.548,NVIDIA L4,4875190
cifar10,resnet18,layer4_last,3,90.0,0.5,5,42,94.9700,95.7111,88.3000,88.4300,96.3667,17.0000,96.4556,0.0000,-0.0889,52,152,29.69,50.00,7,8.6000,3.947,NVIDIA L4,4875190
cifar10,resnet18,layer4_last,3,95.0,0.01,1,42,94.9700,95.7111,88.3000,93.7100,96.3222,70.2000,96.4556,0.0000,-0.1333,26,26,5.08,5.00,-1,7.9385,0.656,NVIDIA L4,4875190
cifar10,resnet18,layer4_last,3,95.0,0.01,10,42,94.9700,95.7111,88.3000,86.7000,96.3333,0.0000,96.4556,0.0000,-0.1222,26,188,36.72,50.00,20,7.9385,10.652,NVIDIA L4,4875190
cifar10,resnet18,layer4_last,3,95.0,0.01,20,42,94.9700,95.7111,88.3000,86.7400,96.3778,0.0000,96.4556,0.0000,-0.0778,26,192,37.50,100.00,26,7.9385,20.020,NVIDIA L4,4875190
cifar10,resnet18,layer4_last,3,95.0,0.01,5,42,94.9700,95.7111,88.3000,86.7200,96.3444,0.1000,96.4556,0.0000,-0.1111,26,130,25.39,25.00,0,7.9385,4.926,NVIDIA L4,4875190
cifar10,resnet18,layer4_last,3,95.0,0.03,1,42,94.9700,95.7111,88.3000,93.7200,96.3222,70.3000,96.4556,0.0000,-0.1333,26,26,5.08,5.00,-1,7.9385,0.879,NVIDIA L4,4875190
cifar10,resnet18,layer4_last,3,95.0,0.03,10,42,94.9700,95.7111,88.3000,86.6800,96.3111,0.0000,96.4556,0.0000,-0.1444,26,187,36.52,50.00,21,7.9385,8.981,NVIDIA L4,4875190
cifar10,resnet18,layer4_last,3,95.0,0.03,20,42,94.9700,95.7111,88.3000,86.7400,96.3778,0.0000,96.4556,0.0000,-0.0778,26,192,37.50,100.00,26,7.9385,18.918,NVIDIA L4,4875190
cifar10,resnet18,layer4_last,3,95.0,0.03,5,42,94.9700,95.7111,88.3000,86.7300,96.3444,0.2000,96.4556,0.0000,-0.1111,26,130,25.39,25.00,0,7.9385,4.723,NVIDIA L4,4875190
cifar10,resnet18,layer4_last,3,95.0,0.1,1,42,94.9700,95.7111,88.3000,93.7300,96.3222,70.4000,96.4556,0.0000,-0.1333,26,26,5.08,5.00,-1,7.9385,0.998,NVIDIA L4,4875190
cifar10,resnet18,layer4_last,3,95.0,0.1,10,42,94.9700,95.7111,88.3000,86.6700,96.3000,0.0000,96.4556,0.0000,-0.1556,26,185,36.13,50.00,17,7.9385,10.684,NVIDIA L4,4875190
cifar10,resnet18,layer4_last,3,95.0,0.1,20,42,94.9700,95.7111,88.3000,86.7400,96.3778,0.0000,96.4556,0.0000,-0.0778,26,192,37.50,100.00,26,7.9385,19.813,NVIDIA L4,4875190
cifar10,resnet18,layer4_last,3,95.0,0.1,5,42,94.9700,95.7111,88.3000,87.0200,96.3556,3.0000,96.4556,0.0000,-0.1000,26,130,25.39,25.00,0,7.9385,5.366,NVIDIA L4,4875190
cifar10,resnet18,layer4_last,3,95.0,0.3,1,42,94.9700,95.7111,88.3000,93.8400,96.3000,71.7000,96.4556,0.0000,-0.1556,26,26,5.08,5.00,-1,7.7731,0.817,NVIDIA L4,4875190
cifar10,resnet18,layer4_last,3,95.0,0.3,10,42,94.9700,95.7111,88.3000,87.0200,96.3889,2.7000,96.4556,0.0000,-0.0667,26,170,33.20,50.00,9,7.7731,10.119,NVIDIA L4,4875190
cifar10,resnet18,layer4_last,3,95.0,0.3,20,42,94.9700,95.7111,88.3000,86.7400,96.3222,0.5000,96.4556,0.0000,-0.1333,26,188,36.72,100.00,23,7.7731,19.321,NVIDIA L4,4875190
cifar10,resnet18,layer4_last,3,95.0,0.3,5,42,94.9700,95.7111,88.3000,89.2000,96.3444,24.9000,96.4556,0.0000,-0.1111,26,124,24.22,25.00,0,7.7731,5.166,NVIDIA L4,4875190
cifar10,resnet18,layer4_last,3,95.0,0.5,1,42,94.9700,95.7111,88.3000,94.1200,96.2444,75.0000,96.4556,0.0000,-0.2111,26,26,5.08,5.00,-1,7.4836,0.929,NVIDIA L4,4875190
cifar10,resnet18,layer4_last,3,95.0,0.5,10,42,94.9700,95.7111,88.3000,88.3900,96.3778,16.5000,96.4556,0.0000,-0.0778,26,150,29.30,50.00,3,7.4836,8.713,NVIDIA L4,4875190
cifar10,resnet18,layer4_last,3,95.0,0.5,20,42,94.9700,95.7111,88.3000,86.9900,96.3889,2.4000,96.4556,0.0000,-0.0667,26,181,35.35,100.00,17,7.4836,18.311,NVIDIA L4,4875190
cifar10,resnet18,layer4_last,3,95.0,0.5,5,42,94.9700,95.7111,88.3000,90.9700,96.3222,42.8000,96.4556,0.0000,-0.1333,26,107,20.90,25.00,0,7.4836,4.444,NVIDIA L4,4875190
cifar10,resnet18,layer4_last,3,99.0,0.01,1,42,94.9700,95.7111,88.3000,94.6400,96.0444,82.0000,96.4556,0.0000,-0.4111,6,6,1.17,1.00,-1,4.9615,0.689,NVIDIA L4,4875190
cifar10,resnet18,layer4_last,3,99.0,0.01,10,42,94.9700,95.7111,88.3000,90.8800,96.3333,41.8000,96.4556,0.0000,-0.1222,6,60,11.72,10.00,0,4.9615,9.028,NVIDIA L4,4875190
cifar10,resnet18,layer4_last,3,99.0,0.01,20,42,94.9700,95.7111,88.3000,86.7300,96.3667,0.0000,96.4556,0.0000,-0.0889,6,120,23.44,20.00,0,4.9615,19.056,NVIDIA L4,4875190
cifar10,resnet18,layer4_last,3,99.0,0.01,5,42,94.9700,95.7111,88.3000,93.4600,96.3222,67.7000,96.4556,0.0000,-0.1333,6,30,5.86,5.00,0,4.9615,4.714,NVIDIA L4,4875190
cifar10,resnet18,layer4_last,3,99.0,0.03,1,42,94.9700,95.7111,88.3000,94.6500,96.0444,82.1000,96.4556,0.0000,-0.4111,6,6,1.17,1.00,-1,4.9615,1.271,NVIDIA L4,4875190
cifar10,resnet18,layer4_last,3,99.0,0.03,10,42,94.9700,95.7111,88.3000,90.9300,96.3222,42.4000,96.4556,0.0000,-0.1333,6,60,11.72,10.00,0,4.9615,9.208,NVIDIA L4,4875190
cifar10,resnet18,layer4_last,3,99.0,0.03,20,42,94.9700,95.7111,88.3000,86.7300,96.3667,0.0000,96.4556,0.0000,-0.0889,6,120,23.44,20.00,0,4.9615,18.505,NVIDIA L4,4875190
cifar10,resnet18,layer4_last,3,99.0,0.03,5,42,94.9700,95.7111,88.3000,93.4700,96.3222,67.8000,96.4556,0.0000,-0.1333,6,30,5.86,5.00,0,4.9615,4.669,NVIDIA L4,4875190
cifar10,resnet18,layer4_last,3,99.0,0.1,1,42,94.9700,95.7111,88.3000,94.6500,96.0333,82.2000,96.4556,0.0000,-0.4222,6,6,1.17,1.00,-1,4.9615,0.989,NVIDIA L4,4875190
cifar10,resnet18,layer4_last,3,99.0,0.1,10,42,94.9700,95.7111,88.3000,91.2200,96.3222,45.3000,96.4556,0.0000,-0.1333,6,60,11.72,10.00,0,4.9615,8.998,NVIDIA L4,4875190
cifar10,resnet18,layer4_last,3,99.0,0.1,20,42,94.9700,95.7111,88.3000,87.0700,96.3444,3.6000,96.4556,0.0000,-0.1111,6,120,23.44,20.00,0,4.9615,17.490,NVIDIA L4,4875190
cifar10,resnet18,layer4_last,3,99.0,0.1,5,42,94.9700,95.7111,88.3000,93.5100,96.3222,68.2000,96.4556,0.0000,-0.1333,6,30,5.86,5.00,0,4.9615,4.858,NVIDIA L4,4875190
cifar10,resnet18,layer4_last,3,99.0,0.3,1,42,94.9700,95.7111,88.3000,94.7200,96.0444,82.8000,96.4556,0.0000,-0.4111,6,6,1.17,1.00,-1,4.7135,0.707,NVIDIA L4,4875190
cifar10,resnet18,layer4_last,3,99.0,0.3,10,42,94.9700,95.7111,88.3000,92.0700,96.3111,53.9000,96.4556,0.0000,-0.1444,6,60,11.72,10.00,0,4.7135,8.384,NVIDIA L4,4875190
cifar10,resnet18,layer4_last,3,99.0,0.3,20,42,94.9700,95.7111,88.3000,89.2500,96.3556,25.3000,96.4556,0.0000,-0.1000,6,114,22.27,20.00,0,4.7135,18.744,NVIDIA L4,4875190
cifar10,resnet18,layer4_last,3,99.0,0.3,5,42,94.9700,95.7111,88.3000,93.7200,96.3444,70.1000,96.4556,0.0000,-0.1111,6,30,5.86,5.00,0,4.7135,4.082,NVIDIA L4,4875190
cifar10,resnet18,layer4_last,3,99.0,0.5,1,42,94.9700,95.7111,88.3000,94.7900,95.9889,84.0000,96.4556,0.0000,-0.4667,6,6,1.17,1.00,-1,4.2587,0.770,NVIDIA L4,4875190
cifar10,resnet18,layer4_last,3,99.0,0.5,10,42,94.9700,95.7111,88.3000,93.1500,96.2667,65.1000,96.4556,0.0000,-0.1889,6,56,10.94,10.00,0,4.2587,9.124,NVIDIA L4,4875190
cifar10,resnet18,layer4_last,3,99.0,0.5,20,42,94.9700,95.7111,88.3000,91.3000,96.3000,46.3000,96.4556,0.0000,-0.1556,6,103,20.12,20.00,0,4.2587,17.914,NVIDIA L4,4875190
cifar10,resnet18,layer4_last,3,99.0,0.5,5,42,94.9700,95.7111,88.3000,94.0300,96.2778,73.8000,96.4556,0.0000,-0.1778,6,30,5.86,5.00,0,4.2587,4.004,NVIDIA L4,4875190
cifar10,resnet18,layer4_last,5,50.0,0.01,1,42,94.9700,95.2333,92.6000,85.9700,95.4667,0.5000,95.9444,0.0000,-0.4778,256,256,50.00,50.00,-1,16.8279,0.718,NVIDIA L4,4875190
cifar10,resnet18,layer4_last,5,50.0,0.01,10,42,94.9700,95.2333,92.6000,85.0200,91.7111,24.8000,95.9444,0.0000,-4.2333,256,406,79.30,100.00,255,16.8279,9.251,NVIDIA L4,4875190
cifar10,resnet18,layer4_last,5,50.0,0.01,20,42,94.9700,95.2333,92.6000,85.8300,92.4889,25.9000,95.9444,0.0000,-3.4556,256,407,79.49,100.00,256,16.8279,19.372,NVIDIA L4,4875190
cifar10,resnet18,layer4_last,5,50.0,0.01,5,42,94.9700,95.2333,92.6000,85.2600,92.5556,19.6000,95.9444,0.0000,-3.3889,256,391,76.37,100.00,239,16.8279,4.477,NVIDIA L4,4875190
cifar10,resnet18,layer4_last,5,50.0,0.03,1,42,94.9700,95.2333,92.6000,86.0400,95.4667,1.2000,95.9444,0.0000,-0.4778,256,256,50.00,50.00,-1,16.8279,1.012,NVIDIA L4,4875190
cifar10,resnet18,layer4_last,5,50.0,0.03,10,42,94.9700,95.2333,92.6000,85.0100,91.8333,23.6000,95.9444,0.0000,-4.1111,256,405,79.10,100.00,252,16.8279,9.189,NVIDIA L4,4875190
cifar10,resnet18,layer4_last,5,50.0,0.03,20,42,94.9700,95.2333,92.6000,85.8600,92.5889,25.3000,95.9444,0.0000,-3.3556,256,407,79.49,100.00,256,16.8279,18.445,NVIDIA L4,4875190
cifar10,resnet18,layer4_last,5,50.0,0.03,5,42,94.9700,95.2333,92.6000,85.2700,92.8000,17.5000,95.9444,0.0000,-3.1444,256,386,75.39,100.00,236,16.8279,4.883,NVIDIA L4,4875190
cifar10,resnet18,layer4_last,5,50.0,0.1,1,42,94.9700,95.2333,92.6000,87.7700,95.4667,18.5000,95.9444,0.0000,-0.4778,256,256,50.00,50.00,-1,16.8279,0.750,NVIDIA L4,4875190
cifar10,resnet18,layer4_last,5,50.0,0.1,10,42,94.9700,95.2333,92.6000,85.2300,92.3333,21.3000,95.9444,0.0000,-3.6111,256,400,78.12,100.00,246,16.8279,9.494,NVIDIA L4,4875190
cifar10,resnet18,layer4_last,5,50.0,0.1,20,42,94.9700,95.2333,92.6000,85.9600,92.7556,24.8000,95.9444,0.0000,-3.1889,256,407,79.49,100.00,255,16.8279,18.961,NVIDIA L4,4875190
cifar10,resnet18,layer4_last,5,50.0,0.1,5,42,94.9700,95.2333,92.6000,85.0300,93.2556,11.0000,95.9444,0.0000,-2.6889,256,372,72.66,100.00,233,16.8279,4.777,NVIDIA L4,4875190
cifar10,resnet18,layer4_last,5,50.0,0.3,1,42,94.9700,95.2333,92.6000,91.8100,95.5111,58.5000,95.9444,0.0000,-0.4333,256,256,50.00,50.00,-1,16.7038,0.912,NVIDIA L4,4875190
cifar10,resnet18,layer4_last,5,50.0,0.3,10,42,94.9700,95.2333,92.6000,85.1900,93.4889,10.5000,95.9444,0.0000,-2.4556,256,383,74.80,100.00,245,16.7038,9.659,NVIDIA L4,4875190
cifar10,resnet18,layer4_last,5,50.0,0.3,20,42,94.9700,95.2333,92.6000,85.7800,93.0444,20.4000,95.9444,0.0000,-2.9000,256,404,78.91,100.00,250,16.7038,19.623,NVIDIA L4,4875190
cifar10,resnet18,layer4_last,5,50.0,0.3,5,42,94.9700,95.2333,92.6000,84.4700,93.5889,2.4000,95.9444,0.0000,-2.3556,256,350,68.36,100.00,227,16.7038,4.470,NVIDIA L4,4875190
cifar10,resnet18,layer4_last,5,50.0,0.5,1,42,94.9700,95.2333,92.6000,93.8400,95.6333,77.7000,95.9444,0.0000,-0.3111,256,256,50.00,50.00,-1,16.2904,3.174,NVIDIA L4,4875190
cifar10,resnet18,layer4_last,5,50.0,0.5,10,42,94.9700,95.2333,92.6000,85.2900,94.5222,2.2000,95.9444,0.0000,-1.4222,256,362,70.70,100.00,235,16.2904,11.850,NVIDIA L4,4875190
cifar10,resnet18,layer4_last,5,50.0,0.5,20,42,94.9700,95.2333,92.6000,85.8200,94.2889,9.6000,95.9444,0.0000,-1.6556,256,394,76.95,100.00,246,16.2904,21.270,NVIDIA L4,4875190
cifar10,resnet18,layer4_last,5,50.0,0.5,5,42,94.9700,95.2333,92.6000,86.1300,95.2000,4.5000,95.9444,0.0000,-0.7444,256,329,64.26,100.00,222,16.2904,7.107,NVIDIA L4,4875190
cifar10,resnet18,layer4_last,5,75.0,0.01,1,42,94.9700,95.2333,92.6000,86.1800,95.7556,0.0000,95.9444,0.0000,-0.1889,128,128,25.00,25.00,-1,9.6336,0.777,NVIDIA L4,4875190
cifar10,resnet18,layer4_last,5,75.0,0.01,10,42,94.9700,95.2333,92.6000,85.8800,95.4111,0.1000,95.9444,0.0000,-0.5333,128,233,45.51,100.00,128,9.6336,8.587,NVIDIA L4,4875190
cifar10,resnet18,layer4_last,5,75.0,0.01,20,42,94.9700,95.2333,92.6000,85.8800,95.4111,0.1000,95.9444,0.0000,-0.5333,128,233,45.51,100.00,128,9.6336,17.607,NVIDIA L4,4875190
cifar10,resnet18,layer4_last,5,75.0,0.01,5,42,94.9700,95.2333,92.6000,85.9500,95.4889,0.1000,95.9444,0.0000,-0.4556,128,230,44.92,100.00,122,9.6336,4.356,NVIDIA L4,4875190
cifar10,resnet18,layer4_last,5,75.0,0.03,1,42,94.9700,95.2333,92.6000,86.1900,95.7667,0.0000,95.9444,0.0000,-0.1778,128,128,25.00,25.00,-1,9.6336,0.805,NVIDIA L4,4875190
cifar10,resnet18,layer4_last,5,75.0,0.03,10,42,94.9700,95.2333,92.6000,85.8900,95.4222,0.1000,95.9444,0.0000,-0.5222,128,232,45.31,100.00,127,9.6336,9.395,NVIDIA L4,4875190
cifar10,resnet18,layer4_last,5,75.0,0.03,20,42,94.9700,95.2333,92.6000,85.8800,95.4111,0.1000,95.9444,0.0000,-0.5333,128,233,45.51,100.00,128,9.6336,18.711,NVIDIA L4,4875190
cifar10,resnet18,layer4_last,5,75.0,0.03,5,42,94.9700,95.2333,92.6000,85.9600,95.5000,0.1000,95.9444,0.0000,-0.4444,128,229,44.73,100.00,116,9.6336,4.386,NVIDIA L4,4875190
cifar10,resnet18,layer4_last,5,75.0,0.1,1,42,94.9700,95.2333,92.6000,86.2400,95.7556,0.6000,95.9444,0.0000,-0.1889,128,128,25.00,25.00,-1,9.6336,1.067,NVIDIA L4,4875190
cifar10,resnet18,layer4_last,5,75.0,0.1,10,42,94.9700,95.2333,92.6000,85.9500,95.4889,0.1000,95.9444,0.0000,-0.4556,128,231,45.12,100.00,126,9.6336,9.905,NVIDIA L4,4875190
cifar10,resnet18,layer4_last,5,75.0,0.1,20,42,94.9700,95.2333,92.6000,85.8600,95.3889,0.1000,95.9444,0.0000,-0.5556,128,233,45.51,100.00,128,9.6336,19.405,NVIDIA L4,4875190
cifar10,resnet18,layer4_last,5,75.0,0.1,5,42,94.9700,95.2333,92.6000,86.0100,95.5556,0.1000,95.9444,0.0000,-0.3889,128,225,43.95,100.00,107,9.6336,4.972,NVIDIA L4,4875190
cifar10,resnet18,layer4_last,5,75.0,0.3,1,42,94.9700,95.2333,92.6000,89.8700,95.7444,37.0000,95.9444,0.0000,-0.2000,128,128,25.00,25.00,-1,9.5923,0.870,NVIDIA L4,4875190
cifar10,resnet18,layer4_last,5,75.0,0.3,10,42,94.9700,95.2333,92.6000,85.9500,95.4889,0.1000,95.9444,0.0000,-0.4556,128,228,44.53,100.00,119,9.5923,10.167,NVIDIA L4,4875190
cifar10,resnet18,layer4_last,5,75.0,0.3,20,42,94.9700,95.2333,92.6000,85.9400,95.4778,0.1000,95.9444,0.0000,-0.4667,128,232,45.31,100.00,126,9.5923,19.716,NVIDIA L4,4875190
cifar10,resnet18,layer4_last,5,75.0,0.3,5,42,94.9700,95.2333,92.6000,86.0800,95.6444,0.0000,95.9444,0.0000,-0.3000,128,209,40.82,100.00,97,9.5923,5.390,NVIDIA L4,4875190
cifar10,resnet18,layer4_last,5,75.0,0.5,1,42,94.9700,95.2333,92.6000,93.1700,95.7444,70.0000,95.9444,0.0000,-0.2000,128,128,25.00,25.00,-1,9.5096,0.816,NVIDIA L4,4875190
cifar10,resnet18,layer4_last,5,75.0,0.5,10,42,94.9700,95.2333,92.6000,86.0800,95.6333,0.1000,95.9444,0.0000,-0.3111,128,220,42.97,100.00,109,9.5096,9.710,NVIDIA L4,4875190
cifar10,resnet18,layer4_last,5,75.0,0.5,20,42,94.9700,95.2333,92.6000,86.0200,95.5667,0.1000,95.9444,0.0000,-0.3778,128,230,44.92,100.00,125,9.5096,19.338,NVIDIA L4,4875190
cifar10,resnet18,layer4_last,5,75.0,0.5,5,42,94.9700,95.2333,92.6000,86.1700,95.7333,0.1000,95.9444,0.0000,-0.2111,128,190,37.11,100.00,96,9.5096,4.925,NVIDIA L4,4875190
cifar10,resnet18,layer4_last,5,90.0,0.01,1,42,94.9700,95.2333,92.6000,91.2600,95.8667,49.8000,95.9444,0.0000,-0.0778,52,52,10.16,10.00,-1,7.1115,0.716,NVIDIA L4,4875190
cifar10,resnet18,layer4_last,5,90.0,0.01,10,42,94.9700,95.2333,92.6000,86.1400,95.7111,0.0000,95.9444,0.0000,-0.2333,52,172,33.59,100.00,50,7.1115,8.381,NVIDIA L4,4875190
cifar10,resnet18,layer4_last,5,90.0,0.01,20,42,94.9700,95.2333,92.6000,86.1400,95.7111,0.0000,95.9444,0.0000,-0.2333,52,172,33.59,100.00,52,7.1115,17.108,NVIDIA L4,4875190
cifar10,resnet18,layer4_last,5,90.0,0.01,5,42,94.9700,95.2333,92.6000,86.1500,95.7222,0.0000,95.9444,0.0000,-0.2222,52,163,31.84,50.00,39,7.1115,4.163,NVIDIA L4,4875190
cifar10,resnet18,layer4_last,5,90.0,0.03,1,42,94.9700,95.2333,92.6000,91.3400,95.8667,50.6000,95.9444,0.0000,-0.0778,52,52,10.16,10.00,-1,7.1115,0.906,NVIDIA L4,4875190
cifar10,resnet18,layer4_last,5,90.0,0.03,10,42,94.9700,95.2333,92.6000,86.1400,95.7111,0.0000,95.9444,0.0000,-0.2333,52,172,33.59,100.00,50,7.1115,8.655,NVIDIA L4,4875190
cifar10,resnet18,layer4_last,5,90.0,0.03,20,42,94.9700,95.2333,92.6000,86.1400,95.7111,0.0000,95.9444,0.0000,-0.2333,52,172,33.59,100.00,52,7.1115,17.376,NVIDIA L4,4875190
cifar10,resnet18,layer4_last,5,90.0,0.03,5,42,94.9700,95.2333,92.6000,86.1800,95.7556,0.0000,95.9444,0.0000,-0.1889,52,161,31.45,50.00,38,7.1115,4.782,NVIDIA L4,4875190
cifar10,resnet18,layer4_last,5,90.0,0.1,1,42,94.9700,95.2333,92.6000,91.6600,95.8667,53.8000,95.9444,0.0000,-0.0778,52,52,10.16,10.00,-1,7.1115,1.045,NVIDIA L4,4875190
cifar10,resnet18,layer4_last,5,90.0,0.1,10,42,94.9700,95.2333,92.6000,86.1100,95.6778,0.0000,95.9444,0.0000,-0.2667,52,169,33.01,100.00,49,7.1115,9.491,NVIDIA L4,4875190
cifar10,resnet18,layer4_last,5,90.0,0.1,20,42,94.9700,95.2333,92.6000,86.1400,95.7111,0.0000,95.9444,0.0000,-0.2333,52,172,33.59,100.00,52,7.1115,18.498,NVIDIA L4,4875190
cifar10,resnet18,layer4_last,5,90.0,0.1,5,42,94.9700,95.2333,92.6000,86.2100,95.7889,0.0000,95.9444,0.0000,-0.1556,52,155,30.27,50.00,35,7.1115,5.138,NVIDIA L4,4875190
cifar10,resnet18,layer4_last,5,90.0,0.3,1,42,94.9700,95.2333,92.6000,92.6700,95.8556,64.0000,95.9444,0.0000,-0.0889,52,52,10.16,10.00,-1,7.1115,0.678,NVIDIA L4,4875190
cifar10,resnet18,layer4_last,5,90.0,0.3,10,42,94.9700,95.2333,92.6000,86.1600,95.7333,0.0000,95.9444,0.0000,-0.2111,52,160,31.25,100.00,42,7.1115,8.414,NVIDIA L4,4875190
cifar10,resnet18,layer4_last,5,90.0,0.3,20,42,94.9700,95.2333,92.6000,86.1300,95.7000,0.0000,95.9444,0.0000,-0.2444,52,172,33.59,100.00,50,7.1115,17.192,NVIDIA L4,4875190
cifar10,resnet18,layer4_last,5,90.0,0.3,5,42,94.9700,95.2333,92.6000,86.1700,95.7222,0.2000,95.9444,0.0000,-0.2222,52,142,27.73,50.00,21,7.1115,4.236,NVIDIA L4,4875190
cifar10,resnet18,layer4_last,5,90.0,0.5,1,42,94.9700,95.2333,92.6000,93.8000,95.8111,75.7000,95.9444,0.0000,-0.1333,52,52,10.16,10.00,-1,6.7394,0.806,NVIDIA L4,4875190
cifar10,resnet18,layer4_last,5,90.0,0.5,10,42,94.9700,95.2333,92.6000,86.2100,95.7778,0.1000,95.9444,0.0000,-0.1667,52,149,29.10,100.00,33,6.7394,8.924,NVIDIA L4,4875190
cifar10,resnet18,layer4_last,5,90.0,0.5,20,42,94.9700,95.2333,92.6000,86.1800,95.7556,0.0000,95.9444,0.0000,-0.1889,52,163,31.84,100.00,47,6.7394,18.940,NVIDIA L4,4875190
cifar10,resnet18,layer4_last,5,90.0,0.5,5,42,94.9700,95.2333,92.6000,86.5200,95.8222,2.8000,95.9444,0.0000,-0.1222,52,122,23.83,50.00,14,6.7394,4.743,NVIDIA L4,4875190
cifar10,resnet18,layer4_last,5,95.0,0.01,1,42,94.9700,95.2333,92.6000,93.6900,95.8111,74.6000,95.9444,0.0000,-0.1333,26,26,5.08,5.00,-1,6.1192,0.643,NVIDIA L4,4875190
cifar10,resnet18,layer4_last,5,95.0,0.01,10,42,94.9700,95.2333,92.6000,86.1500,95.7222,0.0000,95.9444,0.0000,-0.2222,26,147,28.71,50.00,24,6.1192,8.958,NVIDIA L4,4875190
cifar10,resnet18,layer4_last,5,95.0,0.01,20,42,94.9700,95.2333,92.6000,86.1700,95.7444,0.0000,95.9444,0.0000,-0.2000,26,148,28.91,100.00,26,6.1192,18.420,NVIDIA L4,4875190
cifar10,resnet18,layer4_last,5,95.0,0.01,5,42,94.9700,95.2333,92.6000,86.2400,95.8222,0.0000,95.9444,0.0000,-0.1222,26,123,24.02,25.00,1,6.1192,4.460,NVIDIA L4,4875190
cifar10,resnet18,layer4_last,5,95.0,0.03,1,42,94.9700,95.2333,92.6000,93.6900,95.8111,74.6000,95.9444,0.0000,-0.1333,26,26,5.08,5.00,-1,6.1192,0.967,NVIDIA L4,4875190
cifar10,resnet18,layer4_last,5,95.0,0.03,10,42,94.9700,95.2333,92.6000,86.1500,95.7222,0.0000,95.9444,0.0000,-0.2222,26,147,28.71,50.00,23,6.1192,9.126,NVIDIA L4,4875190
cifar10,resnet18,layer4_last,5,95.0,0.03,20,42,94.9700,95.2333,92.6000,86.1700,95.7444,0.0000,95.9444,0.0000,-0.2000,26,148,28.91,100.00,26,6.1192,19.046,NVIDIA L4,4875190
cifar10,resnet18,layer4_last,5,95.0,0.03,5,42,94.9700,95.2333,92.6000,86.2400,95.8222,0.0000,95.9444,0.0000,-0.1222,26,123,24.02,25.00,1,6.1192,4.691,NVIDIA L4,4875190
cifar10,resnet18,layer4_last,5,95.0,0.1,1,42,94.9700,95.2333,92.6000,93.7200,95.8000,75.0000,95.9444,0.0000,-0.1444,26,26,5.08,5.00,-1,6.1192,0.991,NVIDIA L4,4875190
cifar10,resnet18,layer4_last,5,95.0,0.1,10,42,94.9700,95.2333,92.6000,86.1300,95.7000,0.0000,95.9444,0.0000,-0.2444,26,144,28.12,50.00,21,6.1192,9.391,NVIDIA L4,4875190
cifar10,resnet18,layer4_last,5,95.0,0.1,20,42,94.9700,95.2333,92.6000,86.1900,95.7667,0.0000,95.9444,0.0000,-0.1778,26,148,28.91,100.00,26,6.1192,18.479,NVIDIA L4,4875190
cifar10,resnet18,layer4_last,5,95.0,0.1,5,42,94.9700,95.2333,92.6000,86.2600,95.8333,0.1000,95.9444,0.0000,-0.1111,26,121,23.63,25.00,2,6.1192,4.441,NVIDIA L4,4875190
cifar10,resnet18,layer4_last,5,95.0,0.3,1,42,94.9700,95.2333,92.6000,93.9500,95.8222,77.1000,95.9444,0.0000,-0.1222,26,26,5.08,5.00,-1,6.0779,1.135,NVIDIA L4,4875190
cifar10,resnet18,layer4_last,5,95.0,0.3,10,42,94.9700,95.2333,92.6000,86.1400,95.6889,0.2000,95.9444,0.0000,-0.2556,26,135,26.37,50.00,14,6.0779,9.388,NVIDIA L4,4875190
cifar10,resnet18,layer4_last,5,95.0,0.3,20,42,94.9700,95.2333,92.6000,86.1700,95.7333,0.1000,95.9444,0.0000,-0.2111,26,147,28.71,100.00,23,6.0779,18.060,NVIDIA L4,4875190
cifar10,resnet18,layer4_last,5,95.0,0.3,5,42,94.9700,95.2333,92.6000,87.3600,95.8111,11.3000,95.9444,0.0000,-0.1333,26,112,21.88,25.00,1,6.0779,4.765,NVIDIA L4,4875190
cifar10,resnet18,layer4_last,5,95.0,0.5,1,42,94.9700,95.2333,92.6000,94.2900,95.7556,81.1000,95.9444,0.0000,-0.1889,26,26,5.08,5.00,-1,5.9125,0.698,NVIDIA L4,4875190
cifar10,resnet18,layer4_last,5,95.0,0.5,10,42,94.9700,95.2333,92.6000,86.5900,95.8222,3.5000,95.9444,0.0000,-0.1222,26,121,23.63,50.00,6,5.9125,9.301,NVIDIA L4,4875190
cifar10,resnet18,layer4_last,5,95.0,0.5,20,42,94.9700,95.2333,92.6000,86.1900,95.7333,0.3000,95.9444,0.0000,-0.2111,26,143,27.93,100.00,21,5.9125,18.784,NVIDIA L4,4875190
cifar10,resnet18,layer4_last,5,95.0,0.5,5,42,94.9700,95.2333,92.6000,90.2400,95.8000,40.2000,95.9444,0.0000,-0.1444,26,97,18.95,25.00,0,5.9125,4.291,NVIDIA L4,4875190
cifar10,resnet18,layer4_last,5,99.0,0.01,1,42,94.9700,95.2333,92.6000,94.8700,95.7444,87.0000,95.9444,0.0000,-0.2000,6,6,1.17,1.00,-1,4.7548,0.760,NVIDIA L4,4875190
cifar10,resnet18,layer4_last,5,99.0,0.01,10,42,94.9700,95.2333,92.6000,90.1200,95.8667,38.4000,95.9444,0.0000,-0.0778,6,60,11.72,10.00,0,4.7548,8.983,NVIDIA L4,4875190
cifar10,resnet18,layer4_last,5,99.0,0.01,20,42,94.9700,95.2333,92.6000,86.2300,95.8111,0.0000,95.9444,0.0000,-0.1333,6,115,22.46,20.00,1,4.7548,18.462,NVIDIA L4,4875190
cifar10,resnet18,layer4_last,5,99.0,0.01,5,42,94.9700,95.2333,92.6000,93.3400,95.8556,70.7000,95.9444,0.0000,-0.0889,6,30,5.86,5.00,0,4.7548,4.469,NVIDIA L4,4875190
cifar10,resnet18,layer4_last,5,99.0,0.03,1,42,94.9700,95.2333,92.6000,94.8700,95.7444,87.0000,95.9444,0.0000,-0.2000,6,6,1.17,1.00,-1,4.7135,0.875,NVIDIA L4,4875190
cifar10,resnet18,layer4_last,5,99.0,0.03,10,42,94.9700,95.2333,92.6000,90.2400,95.8667,39.6000,95.9444,0.0000,-0.0778,6,60,11.72,10.00,0,4.7135,9.470,NVIDIA L4,4875190
cifar10,resnet18,layer4_last,5,99.0,0.03,20,42,94.9700,95.2333,92.6000,86.2400,95.8111,0.1000,95.9444,0.0000,-0.1333,6,114,22.27,20.00,2,4.7135,19.062,NVIDIA L4,4875190
cifar10,resnet18,layer4_last,5,99.0,0.03,5,42,94.9700,95.2333,92.6000,93.3400,95.8556,70.7000,95.9444,0.0000,-0.0889,6,30,5.86,5.00,0,4.7135,4.597,NVIDIA L4,4875190
cifar10,resnet18,layer4_last,5,99.0,0.1,1,42,94.9700,95.2333,92.6000,94.8600,95.7333,87.0000,95.9444,0.0000,-0.2111,6,6,1.17,1.00,-1,4.6721,0.808,NVIDIA L4,4875190
cifar10,resnet18,layer4_last,5,99.0,0.1,10,42,94.9700,95.2333,92.6000,90.6200,95.8778,43.3000,95.9444,0.0000,-0.0667,6,60,11.72,10.00,0,4.6721,9.378,NVIDIA L4,4875190
cifar10,resnet18,layer4_last,5,99.0,0.1,20,42,94.9700,95.2333,92.6000,86.2500,95.8111,0.2000,95.9444,0.0000,-0.1333,6,113,22.07,20.00,1,4.6721,18.978,NVIDIA L4,4875190
cifar10,resnet18,layer4_last,5,99.0,0.1,5,42,94.9700,95.2333,92.6000,93.3900,95.8556,71.2000,95.9444,0.0000,-0.0889,6,30,5.86,5.00,0,4.6721,4.040,NVIDIA L4,4875190
cifar10,resnet18,layer4_last,5,99.0,0.3,1,42,94.9700,95.2333,92.6000,94.8900,95.7111,87.5000,95.9444,0.0000,-0.2333,6,6,1.17,1.00,-1,4.3413,1.003,NVIDIA L4,4875190
cifar10,resnet18,layer4_last,5,99.0,0.3,10,42,94.9700,95.2333,92.6000,92.1000,95.8778,58.1000,95.9444,0.0000,-0.0667,6,58,11.33,10.00,0,4.3413,9.106,NVIDIA L4,4875190
cifar10,resnet18,layer4_last,5,99.0,0.3,20,42,94.9700,95.2333,92.6000,87.7900,95.7556,16.1000,95.9444,0.0000,-0.1889,6,105,20.51,20.00,1,4.3413,17.829,NVIDIA L4,4875190
cifar10,resnet18,layer4_last,5,99.0,0.3,5,42,94.9700,95.2333,92.6000,93.7600,95.8556,74.9000,95.9444,0.0000,-0.0889,6,30,5.86,5.00,0,4.3413,4.268,NVIDIA L4,4875190
cifar10,resnet18,layer4_last,5,99.0,0.5,1,42,94.9700,95.2333,92.6000,94.9100,95.6111,88.6000,95.9444,0.0000,-0.3333,6,6,1.17,1.00,-1,3.7625,0.924,NVIDIA L4,4875190
cifar10,resnet18,layer4_last,5,99.0,0.5,10,42,94.9700,95.2333,92.6000,93.3500,95.8556,70.8000,95.9444,0.0000,-0.0889,6,54,10.55,10.00,0,3.7625,8.764,NVIDIA L4,4875190
cifar10,resnet18,layer4_last,5,99.0,0.5,20,42,94.9700,95.2333,92.6000,90.8100,95.8667,45.3000,95.9444,0.0000,-0.0778,6,91,17.77,20.00,0,3.7625,17.605,NVIDIA L4,4875190
cifar10,resnet18,layer4_last,5,99.0,0.5,5,42,94.9700,95.2333,92.6000,94.1200,95.7889,79.1000,95.9444,0.0000,-0.1556,6,28,5.47,5.00,0,3.7625,4.526,NVIDIA L4,4875190
cifar10,resnet18,layer4_last,8,50.0,0.01,1,42,94.9700,94.7778,96.7000,85.1800,94.6444,0.0000,95.0000,0.0000,-0.3556,256,256,50.00,50.00,-1,16.6211,0.763,NVIDIA L4,4875190
cifar10,resnet18,layer4_last,8,50.0,0.01,10,42,94.9700,94.7778,96.7000,83.5400,92.8222,0.0000,95.0000,0.0000,-2.1778,256,400,78.12,100.00,255,16.6211,9.069,NVIDIA L4,4875190
cifar10,resnet18,layer4_last,8,50.0,0.01,20,42,94.9700,94.7778,96.7000,83.6100,92.9000,0.0000,95.0000,0.0000,-2.1000,256,402,78.52,100.00,256,16.6211,18.166,NVIDIA L4,4875190
cifar10,resnet18,layer4_last,8,50.0,0.01,5,42,94.9700,94.7778,96.7000,83.4100,92.6778,0.0000,95.0000,0.0000,-2.3222,256,389,75.98,100.00,243,16.6211,4.282,NVIDIA L4,4875190
cifar10,resnet18,layer4_last,8,50.0,0.03,1,42,94.9700,94.7778,96.7000,85.1900,94.6556,0.0000,95.0000,0.0000,-0.3444,256,256,50.00,50.00,-1,16.7038,0.930,NVIDIA L4,4875190
cifar10,resnet18,layer4_last,8,50.0,0.03,10,42,94.9700,94.7778,96.7000,83.6200,92.9111,0.0000,95.0000,0.0000,-2.0889,256,399,77.93,100.00,254,16.7038,9.248,NVIDIA L4,4875190
cifar10,resnet18,layer4_last,8,50.0,0.03,20,42,94.9700,94.7778,96.7000,83.7300,93.0333,0.0000,95.0000,0.0000,-1.9667,256,404,78.91,100.00,256,16.7038,18.115,NVIDIA L4,4875190
cifar10,resnet18,layer4_last,8,50.0,0.03,5,42,94.9700,94.7778,96.7000,84.1200,93.4667,0.0000,95.0000,0.0000,-1.5333,256,382,74.61,100.00,240,16.7038,4.596,NVIDIA L4,4875190
cifar10,resnet18,layer4_last,8,50.0,0.1,1,42,94.9700,94.7778,96.7000,88.2800,94.6667,30.8000,95.0000,0.0000,-0.3333,256,256,50.00,50.00,-1,16.7452,0.852,NVIDIA L4,4875190
cifar10,resnet18,layer4_last,8,50.0,0.1,10,42,94.9700,94.7778,96.7000,83.7200,93.0222,0.0000,95.0000,0.0000,-1.9778,256,394,76.95,100.00,249,16.7452,9.316,NVIDIA L4,4875190
cifar10,resnet18,layer4_last,8,50.0,0.1,20,42,94.9700,94.7778,96.7000,83.2200,92.4667,0.0000,95.0000,0.0000,-2.5333,256,405,79.10,100.00,255,16.7452,18.496,NVIDIA L4,4875190
cifar10,resnet18,layer4_last,8,50.0,0.1,5,42,94.9700,94.7778,96.7000,84.2300,93.5889,0.0000,95.0000,0.0000,-1.4111,256,370,72.27,100.00,231,16.7452,4.661,NVIDIA L4,4875190
cifar10,resnet18,layer4_last,8,50.0,0.3,1,42,94.9700,94.7778,96.7000,92.7900,94.8444,74.3000,95.0000,0.0000,-0.1556,256,256,50.00,50.00,-1,16.5798,0.783,NVIDIA L4,4875190
cifar10,resnet18,layer4_last,8,50.0,0.3,10,42,94.9700,94.7778,96.7000,84.1800,93.5333,0.0000,95.0000,0.0000,-1.4667,256,386,75.39,100.00,240,16.5798,9.248,NVIDIA L4,4875190
cifar10,resnet18,layer4_last,8,50.0,0.3,20,42,94.9700,94.7778,96.7000,84.1500,93.5000,0.0000,95.0000,0.0000,-1.5000,256,401,78.32,100.00,253,16.5798,18.567,NVIDIA L4,4875190
cifar10,resnet18,layer4_last,8,50.0,0.3,5,42,94.9700,94.7778,96.7000,84.5900,93.9889,0.0000,95.0000,0.0000,-1.0111,256,342,66.80,100.00,227,16.5798,4.189,NVIDIA L4,4875190
cifar10,resnet18,layer4_last,8,50.0,0.5,1,42,94.9700,94.7778,96.7000,94.2700,95.0111,87.6000,95.0000,0.0000,+0.0111,256,256,50.00,50.00,-1,16.2077,3.459,NVIDIA L4,4875190
cifar10,resnet18,layer4_last,8,50.0,0.5,10,42,94.9700,94.7778,96.7000,84.6600,94.0667,0.0000,95.0000,0.0000,-0.9333,256,364,71.09,100.00,236,16.2077,12.317,NVIDIA L4,4875190
cifar10,resnet18,layer4_last,8,50.0,0.5,20,42,94.9700,94.7778,96.7000,84.2000,93.5556,0.0000,95.0000,0.0000,-1.4444,256,392,76.56,100.00,250,16.2077,21.708,NVIDIA L4,4875190
cifar10,resnet18,layer4_last,8,50.0,0.5,5,42,94.9700,94.7778,96.7000,84.9000,94.3333,0.0000,95.0000,0.0000,-0.6667,256,320,62.50,100.00,232,16.2077,7.166,NVIDIA L4,4875190
cifar10,resnet18,layer4_last,8,75.0,0.01,1,42,94.9700,94.7778,96.7000,85.4900,94.9889,0.0000,95.0000,0.0000,-0.0111,128,128,25.00,25.00,-1,8.3933,0.797,NVIDIA L4,4875190
cifar10,resnet18,layer4_last,8,75.0,0.01,10,42,94.9700,94.7778,96.7000,85.5100,95.0111,0.0000,95.0000,0.0000,+0.0111,128,203,39.65,100.00,127,8.3933,8.664,NVIDIA L4,4875190
cifar10,resnet18,layer4_last,8,75.0,0.01,20,42,94.9700,94.7778,96.7000,85.5100,95.0111,0.0000,95.0000,0.0000,+0.0111,128,203,39.65,100.00,128,8.3933,17.720,NVIDIA L4,4875190
cifar10,resnet18,layer4_last,8,75.0,0.01,5,42,94.9700,94.7778,96.7000,85.4300,94.9222,0.0000,95.0000,0.0000,-0.0778,128,187,36.52,100.00,120,8.3933,4.496,NVIDIA L4,4875190
cifar10,resnet18,layer4_last,8,75.0,0.03,1,42,94.9700,94.7778,96.7000,85.4900,94.9889,0.0000,95.0000,0.0000,-0.0111,128,128,25.00,25.00,-1,8.3933,0.769,NVIDIA L4,4875190
cifar10,resnet18,layer4_last,8,75.0,0.03,10,42,94.9700,94.7778,96.7000,85.5100,95.0111,0.0000,95.0000,0.0000,+0.0111,128,202,39.45,100.00,124,8.3933,8.928,NVIDIA L4,4875190
cifar10,resnet18,layer4_last,8,75.0,0.03,20,42,94.9700,94.7778,96.7000,85.5100,95.0111,0.0000,95.0000,0.0000,+0.0111,128,203,39.65,100.00,128,8.3933,17.903,NVIDIA L4,4875190
cifar10,resnet18,layer4_last,8,75.0,0.03,5,42,94.9700,94.7778,96.7000,85.4800,94.9778,0.0000,95.0000,0.0000,-0.0222,128,184,35.94,100.00,119,8.3933,4.482,NVIDIA L4,4875190
cifar10,resnet18,layer4_last,8,75.0,0.1,1,42,94.9700,94.7778,96.7000,85.6400,94.9889,1.5000,95.0000,0.0000,-0.0111,128,128,25.00,25.00,-1,8.3933,0.777,NVIDIA L4,4875190
cifar10,resnet18,layer4_last,8,75.0,0.1,10,42,94.9700,94.7778,96.7000,85.4700,94.9667,0.0000,95.0000,0.0000,-0.0333,128,197,38.48,100.00,123,8.3933,8.780,NVIDIA L4,4875190
cifar10,resnet18,layer4_last,8,75.0,0.1,20,42,94.9700,94.7778,96.7000,85.5000,95.0000,0.0000,95.0000,0.0000,+0.0000,128,203,39.65,100.00,128,8.3933,17.687,NVIDIA L4,4875190
cifar10,resnet18,layer4_last,8,75.0,0.1,5,42,94.9700,94.7778,96.7000,85.5400,95.0444,0.0000,95.0000,0.0000,+0.0444,128,175,34.18,100.00,117,8.3933,4.140,NVIDIA L4,4875190
cifar10,resnet18,layer4_last,8,75.0,0.3,1,42,94.9700,94.7778,96.7000,91.0800,95.0111,55.8000,95.0000,0.0000,+0.0111,128,128,25.00,25.00,-1,8.3519,0.787,NVIDIA L4,4875190
cifar10,resnet18,layer4_last,8,75.0,0.3,10,42,94.9700,94.7778,96.7000,85.5100,95.0111,0.0000,95.0000,0.0000,+0.0111,128,185,36.13,100.00,122,8.3519,9.494,NVIDIA L4,4875190
cifar10,resnet18,layer4_last,8,75.0,0.3,20,42,94.9700,94.7778,96.7000,85.4800,94.9778,0.0000,95.0000,0.0000,-0.0222,128,202,39.45,100.00,125,8.3519,18.485,NVIDIA L4,4875190
cifar10,resnet18,layer4_last,8,75.0,0.3,5,42,94.9700,94.7778,96.7000,85.6400,95.1556,0.0000,95.0000,0.0000,+0.1556,128,166,32.42,100.00,115,8.3519,4.541,NVIDIA L4,4875190
cifar10,resnet18,layer4_last,8,75.0,0.5,1,42,94.9700,94.7778,96.7000,93.7300,95.0667,81.7000,95.0000,0.0000,+0.0667,128,128,25.00,25.00,-1,7.8971,0.786,NVIDIA L4,4875190
cifar10,resnet18,layer4_last,8,75.0,0.5,10,42,94.9700,94.7778,96.7000,85.5500,95.0556,0.0000,95.0000,0.0000,+0.0556,128,172,33.59,100.00,120,7.8971,9.015,NVIDIA L4,4875190
cifar10,resnet18,layer4_last,8,75.0,0.5,20,42,94.9700,94.7778,96.7000,85.4800,94.9778,0.0000,95.0000,0.0000,-0.0222,128,191,37.30,100.00,123,7.8971,18.177,NVIDIA L4,4875190
cifar10,resnet18,layer4_last,8,75.0,0.5,5,42,94.9700,94.7778,96.7000,85.5200,95.0222,0.0000,95.0000,0.0000,+0.0222,128,157,30.66,100.00,113,7.8971,4.077,NVIDIA L4,4875190
cifar10,resnet18,layer4_last,8,90.0,0.01,1,42,94.9700,94.7778,96.7000,92.8100,95.0667,72.5000,95.0000,0.0000,+0.0667,52,52,10.16,10.00,-1,5.3750,0.751,NVIDIA L4,4875190
cifar10,resnet18,layer4_last,8,90.0,0.01,10,42,94.9700,94.7778,96.7000,85.4400,94.9333,0.0000,95.0000,0.0000,-0.0667,52,130,25.39,100.00,52,5.3750,8.331,NVIDIA L4,4875190
cifar10,resnet18,layer4_last,8,90.0,0.01,20,42,94.9700,94.7778,96.7000,85.4400,94.9333,0.0000,95.0000,0.0000,-0.0667,52,130,25.39,100.00,52,5.3750,16.861,NVIDIA L4,4875190
cifar10,resnet18,layer4_last,8,90.0,0.01,5,42,94.9700,94.7778,96.7000,85.5000,95.0000,0.0000,95.0000,0.0000,+0.0000,52,129,25.20,50.00,47,5.3750,3.915,NVIDIA L4,4875190
cifar10,resnet18,layer4_last,8,90.0,0.03,1,42,94.9700,94.7778,96.7000,92.8600,95.0667,73.0000,95.0000,0.0000,+0.0667,52,52,10.16,10.00,-1,5.3750,1.102,NVIDIA L4,4875190
cifar10,resnet18,layer4_last,8,90.0,0.03,10,42,94.9700,94.7778,96.7000,85.4400,94.9333,0.0000,95.0000,0.0000,-0.0667,52,130,25.39,100.00,52,5.3750,9.098,NVIDIA L4,4875190
cifar10,resnet18,layer4_last,8,90.0,0.03,20,42,94.9700,94.7778,96.7000,85.4400,94.9333,0.0000,95.0000,0.0000,-0.0667,52,130,25.39,100.00,52,5.3750,18.185,NVIDIA L4,4875190
cifar10,resnet18,layer4_last,8,90.0,0.03,5,42,94.9700,94.7778,96.7000,85.4900,94.9889,0.0000,95.0000,0.0000,-0.0111,52,128,25.00,50.00,46,5.3750,4.717,NVIDIA L4,4875190
cifar10,resnet18,layer4_last,8,90.0,0.1,1,42,94.9700,94.7778,96.7000,93.0000,95.0667,74.4000,95.0000,0.0000,+0.0667,52,52,10.16,10.00,-1,5.3750,0.937,NVIDIA L4,4875190
cifar10,resnet18,layer4_last,8,90.0,0.1,10,42,94.9700,94.7778,96.7000,85.4400,94.9333,0.0000,95.0000,0.0000,-0.0667,52,130,25.39,100.00,50,5.3750,9.404,NVIDIA L4,4875190
cifar10,resnet18,layer4_last,8,90.0,0.1,20,42,94.9700,94.7778,96.7000,85.4400,94.9333,0.0000,95.0000,0.0000,-0.0667,52,130,25.39,100.00,52,5.3750,17.917,NVIDIA L4,4875190
cifar10,resnet18,layer4_last,8,90.0,0.1,5,42,94.9700,94.7778,96.7000,85.3900,94.8778,0.0000,95.0000,0.0000,-0.1222,52,124,24.22,50.00,40,5.3750,4.589,NVIDIA L4,4875190
cifar10,resnet18,layer4_last,8,90.0,0.3,1,42,94.9700,94.7778,96.7000,93.5500,95.0667,79.9000,95.0000,0.0000,+0.0667,52,52,10.16,10.00,-1,5.3750,0.769,NVIDIA L4,4875190
cifar10,resnet18,layer4_last,8,90.0,0.3,10,42,94.9700,94.7778,96.7000,85.5000,95.0000,0.0000,95.0000,0.0000,+0.0000,52,126,24.61,100.00,46,5.3750,9.320,NVIDIA L4,4875190
cifar10,resnet18,layer4_last,8,90.0,0.3,20,42,94.9700,94.7778,96.7000,85.4900,94.9889,0.0000,95.0000,0.0000,-0.0111,52,130,25.39,100.00,51,5.3750,18.407,NVIDIA L4,4875190
cifar10,resnet18,layer4_last,8,90.0,0.3,5,42,94.9700,94.7778,96.7000,85.4500,94.9444,0.0000,95.0000,0.0000,-0.0556,52,115,22.46,50.00,26,5.3750,4.449,NVIDIA L4,4875190
cifar10,resnet18,layer4_last,8,90.0,0.5,1,42,94.9700,94.7778,96.7000,94.2300,95.0778,86.6000,95.0000,0.0000,+0.0778,52,52,10.16,10.00,-1,5.3336,0.789,NVIDIA L4,4875190
cifar10,resnet18,layer4_last,8,90.0,0.5,10,42,94.9700,94.7778,96.7000,85.4200,94.9111,0.0000,95.0000,0.0000,-0.0889,52,122,23.83,100.00,38,5.3336,8.848,NVIDIA L4,4875190
cifar10,resnet18,layer4_last,8,90.0,0.5,20,42,94.9700,94.7778,96.7000,85.4600,94.9556,0.0000,95.0000,0.0000,-0.0444,52,129,25.20,100.00,47,5.3336,17.708,NVIDIA L4,4875190
cifar10,resnet18,layer4_last,8,90.0,0.5,5,42,94.9700,94.7778,96.7000,86.1700,94.9778,6.9000,95.0000,0.0000,-0.0222,52,108,21.09,50.00,22,5.3336,4.280,NVIDIA L4,4875190
cifar10,resnet18,layer4_last,8,95.0,0.01,1,42,94.9700,94.7778,96.7000,94.5000,95.1000,89.1000,95.0000,0.0000,+0.1000,26,26,5.08,5.00,-1,4.7548,1.098,NVIDIA L4,4875190
cifar10,resnet18,layer4_last,8,95.0,0.01,10,42,94.9700,94.7778,96.7000,85.4400,94.9333,0.0000,95.0000,0.0000,-0.0667,26,115,22.46,50.00,26,4.7548,8.990,NVIDIA L4,4875190
cifar10,resnet18,layer4_last,8,95.0,0.01,20,42,94.9700,94.7778,96.7000,85.4400,94.9333,0.0000,95.0000,0.0000,-0.0667,26,115,22.46,100.00,26,4.7548,18.427,NVIDIA L4,4875190
cifar10,resnet18,layer4_last,8,95.0,0.01,5,42,94.9700,94.7778,96.7000,85.4600,94.9556,0.0000,95.0000,0.0000,-0.0444,26,112,21.88,25.00,2,4.7548,4.258,NVIDIA L4,4875190
cifar10,resnet18,layer4_last,8,95.0,0.03,1,42,94.9700,94.7778,96.7000,94.5100,95.1000,89.2000,95.0000,0.0000,+0.1000,26,26,5.08,5.00,-1,4.7548,0.942,NVIDIA L4,4875190
cifar10,resnet18,layer4_last,8,95.0,0.03,10,42,94.9700,94.7778,96.7000,85.4400,94.9333,0.0000,95.0000,0.0000,-0.0667,26,115,22.46,50.00,26,4.7548,9.036,NVIDIA L4,4875190
cifar10,resnet18,layer4_last,8,95.0,0.03,20,42,94.9700,94.7778,96.7000,85.4400,94.9333,0.0000,95.0000,0.0000,-0.0667,26,115,22.46,100.00,26,4.7548,18.116,NVIDIA L4,4875190
cifar10,resnet18,layer4_last,8,95.0,0.03,5,42,94.9700,94.7778,96.7000,85.4800,94.9778,0.0000,95.0000,0.0000,-0.0222,26,111,21.68,25.00,2,4.7548,4.528,NVIDIA L4,4875190
cifar10,resnet18,layer4_last,8,95.0,0.1,1,42,94.9700,94.7778,96.7000,94.5300,95.1000,89.4000,95.0000,0.0000,+0.1000,26,26,5.08,5.00,-1,4.7548,1.080,NVIDIA L4,4875190
cifar10,resnet18,layer4_last,8,95.0,0.1,10,42,94.9700,94.7778,96.7000,85.4400,94.9333,0.0000,95.0000,0.0000,-0.0667,26,115,22.46,50.00,24,4.7548,9.063,NVIDIA L4,4875190
cifar10,resnet18,layer4_last,8,95.0,0.1,20,42,94.9700,94.7778,96.7000,85.4400,94.9333,0.0000,95.0000,0.0000,-0.0667,26,115,22.46,100.00,26,4.7548,18.118,NVIDIA L4,4875190
cifar10,resnet18,layer4_last,8,95.0,0.1,5,42,94.9700,94.7778,96.7000,85.4800,94.9778,0.0000,95.0000,0.0000,-0.0222,26,109,21.29,25.00,3,4.7548,4.791,NVIDIA L4,4875190
cifar10,resnet18,layer4_last,8,95.0,0.3,1,42,94.9700,94.7778,96.7000,94.6600,95.0889,90.8000,95.0000,0.0000,+0.0889,26,26,5.08,5.00,-1,4.7548,1.084,NVIDIA L4,4875190
cifar10,resnet18,layer4_last,8,95.0,0.3,10,42,94.9700,94.7778,96.7000,85.4800,94.9667,0.1000,95.0000,0.0000,-0.0333,26,113,22.07,50.00,15,4.7548,9.133,NVIDIA L4,4875190
cifar10,resnet18,layer4_last,8,95.0,0.3,20,42,94.9700,94.7778,96.7000,85.4500,94.9444,0.0000,95.0000,0.0000,-0.0556,26,115,22.46,100.00,25,4.7548,18.271,NVIDIA L4,4875190
cifar10,resnet18,layer4_last,8,95.0,0.3,5,42,94.9700,94.7778,96.7000,87.0600,94.9556,16.0000,95.0000,0.0000,-0.0444,26,102,19.92,25.00,3,4.7548,4.552,NVIDIA L4,4875190
cifar10,resnet18,layer4_last,8,95.0,0.5,1,42,94.9700,94.7778,96.7000,94.6900,95.0000,91.9000,95.0000,0.0000,+0.0000,26,26,5.08,5.00,-1,4.7135,0.881,NVIDIA L4,4875190
cifar10,resnet18,layer4_last,8,95.0,0.5,10,42,94.9700,94.7778,96.7000,86.3400,95.0000,8.4000,95.0000,0.0000,+0.0000,26,106,20.70,50.00,8,4.7135,9.411,NVIDIA L4,4875190
cifar10,resnet18,layer4_last,8,95.0,0.5,20,42,94.9700,94.7778,96.7000,85.4900,94.9667,0.2000,95.0000,0.0000,-0.0333,26,114,22.27,100.00,21,4.7135,18.498,NVIDIA L4,4875190
cifar10,resnet18,layer4_last,8,95.0,0.5,5,42,94.9700,94.7778,96.7000,91.7700,95.0778,62.0000,95.0000,0.0000,+0.0778,26,92,17.97,25.00,2,4.7135,4.827,NVIDIA L4,4875190
cifar10,resnet18,layer4_last,8,99.0,0.01,1,42,94.9700,94.7778,96.7000,94.9000,94.9222,94.7000,95.0000,0.0000,-0.0778,6,6,1.17,1.00,-1,4.3413,0.787,NVIDIA L4,4875190
cifar10,resnet18,layer4_last,8,99.0,0.01,10,42,94.9700,94.7778,96.7000,91.7900,95.1111,61.9000,95.0000,0.0000,+0.1111,6,60,11.72,10.00,0,4.3413,9.141,NVIDIA L4,4875190
cifar10,resnet18,layer4_last,8,99.0,0.01,20,42,94.9700,94.7778,96.7000,85.4800,94.9778,0.0000,95.0000,0.0000,-0.0222,6,105,20.51,20.00,4,4.3413,18.082,NVIDIA L4,4875190
cifar10,resnet18,layer4_last,8,99.0,0.01,5,42,94.9700,94.7778,96.7000,94.3200,95.0667,87.6000,95.0000,0.0000,+0.0667,6,30,5.86,5.00,0,4.3413,4.400,NVIDIA L4,4875190
cifar10,resnet18,layer4_last,8,99.0,0.03,1,42,94.9700,94.7778,96.7000,94.9000,94.9222,94.7000,95.0000,0.0000,-0.0778,6,6,1.17,1.00,-1,4.3000,0.851,NVIDIA L4,4875190
cifar10,resnet18,layer4_last,8,99.0,0.03,10,42,94.9700,94.7778,96.7000,91.8900,95.1111,62.9000,95.0000,0.0000,+0.1111,6,60,11.72,10.00,0,4.3000,9.520,NVIDIA L4,4875190
cifar10,resnet18,layer4_last,8,99.0,0.03,20,42,94.9700,94.7778,96.7000,85.4800,94.9778,0.0000,95.0000,0.0000,-0.0222,6,104,20.31,20.00,4,4.3000,18.842,NVIDIA L4,4875190
cifar10,resnet18,layer4_last,8,99.0,0.03,5,42,94.9700,94.7778,96.7000,94.3200,95.0667,87.6000,95.0000,0.0000,+0.0667,6,30,5.86,5.00,0,4.3000,4.820,NVIDIA L4,4875190
cifar10,resnet18,layer4_last,8,99.0,0.1,1,42,94.9700,94.7778,96.7000,94.9200,94.9111,95.0000,95.0000,0.0000,-0.0889,6,6,1.17,1.00,-1,4.2587,0.960,NVIDIA L4,4875190
cifar10,resnet18,layer4_last,8,99.0,0.1,10,42,94.9700,94.7778,96.7000,92.1900,95.1111,65.9000,95.0000,0.0000,+0.1111,6,60,11.72,10.00,0,4.2587,9.325,NVIDIA L4,4875190
cifar10,resnet18,layer4_last,8,99.0,0.1,20,42,94.9700,94.7778,96.7000,85.4800,94.9667,0.1000,95.0000,0.0000,-0.0333,6,103,20.12,20.00,3,4.2587,18.592,NVIDIA L4,4875190
cifar10,resnet18,layer4_last,8,99.0,0.1,5,42,94.9700,94.7778,96.7000,94.3600,95.0667,88.0000,95.0000,0.0000,+0.0667,6,30,5.86,5.00,0,4.2587,5.020,NVIDIA L4,4875190
cifar10,resnet18,layer4_last,8,99.0,0.3,1,42,94.9700,94.7778,96.7000,94.9100,94.9000,95.0000,95.0000,0.0000,-0.1000,6,6,1.17,1.00,-1,4.0933,1.119,NVIDIA L4,4875190
cifar10,resnet18,layer4_last,8,99.0,0.3,10,42,94.9700,94.7778,96.7000,93.1500,95.1222,75.4000,95.0000,0.0000,+0.1222,6,60,11.72,10.00,0,4.0933,9.532,NVIDIA L4,4875190
cifar10,resnet18,layer4_last,8,99.0,0.3,20,42,94.9700,94.7778,96.7000,88.4400,95.0111,29.3000,95.0000,0.0000,+0.0111,6,99,19.34,20.00,2,4.0933,18.715,NVIDIA L4,4875190
cifar10,resnet18,layer4_last,8,99.0,0.3,5,42,94.9700,94.7778,96.7000,94.4600,95.0556,89.1000,95.0000,0.0000,+0.0556,6,30,5.86,5.00,0,4.0933,5.144,NVIDIA L4,4875190
cifar10,resnet18,layer4_last,8,99.0,0.5,1,42,94.9700,94.7778,96.7000,94.9400,94.9000,95.3000,95.0000,0.0000,-0.1000,6,6,1.17,1.00,-1,3.7212,0.766,NVIDIA L4,4875190
cifar10,resnet18,layer4_last,8,99.0,0.5,10,42,94.9700,94.7778,96.7000,94.0400,95.0889,84.6000,95.0000,0.0000,+0.0889,6,57,11.13,10.00,0,3.7212,8.196,NVIDIA L4,4875190
cifar10,resnet18,layer4_last,8,99.0,0.5,20,42,94.9700,94.7778,96.7000,92.1400,95.0889,65.6000,95.0000,0.0000,+0.0889,6,90,17.58,20.00,0,3.7212,17.862,NVIDIA L4,4875190
cifar10,resnet18,layer4_last,8,99.0,0.5,5,42,94.9700,94.7778,96.7000,94.6500,95.0111,91.4000,95.0000,0.0000,+0.0111,6,29,5.66,5.00,0,3.7212,4.080,NVIDIA L4,4875190
cifar100,resnet18,layer4_last,20,50.0,0.01,1,42,77.3500,77.2121,91.0000,61.2500,61.8687,0.0000,77.8990,0.0000,-16.0303,256,256,50.00,50.00,-1,21.4508,0.105,NVIDIA A10,4875190
cifar100,resnet18,layer4_last,20,50.0,0.01,10,42,77.3500,77.2121,91.0000,1.2100,1.2222,0.0000,77.8990,0.0000,-76.6768,256,511,99.80,100.00,255,21.4508,0.982,NVIDIA A10,4875190
cifar100,resnet18,layer4_last,20,50.0,0.01,20,42,77.3500,77.2121,91.0000,1.2100,1.2222,0.0000,77.8990,0.0000,-76.6768,256,511,99.80,100.00,256,21.4508,1.969,NVIDIA A10,4875190
cifar100,resnet18,layer4_last,20,50.0,0.01,5,42,77.3500,77.2121,91.0000,1.2100,1.2222,0.0000,77.8990,0.0000,-76.6768,256,511,99.80,100.00,238,21.4508,0.503,NVIDIA A10,4875190
cifar100,resnet18,layer4_last,20,50.0,0.03,1,42,77.3500,77.2121,91.0000,61.3400,61.9596,0.0000,77.8990,0.0000,-15.9394,256,256,50.00,50.00,-1,21.4508,0.097,NVIDIA A10,4875190
cifar100,resnet18,layer4_last,20,50.0,0.03,10,42,77.3500,77.2121,91.0000,1.2200,1.2323,0.0000,77.8990,0.0000,-76.6667,256,511,99.80,100.00,247,21.4508,0.980,NVIDIA A10,4875190
cifar100,resnet18,layer4_last,20,50.0,0.03,20,42,77.3500,77.2121,91.0000,1.2200,1.2323,0.0000,77.8990,0.0000,-76.6667,256,511,99.80,100.00,255,21.4508,2.060,NVIDIA A10,4875190
cifar100,resnet18,layer4_last,20,50.0,0.03,5,42,77.3500,77.2121,91.0000,2.2900,2.3131,0.0000,77.8990,0.0000,-75.5859,256,510,99.61,100.00,192,21.4508,0.482,NVIDIA A10,4875190
cifar100,resnet18,layer4_last,20,50.0,0.1,1,42,77.3500,77.2121,91.0000,61.6700,62.2929,0.0000,77.8990,0.0000,-15.6061,256,256,50.00,50.00,-1,21.4508,0.097,NVIDIA A10,4875190
cifar100,resnet18,layer4_last,20,50.0,0.1,10,42,77.3500,77.2121,91.0000,1.5500,1.5657,0.0000,77.8990,0.0000,-76.3333,256,511,99.80,100.00,243,21.4508,0.983,NVIDIA A10,4875190
cifar100,resnet18,layer4_last,20,50.0,0.1,20,42,77.3500,77.2121,91.0000,1.5600,1.5758,0.0000,77.8990,0.0000,-76.3232,256,511,99.80,100.00,256,21.4508,1.999,NVIDIA A10,4875190
cifar100,resnet18,layer4_last,20,50.0,0.1,5,42,77.3500,77.2121,91.0000,5.0900,5.1414,0.0000,77.8990,0.0000,-72.7576,256,507,99.02,100.00,135,21.4508,0.506,NVIDIA A10,4875190
cifar100,resnet18,layer4_last,20,50.0,0.3,1,42,77.3500,77.2121,91.0000,64.3200,64.8081,16.0000,77.8990,0.0000,-13.0909,256,256,50.00,50.00,-1,21.4508,0.099,NVIDIA A10,4875190
cifar100,resnet18,layer4_last,20,50.0,0.3,10,42,77.3500,77.2121,91.0000,5.8000,5.8586,0.0000,77.8990,0.0000,-72.0404,256,510,99.61,100.00,203,21.4508,0.972,NVIDIA A10,4875190
cifar100,resnet18,layer4_last,20,50.0,0.3,20,42,77.3500,77.2121,91.0000,3.5800,3.6162,0.0000,77.8990,0.0000,-74.2828,256,511,99.80,100.00,246,21.4508,1.937,NVIDIA A10,4875190
cifar100,resnet18,layer4_last,20,50.0,0.3,5,42,77.3500,77.2121,91.0000,24.8900,25.1414,0.0000,77.8990,0.0000,-52.7576,256,477,93.16,100.00,141,21.4508,0.480,NVIDIA A10,4875190
cifar100,resnet18,layer4_last,20,50.0,0.5,1,42,77.3500,77.2121,91.0000,69.8700,69.9394,63.0000,77.8990,0.0000,-7.9596,256,256,50.00,50.00,-1,21.4088,2.089,NVIDIA A10,4875190
cifar100,resnet18,layer4_last,20,50.0,0.5,10,42,77.3500,77.2121,91.0000,16.7200,16.8889,0.0000,77.8990,0.0000,-61.0101,256,496,96.88,100.00,161,21.4088,2.948,NVIDIA A10,4875190
cifar100,resnet18,layer4_last,20,50.0,0.5,20,42,77.3500,77.2121,91.0000,6.0700,6.1313,0.0000,77.8990,0.0000,-71.7677,256,510,99.61,100.00,218,21.4088,4.045,NVIDIA A10,4875190
cifar100,resnet18,layer4_last,20,50.0,0.5,5,42,77.3500,77.2121,91.0000,41.9300,42.3535,0.0000,77.8990,0.0000,-35.5455,256,421,82.23,100.00,160,21.4088,2.476,NVIDIA A10,4875190
cifar100,resnet18,layer4_last,20,75.0,0.01,1,42,77.3500,77.2121,91.0000,72.4600,73.1919,0.0000,77.8990,0.0000,-4.7071,128,128,25.00,25.00,-1,21.0730,0.121,NVIDIA A10,4875190
cifar100,resnet18,layer4_last,20,75.0,0.01,10,42,77.3500,77.2121,91.0000,6.6400,6.7071,0.0000,77.8990,0.0000,-71.1919,128,502,98.05,100.00,120,21.0730,0.990,NVIDIA A10,4875190
cifar100,resnet18,layer4_last,20,75.0,0.01,20,42,77.3500,77.2121,91.0000,6.6400,6.7071,0.0000,77.8990,0.0000,-71.1919,128,502,98.05,100.00,128,21.0730,2.024,NVIDIA A10,4875190
cifar100,resnet18,layer4_last,20,75.0,0.01,5,42,77.3500,77.2121,91.0000,22.3500,22.5758,0.0000,77.8990,0.0000,-55.3232,128,477,93.16,100.00,52,21.0730,0.513,NVIDIA A10,4875190
cifar100,resnet18,layer4_last,20,75.0,0.03,1,42,77.3500,77.2121,91.0000,72.4800,73.2121,0.0000,77.8990,0.0000,-4.6869,128,128,25.00,25.00,-1,21.0730,0.121,NVIDIA A10,4875190
cifar100,resnet18,layer4_last,20,75.0,0.03,10,42,77.3500,77.2121,91.0000,6.7500,6.8182,0.0000,77.8990,0.0000,-71.0808,128,501,97.85,100.00,107,21.0730,1.070,NVIDIA A10,4875190
cifar100,resnet18,layer4_last,20,75.0,0.03,20,42,77.3500,77.2121,91.0000,6.7100,6.7778,0.0000,77.8990,0.0000,-71.1212,128,502,98.05,100.00,127,21.0730,2.086,NVIDIA A10,4875190
cifar100,resnet18,layer4_last,20,75.0,0.03,5,42,77.3500,77.2121,91.0000,28.4100,28.6970,0.0000,77.8990,0.0000,-49.2020,128,464,90.62,100.00,55,21.0730,0.574,NVIDIA A10,4875190
cifar100,resnet18,layer4_last,20,75.0,0.1,1,42,77.3500,77.2121,91.0000,72.5200,73.2525,0.0000,77.8990,0.0000,-4.6465,128,128,25.00,25.00,-1,21.0730,0.104,NVIDIA A10,4875190
cifar100,resnet18,layer4_last,20,75.0,0.1,10,42,77.3500,77.2121,91.0000,18.6200,18.8081,0.0000,77.8990,0.0000,-59.0909,128,484,94.53,100.00,85,21.0730,1.120,NVIDIA A10,4875190
cifar100,resnet18,layer4_last,20,75.0,0.1,20,42,77.3500,77.2121,91.0000,6.8800,6.9495,0.0000,77.8990,0.0000,-70.9495,128,502,98.05,100.00,123,21.0730,2.141,NVIDIA A10,4875190
cifar100,resnet18,layer4_last,20,75.0,0.1,5,42,77.3500,77.2121,91.0000,36.1300,36.4949,0.0000,77.8990,0.0000,-41.4040,128,430,83.98,100.00,46,21.0730,0.618,NVIDIA A10,4875190
cifar100,resnet18,layer4_last,20,75.0,0.3,1,42,77.3500,77.2121,91.0000,73.0600,73.7677,3.0000,77.8990,0.0000,-4.1313,128,128,25.00,25.00,-1,20.8211,0.093,NVIDIA A10,4875190
cifar100,resnet18,layer4_last,20,75.0,0.3,10,42,77.3500,77.2121,91.0000,34.4700,34.8182,0.0000,77.8990,0.0000,-43.0808,128,446,87.11,100.00,71,20.8211,1.132,NVIDIA A10,4875190
cifar100,resnet18,layer4_last,20,75.0,0.3,20,42,77.3500,77.2121,91.0000,12.1400,12.2626,0.0000,77.8990,0.0000,-65.6364,128,496,96.88,100.00,104,20.8211,2.163,NVIDIA A10,4875190
cifar100,resnet18,layer4_last,20,75.0,0.3,5,42,77.3500,77.2121,91.0000,53.4000,53.9394,0.0000,77.8990,0.0000,-23.9596,128,344,67.19,100.00,41,20.8211,0.503,NVIDIA A10,4875190
cifar100,resnet18,layer4_last,20,75.0,0.5,1,42,77.3500,77.2121,91.0000,74.4900,74.7576,48.0000,77.8990,0.0000,-3.1414,128,128,25.00,25.00,-1,19.6458,0.106,NVIDIA A10,4875190
cifar100,resnet18,layer4_last,20,75.0,0.5,10,42,77.3500,77.2121,91.0000,47.2900,47.7677,0.0000,77.8990,0.0000,-30.1313,128,397,77.54,100.00,61,19.6458,1.012,NVIDIA A10,4875190
cifar100,resnet18,layer4_last,20,75.0,0.5,20,42,77.3500,77.2121,91.0000,30.0000,30.3030,0.0000,77.8990,0.0000,-47.5960,128,468,91.41,100.00,80,19.6458,2.005,NVIDIA A10,4875190
cifar100,resnet18,layer4_last,20,75.0,0.5,5,42,77.3500,77.2121,91.0000,61.9300,62.5556,0.0000,77.8990,0.0000,-15.3434,128,289,56.45,100.00,47,19.6458,0.498,NVIDIA A10,4875190
cifar100,resnet18,layer4_last,20,90.0,0.01,1,42,77.3500,77.2121,91.0000,75.5600,76.3232,0.0000,77.8990,0.0000,-1.5758,52,52,10.16,10.00,-1,18.5543,0.099,NVIDIA A10,4875190
cifar100,resnet18,layer4_last,20,90.0,0.01,10,42,77.3500,77.2121,91.0000,43.7500,44.1919,0.0000,77.8990,0.0000,-33.7071,52,389,75.98,100.00,33,18.5543,1.132,NVIDIA A10,4875190
cifar100,resnet18,layer4_last,20,90.0,0.01,20,42,77.3500,77.2121,91.0000,33.4100,33.7475,0.0000,77.8990,0.0000,-44.1515,52,442,86.33,100.00,50,18.5543,2.069,NVIDIA A10,4875190
cifar100,resnet18,layer4_last,20,90.0,0.01,5,42,77.3500,77.2121,91.0000,62.2200,62.8485,0.0000,77.8990,0.0000,-15.0505,52,249,48.63,50.00,2,18.5543,0.618,NVIDIA A10,4875190
cifar100,resnet18,layer4_last,20,90.0,0.03,1,42,77.3500,77.2121,91.0000,75.5600,76.3232,0.0000,77.8990,0.0000,-1.5758,52,52,10.16,10.00,-1,18.4284,0.114,NVIDIA A10,4875190
cifar100,resnet18,layer4_last,20,90.0,0.03,10,42,77.3500,77.2121,91.0000,44.1800,44.6263,0.0000,77.8990,0.0000,-33.2727,52,381,74.41,100.00,28,18.4284,1.037,NVIDIA A10,4875190
cifar100,resnet18,layer4_last,20,90.0,0.03,20,42,77.3500,77.2121,91.0000,34.8200,35.1717,0.0000,77.8990,0.0000,-42.7273,52,439,85.74,100.00,49,18.4284,2.011,NVIDIA A10,4875190
cifar100,resnet18,layer4_last,20,90.0,0.03,5,42,77.3500,77.2121,91.0000,62.2500,62.8788,0.0000,77.8990,0.0000,-15.0202,52,249,48.63,50.00,2,18.4284,0.485,NVIDIA A10,4875190
cifar100,resnet18,layer4_last,20,90.0,0.1,1,42,77.3500,77.2121,91.0000,75.5800,76.3434,0.0000,77.8990,0.0000,-1.5556,52,52,10.16,10.00,-1,17.8827,0.108,NVIDIA A10,4875190
cifar100,resnet18,layer4_last,20,90.0,0.1,10,42,77.3500,77.2121,91.0000,48.7200,49.2121,0.0000,77.8990,0.0000,-28.6869,52,363,70.90,100.00,27,17.8827,1.012,NVIDIA A10,4875190
cifar100,resnet18,layer4_last,20,90.0,0.1,20,42,77.3500,77.2121,91.0000,37.0600,37.4343,0.0000,77.8990,0.0000,-40.4646,52,426,83.20,100.00,43,17.8827,2.027,NVIDIA A10,4875190
cifar100,resnet18,layer4_last,20,90.0,0.1,5,42,77.3500,77.2121,91.0000,64.3700,65.0202,0.0000,77.8990,0.0000,-12.8788,52,238,46.48,50.00,5,17.8827,0.517,NVIDIA A10,4875190
cifar100,resnet18,layer4_last,20,90.0,0.3,1,42,77.3500,77.2121,91.0000,75.6600,76.4242,0.0000,77.8990,0.0000,-1.4747,52,52,10.16,10.00,-1,16.1196,0.100,NVIDIA A10,4875190
cifar100,resnet18,layer4_last,20,90.0,0.3,10,42,77.3500,77.2121,91.0000,58.6900,59.2828,0.0000,77.8990,0.0000,-18.6162,52,294,57.42,100.00,14,16.1196,1.062,NVIDIA A10,4875190
cifar100,resnet18,layer4_last,20,90.0,0.3,20,42,77.3500,77.2121,91.0000,46.1300,46.5960,0.0000,77.8990,0.0000,-31.3030,52,384,75.00,100.00,33,16.1196,2.004,NVIDIA A10,4875190
cifar100,resnet18,layer4_last,20,90.0,0.3,5,42,77.3500,77.2121,91.0000,68.8600,69.5556,0.0000,77.8990,0.0000,-8.3434,52,201,39.26,50.00,3,16.1196,0.491,NVIDIA A10,4875190
cifar100,resnet18,layer4_last,20,90.0,0.5,1,42,77.3500,77.2121,91.0000,76.2900,76.6667,39.0000,77.8990,0.0000,-1.2323,52,52,10.16,10.00,-1,13.9367,0.103,NVIDIA A10,4875190
cifar100,resnet18,layer4_last,20,90.0,0.5,10,42,77.3500,77.2121,91.0000,65.5300,66.1919,0.0000,77.8990,0.0000,-11.7071,52,254,49.61,100.00,11,13.9367,0.982,NVIDIA A10,4875190
cifar100,resnet18,layer4_last,20,90.0,0.5,20,42,77.3500,77.2121,91.0000,56.3000,56.8687,0.0000,77.8990,0.0000,-21.0303,52,332,64.84,100.00,21,13.9367,2.413,NVIDIA A10,4875190
cifar100,resnet18,layer4_last,20,90.0,0.5,5,42,77.3500,77.2121,91.0000,72.2700,73.0000,0.0000,77.8990,0.0000,-4.8990,52,154,30.08,50.00,3,13.9367,0.490,NVIDIA A10,4875190
cifar100,resnet18,layer4_last,20,95.0,0.01,1,42,77.3500,77.2121,91.0000,76.2500,77.0000,2.0000,77.8990,0.0000,-0.8990,26,26,5.08,5.00,-1,14.5244,0.097,NVIDIA A10,4875190
cifar100,resnet18,layer4_last,20,95.0,0.01,10,42,77.3500,77.2121,91.0000,63.1800,63.8182,0.0000,77.8990,0.0000,-14.0808,26,242,47.27,50.00,4,14.5244,1.000,NVIDIA A10,4875190
cifar100,resnet18,layer4_last,20,95.0,0.01,20,42,77.3500,77.2121,91.0000,50.5100,51.0202,0.0000,77.8990,0.0000,-26.8788,26,346,67.58,100.00,19,14.5244,2.030,NVIDIA A10,4875190
cifar100,resnet18,layer4_last,20,95.0,0.01,5,42,77.3500,77.2121,91.0000,72.6500,73.3838,0.0000,77.8990,0.0000,-4.5152,26,126,24.61,25.00,1,14.5244,0.501,NVIDIA A10,4875190
cifar100,resnet18,layer4_last,20,95.0,0.03,1,42,77.3500,77.2121,91.0000,76.2500,77.0000,2.0000,77.8990,0.0000,-0.8990,26,26,5.08,5.00,-1,14.3565,0.098,NVIDIA A10,4875190
cifar100,resnet18,layer4_last,20,95.0,0.03,10,42,77.3500,77.2121,91.0000,63.9300,64.5758,0.0000,77.8990,0.0000,-13.3232,26,239,46.68,50.00,6,14.3565,0.940,NVIDIA A10,4875190
cifar100,resnet18,layer4_last,20,95.0,0.03,20,42,77.3500,77.2121,91.0000,50.7400,51.2525,0.0000,77.8990,0.0000,-26.6465,26,342,66.80,100.00,17,14.3565,1.944,NVIDIA A10,4875190
cifar100,resnet18,layer4_last,20,95.0,0.03,5,42,77.3500,77.2121,91.0000,72.6900,73.4242,0.0000,77.8990,0.0000,-4.4747,26,126,24.61,25.00,1,14.3565,0.485,NVIDIA A10,4875190
cifar100,resnet18,layer4_last,20,95.0,0.1,1,42,77.3500,77.2121,91.0000,76.2600,77.0101,2.0000,77.8990,0.0000,-0.8889,26,26,5.08,5.00,-1,13.8528,0.100,NVIDIA A10,4875190
cifar100,resnet18,layer4_last,20,95.0,0.1,10,42,77.3500,77.2121,91.0000,64.8600,65.5152,0.0000,77.8990,0.0000,-12.3838,26,231,45.12,50.00,4,13.8528,1.022,NVIDIA A10,4875190
cifar100,resnet18,layer4_last,20,95.0,0.1,20,42,77.3500,77.2121,91.0000,52.9600,53.4949,0.0000,77.8990,0.0000,-24.4040,26,330,64.45,100.00,17,13.8528,2.130,NVIDIA A10,4875190
cifar100,resnet18,layer4_last,20,95.0,0.1,5,42,77.3500,77.2121,91.0000,72.7000,73.4343,0.0000,77.8990,0.0000,-4.4646,26,126,24.61,25.00,1,13.8528,0.525,NVIDIA A10,4875190
cifar100,resnet18,layer4_last,20,95.0,0.3,1,42,77.3500,77.2121,91.0000,76.4300,77.0808,12.0000,77.8990,0.0000,-0.8182,26,26,5.08,5.00,-1,11.8378,0.105,NVIDIA A10,4875190
cifar100,resnet18,layer4_last,20,95.0,0.3,10,42,77.3500,77.2121,91.0000,69.1000,69.7980,0.0000,77.8990,0.0000,-8.1010,26,197,38.48,50.00,1,11.8378,0.970,NVIDIA A10,4875190
cifar100,resnet18,layer4_last,20,95.0,0.3,20,42,77.3500,77.2121,91.0000,60.5800,61.1919,0.0000,77.8990,0.0000,-16.7071,26,282,55.08,100.00,10,11.8378,1.986,NVIDIA A10,4875190
cifar100,resnet18,layer4_last,20,95.0,0.3,5,42,77.3500,77.2121,91.0000,73.5700,74.3131,0.0000,77.8990,0.0000,-3.5859,26,108,21.09,25.00,1,11.8378,0.488,NVIDIA A10,4875190
cifar100,resnet18,layer4_last,20,95.0,0.5,1,42,77.3500,77.2121,91.0000,76.8400,77.1313,48.0000,77.8990,0.0000,-0.7677,26,26,5.08,5.00,-1,10.2846,0.105,NVIDIA A10,4875190
cifar100,resnet18,layer4_last,20,95.0,0.5,10,42,77.3500,77.2121,91.0000,72.3600,73.0909,0.0000,77.8990,0.0000,-4.8081,26,149,29.10,50.00,1,10.2846,1.113,NVIDIA A10,4875190
cifar100,resnet18,layer4_last,20,95.0,0.5,20,42,77.3500,77.2121,91.0000,66.4500,67.1212,0.0000,77.8990,0.0000,-10.7778,26,245,47.85,100.00,8,10.2846,2.052,NVIDIA A10,4875190
cifar100,resnet18,layer4_last,20,95.0,0.5,5,42,77.3500,77.2121,91.0000,74.8600,75.6162,0.0000,77.8990,0.0000,-2.2828,26,87,16.99,25.00,1,10.2846,0.600,NVIDIA A10,4875190
cifar100,resnet18,layer4_last,20,99.0,0.01,1,42,77.3500,77.2121,91.0000,77.0300,77.1414,66.0000,77.8990,0.0000,-0.7576,6,6,1.17,1.00,-1,4.5336,0.098,NVIDIA A10,4875190
cifar100,resnet18,layer4_last,20,99.0,0.01,10,42,77.3500,77.2121,91.0000,75.2300,75.9899,0.0000,77.8990,0.0000,-1.9091,6,58,11.33,10.00,1,4.5336,1.018,NVIDIA A10,4875190
cifar100,resnet18,layer4_last,20,99.0,0.01,20,42,77.3500,77.2121,91.0000,73.3700,74.1111,0.0000,77.8990,0.0000,-3.7879,6,108,21.09,20.00,1,4.5336,1.999,NVIDIA A10,4875190
cifar100,resnet18,layer4_last,20,99.0,0.01,5,42,77.3500,77.2121,91.0000,76.3100,77.0808,0.0000,77.8990,0.0000,-0.8182,6,30,5.86,5.00,0,4.5336,0.482,NVIDIA A10,4875190
cifar100,resnet18,layer4_last,20,99.0,0.03,1,42,77.3500,77.2121,91.0000,77.0300,77.1414,66.0000,77.8990,0.0000,-0.7576,6,6,1.17,1.00,-1,4.5336,0.089,NVIDIA A10,4875190
cifar100,resnet18,layer4_last,20,99.0,0.03,10,42,77.3500,77.2121,91.0000,75.2300,75.9899,0.0000,77.8990,0.0000,-1.9091,6,58,11.33,10.00,1,4.5336,0.991,NVIDIA A10,4875190
cifar100,resnet18,layer4_last,20,99.0,0.03,20,42,77.3500,77.2121,91.0000,73.3700,74.1111,0.0000,77.8990,0.0000,-3.7879,6,108,21.09,20.00,1,4.5336,1.893,NVIDIA A10,4875190
cifar100,resnet18,layer4_last,20,99.0,0.03,5,42,77.3500,77.2121,91.0000,76.3200,77.0909,0.0000,77.8990,0.0000,-0.8081,6,30,5.86,5.00,0,4.5336,0.492,NVIDIA A10,4875190
cifar100,resnet18,layer4_last,20,99.0,0.1,1,42,77.3500,77.2121,91.0000,77.0300,77.1414,66.0000,77.8990,0.0000,-0.7576,6,6,1.17,1.00,-1,4.4917,0.099,NVIDIA A10,4875190
cifar100,resnet18,layer4_last,20,99.0,0.1,10,42,77.3500,77.2121,91.0000,75.1900,75.9495,0.0000,77.8990,0.0000,-1.9495,6,57,11.13,10.00,1,4.4917,1.007,NVIDIA A10,4875190
cifar100,resnet18,layer4_last,20,99.0,0.1,20,42,77.3500,77.2121,91.0000,73.4800,74.2222,0.0000,77.8990,0.0000,-3.6768,6,107,20.90,20.00,1,4.4917,2.018,NVIDIA A10,4875190
cifar100,resnet18,layer4_last,20,99.0,0.1,5,42,77.3500,77.2121,91.0000,76.3100,77.0808,0.0000,77.8990,0.0000,-0.8182,6,30,5.86,5.00,0,4.4917,0.511,NVIDIA A10,4875190
cifar100,resnet18,layer4_last,20,99.0,0.3,1,42,77.3500,77.2121,91.0000,77.0700,77.1414,70.0000,77.8990,0.0000,-0.7576,6,6,1.17,1.00,-1,3.9879,0.101,NVIDIA A10,4875190
cifar100,resnet18,layer4_last,20,99.0,0.3,10,42,77.3500,77.2121,91.0000,75.5000,76.2626,0.0000,77.8990,0.0000,-1.6364,6,55,10.74,10.00,1,3.9879,0.993,NVIDIA A10,4875190
cifar100,resnet18,layer4_last,20,99.0,0.3,20,42,77.3500,77.2121,91.0000,74.2200,74.9697,0.0000,77.8990,0.0000,-2.9293,6,95,18.55,20.00,1,3.9879,2.046,NVIDIA A10,4875190
cifar100,resnet18,layer4_last,20,99.0,0.3,5,42,77.3500,77.2121,91.0000,76.4000,77.1212,5.0000,77.8990,0.0000,-0.7778,6,30,5.86,5.00,0,3.9879,0.513,NVIDIA A10,4875190
cifar100,resnet18,layer4_last,20,99.0,0.5,1,42,77.3500,77.2121,91.0000,77.1300,77.1616,74.0000,77.8990,0.0000,-0.7374,6,6,1.17,1.00,-1,3.0224,0.096,NVIDIA A10,4875190
cifar100,resnet18,layer4_last,20,99.0,0.5,10,42,77.3500,77.2121,91.0000,76.1000,76.8485,2.0000,77.8990,0.0000,-1.0505,6,47,9.18,10.00,0,3.0224,0.979,NVIDIA A10,4875190
cifar100,resnet18,layer4_last,20,99.0,0.5,20,42,77.3500,77.2121,91.0000,75.1600,75.9192,0.0000,77.8990,0.0000,-1.9798,6,72,14.06,20.00,1,3.0224,1.997,NVIDIA A10,4875190
cifar100,resnet18,layer4_last,20,99.0,0.5,5,42,77.3500,77.2121,91.0000,76.6700,77.1313,31.0000,77.8990,0.0000,-0.7677,6,28,5.47,5.00,0,3.0224,0.498,NVIDIA A10,4875190
cifar100,resnet18,layer4_last,3,50.0,0.01,1,42,77.3500,77.4444,68.0000,61.6900,62.3131,0.0000,77.8788,0.0000,-15.5657,256,256,50.00,50.00,-1,21.4928,0.094,NVIDIA A10,4875190
cifar100,resnet18,layer4_last,3,50.0,0.01,10,42,77.3500,77.4444,68.0000,1.0000,1.0101,0.0000,77.8788,0.0000,-76.8687,256,512,100.00,100.00,254,21.4928,0.906,NVIDIA A10,4875190
cifar100,resnet18,layer4_last,3,50.0,0.01,20,42,77.3500,77.4444,68.0000,1.0000,1.0101,0.0000,77.8788,0.0000,-76.8687,256,512,100.00,100.00,256,21.4928,1.834,NVIDIA A10,4875190
cifar100,resnet18,layer4_last,3,50.0,0.01,5,42,77.3500,77.4444,68.0000,1.0000,1.0101,0.0000,77.8788,0.0000,-76.8687,256,512,100.00,100.00,230,21.4928,0.464,NVIDIA A10,4875190
cifar100,resnet18,layer4_last,3,50.0,0.03,1,42,77.3500,77.4444,68.0000,61.7400,62.3636,0.0000,77.8788,0.0000,-15.5152,256,256,50.00,50.00,-1,21.4928,0.093,NVIDIA A10,4875190
cifar100,resnet18,layer4_last,3,50.0,0.03,10,42,77.3500,77.4444,68.0000,1.0900,1.1010,0.0000,77.8788,0.0000,-76.7778,256,512,100.00,100.00,251,21.4928,0.928,NVIDIA A10,4875190
cifar100,resnet18,layer4_last,3,50.0,0.03,20,42,77.3500,77.4444,68.0000,1.0800,1.0909,0.0000,77.8788,0.0000,-76.7879,256,512,100.00,100.00,255,21.4928,1.814,NVIDIA A10,4875190
cifar100,resnet18,layer4_last,3,50.0,0.03,5,42,77.3500,77.4444,68.0000,1.0900,1.1010,0.0000,77.8788,0.0000,-76.7778,256,512,100.00,100.00,188,21.4928,0.470,NVIDIA A10,4875190
cifar100,resnet18,layer4_last,3,50.0,0.1,1,42,77.3500,77.4444,68.0000,62.0000,62.6263,0.0000,77.8788,0.0000,-15.2525,256,256,50.00,50.00,-1,21.4928,0.096,NVIDIA A10,4875190
cifar100,resnet18,layer4_last,3,50.0,0.1,10,42,77.3500,77.4444,68.0000,1.0700,1.0808,0.0000,77.8788,0.0000,-76.7980,256,512,100.00,100.00,245,21.4928,0.981,NVIDIA A10,4875190
cifar100,resnet18,layer4_last,3,50.0,0.1,20,42,77.3500,77.4444,68.0000,1.0700,1.0808,0.0000,77.8788,0.0000,-76.7980,256,512,100.00,100.00,255,21.4928,1.941,NVIDIA A10,4875190
cifar100,resnet18,layer4_last,3,50.0,0.1,5,42,77.3500,77.4444,68.0000,1.3400,1.3535,0.0000,77.8788,0.0000,-76.5253,256,512,100.00,100.00,109,21.4928,0.490,NVIDIA A10,4875190
cifar100,resnet18,layer4_last,3,50.0,0.3,1,42,77.3500,77.4444,68.0000,64.6400,65.2929,0.0000,77.8788,0.0000,-12.5859,256,256,50.00,50.00,-1,21.4928,0.096,NVIDIA A10,4875190
cifar100,resnet18,layer4_last,3,50.0,0.3,10,42,77.3500,77.4444,68.0000,2.1900,2.2121,0.0000,77.8788,0.0000,-75.6667,256,512,100.00,100.00,190,21.4928,0.868,NVIDIA A10,4875190
cifar100,resnet18,layer4_last,3,50.0,0.3,20,42,77.3500,77.4444,68.0000,1.9400,1.9596,0.0000,77.8788,0.0000,-75.9192,256,512,100.00,100.00,248,21.4928,1.796,NVIDIA A10,4875190
cifar100,resnet18,layer4_last,3,50.0,0.3,5,42,77.3500,77.4444,68.0000,20.1900,20.3939,0.0000,77.8788,0.0000,-57.4848,256,511,99.80,100.00,107,21.4928,0.439,NVIDIA A10,4875190
cifar100,resnet18,layer4_last,3,50.0,0.5,1,42,77.3500,77.4444,68.0000,70.1600,70.7576,11.0000,77.8788,0.0000,-7.1212,256,256,50.00,50.00,-1,21.4928,2.578,NVIDIA A10,4875190
cifar100,resnet18,layer4_last,3,50.0,0.5,10,42,77.3500,77.4444,68.0000,16.7800,16.9495,0.0000,77.8788,0.0000,-60.9293,256,512,100.00,100.00,123,21.4928,3.435,NVIDIA A10,4875190
cifar100,resnet18,layer4_last,3,50.0,0.5,20,42,77.3500,77.4444,68.0000,3.3000,3.3333,0.0000,77.8788,0.0000,-74.5455,256,512,100.00,100.00,217,21.4928,4.378,NVIDIA A10,4875190
cifar100,resnet18,layer4_last,3,50.0,0.5,5,42,77.3500,77.4444,68.0000,38.4200,38.8081,0.0000,77.8788,0.0000,-39.0707,256,501,97.85,100.00,95,21.4928,2.970,NVIDIA A10,4875190
cifar100,resnet18,layer4_last,3,75.0,0.01,1,42,77.3500,77.4444,68.0000,72.2900,73.0202,0.0000,77.8788,0.0000,-4.8586,128,128,25.00,25.00,-1,21.4928,0.102,NVIDIA A10,4875190
cifar100,resnet18,layer4_last,3,75.0,0.01,10,42,77.3500,77.4444,68.0000,1.0000,1.0101,0.0000,77.8788,0.0000,-76.8687,128,512,100.00,100.00,125,21.4928,0.954,NVIDIA A10,4875190
cifar100,resnet18,layer4_last,3,75.0,0.01,20,42,77.3500,77.4444,68.0000,1.0000,1.0101,0.0000,77.8788,0.0000,-76.8687,128,512,100.00,100.00,128,21.4928,1.926,NVIDIA A10,4875190
cifar100,resnet18,layer4_last,3,75.0,0.01,5,42,77.3500,77.4444,68.0000,1.0000,1.0101,0.0000,77.8788,0.0000,-76.8687,128,512,100.00,100.00,21,21.4928,0.468,NVIDIA A10,4875190
cifar100,resnet18,layer4_last,3,75.0,0.03,1,42,77.3500,77.4444,68.0000,72.3000,73.0303,0.0000,77.8788,0.0000,-4.8485,128,128,25.00,25.00,-1,21.4928,0.097,NVIDIA A10,4875190
cifar100,resnet18,layer4_last,3,75.0,0.03,10,42,77.3500,77.4444,68.0000,1.0900,1.1010,0.0000,77.8788,0.0000,-76.7778,128,512,100.00,100.00,116,21.4928,0.972,NVIDIA A10,4875190
cifar100,resnet18,layer4_last,3,75.0,0.03,20,42,77.3500,77.4444,68.0000,1.0900,1.1010,0.0000,77.8788,0.0000,-76.7778,128,512,100.00,100.00,127,21.4928,1.941,NVIDIA A10,4875190
cifar100,resnet18,layer4_last,3,75.0,0.03,5,42,77.3500,77.4444,68.0000,1.1300,1.1414,0.0000,77.8788,0.0000,-76.7374,128,512,100.00,100.00,21,21.4928,0.506,NVIDIA A10,4875190
cifar100,resnet18,layer4_last,3,75.0,0.1,1,42,77.3500,77.4444,68.0000,72.3800,73.1111,0.0000,77.8788,0.0000,-4.7677,128,128,25.00,25.00,-1,21.4928,0.102,NVIDIA A10,4875190
cifar100,resnet18,layer4_last,3,75.0,0.1,10,42,77.3500,77.4444,68.0000,4.0300,4.0707,0.0000,77.8788,0.0000,-73.8081,128,512,100.00,100.00,87,21.4928,0.970,NVIDIA A10,4875190
cifar100,resnet18,layer4_last,3,75.0,0.1,20,42,77.3500,77.4444,68.0000,2.3900,2.4141,0.0000,77.8788,0.0000,-75.4646,128,512,100.00,100.00,126,21.4928,1.897,NVIDIA A10,4875190
cifar100,resnet18,layer4_last,3,75.0,0.1,5,42,77.3500,77.4444,68.0000,9.1700,9.2626,0.0000,77.8788,0.0000,-68.6162,128,508,99.22,100.00,24,21.4928,0.475,NVIDIA A10,4875190
cifar100,resnet18,layer4_last,3,75.0,0.3,1,42,77.3500,77.4444,68.0000,72.9000,73.6364,0.0000,77.8788,0.0000,-4.2424,128,128,25.00,25.00,-1,21.4928,0.103,NVIDIA A10,4875190
cifar100,resnet18,layer4_last,3,75.0,0.3,10,42,77.3500,77.4444,68.0000,22.4200,22.6465,0.0000,77.8788,0.0000,-55.2323,128,511,99.80,100.00,33,21.4928,0.997,NVIDIA A10,4875190
cifar100,resnet18,layer4_last,3,75.0,0.3,20,42,77.3500,77.4444,68.0000,8.6200,8.7071,0.0000,77.8788,0.0000,-69.1717,128,512,100.00,100.00,110,21.4928,1.975,NVIDIA A10,4875190
cifar100,resnet18,layer4_last,3,75.0,0.3,5,42,77.3500,77.4444,68.0000,37.8900,38.2727,0.0000,77.8788,0.0000,-39.6061,128,442,86.33,100.00,13,21.4928,0.499,NVIDIA A10,4875190
cifar100,resnet18,layer4_last,3,75.0,0.5,1,42,77.3500,77.4444,68.0000,74.2000,74.9192,3.0000,77.8788,0.0000,-2.9596,128,128,25.00,25.00,-1,21.4928,0.099,NVIDIA A10,4875190
cifar100,resnet18,layer4_last,3,75.0,0.5,10,42,77.3500,77.4444,68.0000,37.1600,37.5354,0.0000,77.8788,0.0000,-40.3434,128,495,96.68,100.00,22,21.4928,0.985,NVIDIA A10,4875190
cifar100,resnet18,layer4_last,3,75.0,0.5,20,42,77.3500,77.4444,68.0000,20.3800,20.5859,0.0000,77.8788,0.0000,-57.2929,128,512,100.00,100.00,63,21.4928,1.975,NVIDIA A10,4875190
cifar100,resnet18,layer4_last,3,75.0,0.5,5,42,77.3500,77.4444,68.0000,57.8600,58.4444,0.0000,77.8788,0.0000,-19.4343,128,378,73.83,100.00,5,21.4928,0.497,NVIDIA A10,4875190
cifar100,resnet18,layer4_last,3,90.0,0.01,1,42,77.3500,77.4444,68.0000,75.4800,76.2424,0.0000,77.8788,0.0000,-1.6364,52,52,10.16,10.00,-1,21.4928,0.100,NVIDIA A10,4875190
cifar100,resnet18,layer4_last,3,90.0,0.01,10,42,77.3500,77.4444,68.0000,6.9100,6.9798,0.0000,77.8788,0.0000,-70.8990,52,504,98.44,100.00,2,21.4928,1.003,NVIDIA A10,4875190
cifar100,resnet18,layer4_last,3,90.0,0.01,20,42,77.3500,77.4444,68.0000,1.0000,1.0101,0.0000,77.8788,0.0000,-76.8687,52,512,100.00,100.00,52,21.4928,1.942,NVIDIA A10,4875190
cifar100,resnet18,layer4_last,3,90.0,0.01,5,42,77.3500,77.4444,68.0000,61.4600,62.0808,0.0000,77.8788,0.0000,-15.7980,52,260,50.78,50.00,0,21.4928,0.501,NVIDIA A10,4875190
cifar100,resnet18,layer4_last,3,90.0,0.03,1,42,77.3500,77.4444,68.0000,75.5000,76.2626,0.0000,77.8788,0.0000,-1.6162,52,52,10.16,10.00,-1,21.4928,0.090,NVIDIA A10,4875190
cifar100,resnet18,layer4_last,3,90.0,0.03,10,42,77.3500,77.4444,68.0000,7.4200,7.4949,0.0000,77.8788,0.0000,-70.3838,52,501,97.85,100.00,5,21.4928,0.931,NVIDIA A10,4875190
cifar100,resnet18,layer4_last,3,90.0,0.03,20,42,77.3500,77.4444,68.0000,1.1400,1.1515,0.0000,77.8788,0.0000,-76.7273,52,512,100.00,100.00,50,21.4928,1.961,NVIDIA A10,4875190
cifar100,resnet18,layer4_last,3,90.0,0.03,5,42,77.3500,77.4444,68.0000,61.6000,62.2222,0.0000,77.8788,0.0000,-15.6566,52,260,50.78,50.00,0,21.4928,0.461,NVIDIA A10,4875190
cifar100,resnet18,layer4_last,3,90.0,0.1,1,42,77.3500,77.4444,68.0000,75.4900,76.2525,0.0000,77.8788,0.0000,-1.6263,52,52,10.16,10.00,-1,21.4508,0.104,NVIDIA A10,4875190
cifar100,resnet18,layer4_last,3,90.0,0.1,10,42,77.3500,77.4444,68.0000,19.5800,19.7778,0.0000,77.8788,0.0000,-58.1010,52,480,93.75,100.00,3,21.4508,0.996,NVIDIA A10,4875190
cifar100,resnet18,layer4_last,3,90.0,0.1,20,42,77.3500,77.4444,68.0000,9.2800,9.3737,0.0000,77.8788,0.0000,-68.5051,52,511,99.80,100.00,32,21.4508,1.935,NVIDIA A10,4875190
cifar100,resnet18,layer4_last,3,90.0,0.1,5,42,77.3500,77.4444,68.0000,61.8700,62.4949,0.0000,77.8788,0.0000,-15.3838,52,260,50.78,50.00,0,21.4508,0.504,NVIDIA A10,4875190
cifar100,resnet18,layer4_last,3,90.0,0.3,1,42,77.3500,77.4444,68.0000,75.6300,76.3939,0.0000,77.8788,0.0000,-1.4848,52,52,10.16,10.00,-1,21.1989,0.095,NVIDIA A10,4875190
cifar100,resnet18,layer4_last,3,90.0,0.3,10,42,77.3500,77.4444,68.0000,48.1900,48.6768,0.0000,77.8788,0.0000,-29.2020,52,404,78.91,100.00,1,21.1989,0.961,NVIDIA A10,4875190
cifar100,resnet18,layer4_last,3,90.0,0.3,20,42,77.3500,77.4444,68.0000,23.2800,23.5152,0.0000,77.8788,0.0000,-54.3636,52,505,98.63,100.00,15,21.1989,1.955,NVIDIA A10,4875190
cifar100,resnet18,layer4_last,3,90.0,0.3,5,42,77.3500,77.4444,68.0000,65.6900,66.3535,0.0000,77.8788,0.0000,-11.5253,52,241,47.07,50.00,0,21.1989,0.496,NVIDIA A10,4875190
cifar100,resnet18,layer4_last,3,90.0,0.5,1,42,77.3500,77.4444,68.0000,75.8300,76.5556,4.0000,77.8788,0.0000,-1.3232,52,52,10.16,10.00,-1,19.4778,0.101,NVIDIA A10,4875190
cifar100,resnet18,layer4_last,3,90.0,0.5,10,42,77.3500,77.4444,68.0000,61.5900,62.2121,0.0000,77.8788,0.0000,-15.6667,52,332,64.84,100.00,0,19.4778,0.926,NVIDIA A10,4875190
cifar100,resnet18,layer4_last,3,90.0,0.5,20,42,77.3500,77.4444,68.0000,44.1200,44.5657,0.0000,77.8788,0.0000,-33.3131,52,464,90.62,100.00,4,19.4778,1.879,NVIDIA A10,4875190
cifar100,resnet18,layer4_last,3,90.0,0.5,5,42,77.3500,77.4444,68.0000,70.3500,71.0606,0.0000,77.8788,0.0000,-6.8182,52,194,37.89,50.00,0,19.4778,0.466,NVIDIA A10,4875190
cifar100,resnet18,layer4_last,3,95.0,0.01,1,42,77.3500,77.4444,68.0000,76.5200,77.2828,1.0000,77.8788,0.0000,-0.5960,26,26,5.08,5.00,-1,21.0310,0.111,NVIDIA A10,4875190
cifar100,resnet18,layer4_last,3,95.0,0.01,10,42,77.3500,77.4444,68.0000,61.4600,62.0808,0.0000,77.8788,0.0000,-15.7980,26,260,50.78,50.00,0,21.0310,0.992,NVIDIA A10,4875190
cifar100,resnet18,layer4_last,3,95.0,0.01,20,42,77.3500,77.4444,68.0000,7.3200,7.3939,0.0000,77.8788,0.0000,-70.4848,26,501,97.85,100.00,6,21.0310,2.030,NVIDIA A10,4875190
cifar100,resnet18,layer4_last,3,95.0,0.01,5,42,77.3500,77.4444,68.0000,71.9500,72.6768,0.0000,77.8788,0.0000,-5.2020,26,130,25.39,25.00,0,21.0310,0.502,NVIDIA A10,4875190
cifar100,resnet18,layer4_last,3,95.0,0.03,1,42,77.3500,77.4444,68.0000,76.5200,77.2828,1.0000,77.8788,0.0000,-0.5960,26,26,5.08,5.00,-1,20.8211,0.100,NVIDIA A10,4875190
cifar100,resnet18,layer4_last,3,95.0,0.03,10,42,77.3500,77.4444,68.0000,61.6000,62.2222,0.0000,77.8788,0.0000,-15.6566,26,260,50.78,50.00,0,20.8211,0.992,NVIDIA A10,4875190
cifar100,resnet18,layer4_last,3,95.0,0.03,20,42,77.3500,77.4444,68.0000,9.9700,10.0707,0.0000,77.8788,0.0000,-67.8081,26,496,96.88,100.00,6,20.8211,2.004,NVIDIA A10,4875190
cifar100,resnet18,layer4_last,3,95.0,0.03,5,42,77.3500,77.4444,68.0000,71.9900,72.7172,0.0000,77.8788,0.0000,-5.1616,26,130,25.39,25.00,0,20.8211,0.489,NVIDIA A10,4875190
cifar100,resnet18,layer4_last,3,95.0,0.1,1,42,77.3500,77.4444,68.0000,76.5200,77.2828,1.0000,77.8788,0.0000,-0.5960,26,26,5.08,5.00,-1,20.0236,0.107,NVIDIA A10,4875190
cifar100,resnet18,layer4_last,3,95.0,0.1,10,42,77.3500,77.4444,68.0000,61.8700,62.4949,0.0000,77.8788,0.0000,-15.3838,26,260,50.78,50.00,0,20.0236,0.982,NVIDIA A10,4875190
cifar100,resnet18,layer4_last,3,95.0,0.1,20,42,77.3500,77.4444,68.0000,19.4200,19.6162,0.0000,77.8788,0.0000,-58.2626,26,477,93.16,100.00,4,20.0236,1.974,NVIDIA A10,4875190
cifar100,resnet18,layer4_last,3,95.0,0.1,5,42,77.3500,77.4444,68.0000,72.0900,72.8182,0.0000,77.8788,0.0000,-5.0606,26,130,25.39,25.00,0,20.0236,0.493,NVIDIA A10,4875190
cifar100,resnet18,layer4_last,3,95.0,0.3,1,42,77.3500,77.4444,68.0000,76.5100,77.2626,2.0000,77.8788,0.0000,-0.6162,26,26,5.08,5.00,-1,16.9592,0.100,NVIDIA A10,4875190
cifar100,resnet18,layer4_last,3,95.0,0.3,10,42,77.3500,77.4444,68.0000,65.6900,66.3535,0.0000,77.8788,0.0000,-11.5253,26,241,47.07,50.00,0,16.9592,0.968,NVIDIA A10,4875190
cifar100,resnet18,layer4_last,3,95.0,0.3,20,42,77.3500,77.4444,68.0000,48.1900,48.6768,0.0000,77.8788,0.0000,-29.2020,26,404,78.91,100.00,1,16.9592,2.022,NVIDIA A10,4875190
cifar100,resnet18,layer4_last,3,95.0,0.3,5,42,77.3500,77.4444,68.0000,72.8800,73.6162,0.0000,77.8788,0.0000,-4.2626,26,128,25.00,25.00,0,16.9592,0.509,NVIDIA A10,4875190
cifar100,resnet18,layer4_last,3,95.0,0.5,1,42,77.3500,77.4444,68.0000,76.5600,77.2525,8.0000,77.8788,0.0000,-0.6263,26,26,5.08,5.00,-1,13.9367,0.099,NVIDIA A10,4875190
cifar100,resnet18,layer4_last,3,95.0,0.5,10,42,77.3500,77.4444,68.0000,70.3500,71.0606,0.0000,77.8788,0.0000,-6.8182,26,194,37.89,50.00,0,13.9367,0.879,NVIDIA A10,4875190
cifar100,resnet18,layer4_last,3,95.0,0.5,20,42,77.3500,77.4444,68.0000,61.5900,62.2121,0.0000,77.8788,0.0000,-15.6667,26,332,64.84,100.00,0,13.9367,2.117,NVIDIA A10,4875190
cifar100,resnet18,layer4_last,3,95.0,0.5,5,42,77.3500,77.4444,68.0000,74.1800,74.9293,0.0000,77.8788,0.0000,-2.9495,26,105,20.51,25.00,0,13.9367,0.446,NVIDIA A10,4875190
cifar100,resnet18,layer4_last,3,99.0,0.01,1,42,77.3500,77.4444,68.0000,76.9500,77.3939,33.0000,77.8788,0.0000,-0.4848,6,6,1.17,1.00,-1,5.0374,0.103,NVIDIA A10,4875190
cifar100,resnet18,layer4_last,3,99.0,0.01,10,42,77.3500,77.4444,68.0000,75.3600,76.1212,0.0000,77.8788,0.0000,-1.7576,6,60,11.72,10.00,0,5.0374,1.447,NVIDIA A10,4875190
cifar100,resnet18,layer4_last,3,99.0,0.01,20,42,77.3500,77.4444,68.0000,72.5900,73.3232,0.0000,77.8788,0.0000,-4.5556,6,120,23.44,20.00,0,5.0374,2.412,NVIDIA A10,4875190
cifar100,resnet18,layer4_last,3,99.0,0.01,5,42,77.3500,77.4444,68.0000,76.4100,77.1717,1.0000,77.8788,0.0000,-0.7071,6,30,5.86,5.00,0,5.0374,0.523,NVIDIA A10,4875190
cifar100,resnet18,layer4_last,3,99.0,0.03,1,42,77.3500,77.4444,68.0000,76.9500,77.3939,33.0000,77.8788,0.0000,-0.4848,6,6,1.17,1.00,-1,5.0374,0.103,NVIDIA A10,4875190
cifar100,resnet18,layer4_last,3,99.0,0.03,10,42,77.3500,77.4444,68.0000,75.3600,76.1212,0.0000,77.8788,0.0000,-1.7576,6,60,11.72,10.00,0,5.0374,0.979,NVIDIA A10,4875190
cifar100,resnet18,layer4_last,3,99.0,0.03,20,42,77.3500,77.4444,68.0000,72.6000,73.3333,0.0000,77.8788,0.0000,-4.5455,6,120,23.44,20.00,0,5.0374,1.965,NVIDIA A10,4875190
cifar100,resnet18,layer4_last,3,99.0,0.03,5,42,77.3500,77.4444,68.0000,76.4100,77.1717,1.0000,77.8788,0.0000,-0.7071,6,30,5.86,5.00,0,5.0374,0.485,NVIDIA A10,4875190
cifar100,resnet18,layer4_last,3,99.0,0.1,1,42,77.3500,77.4444,68.0000,76.9800,77.4141,34.0000,77.8788,0.0000,-0.4646,6,6,1.17,1.00,-1,5.0374,0.101,NVIDIA A10,4875190
cifar100,resnet18,layer4_last,3,99.0,0.1,10,42,77.3500,77.4444,68.0000,75.3800,76.1414,0.0000,77.8788,0.0000,-1.7374,6,60,11.72,10.00,0,5.0374,1.134,NVIDIA A10,4875190
cifar100,resnet18,layer4_last,3,99.0,0.1,20,42,77.3500,77.4444,68.0000,72.6500,73.3838,0.0000,77.8788,0.0000,-4.4949,6,120,23.44,20.00,0,5.0374,2.325,NVIDIA A10,4875190
cifar100,resnet18,layer4_last,3,99.0,0.1,5,42,77.3500,77.4444,68.0000,76.3900,77.1515,1.0000,77.8788,0.0000,-0.7273,6,30,5.86,5.00,0,5.0374,0.517,NVIDIA A10,4875190
cifar100,resnet18,layer4_last,3,99.0,0.3,1,42,77.3500,77.4444,68.0000,76.9900,77.4242,34.0000,77.8788,0.0000,-0.4545,6,6,1.17,1.00,-1,4.9954,0.101,NVIDIA A10,4875190
cifar100,resnet18,layer4_last,3,99.0,0.3,10,42,77.3500,77.4444,68.0000,75.5500,76.3131,0.0000,77.8788,0.0000,-1.5657,6,60,11.72,10.00,0,4.9954,0.983,NVIDIA A10,4875190
cifar100,resnet18,layer4_last,3,99.0,0.3,20,42,77.3500,77.4444,68.0000,73.1400,73.8788,0.0000,77.8788,0.0000,-4.0000,6,119,23.24,20.00,0,4.9954,1.991,NVIDIA A10,4875190
cifar100,resnet18,layer4_last,3,99.0,0.3,5,42,77.3500,77.4444,68.0000,76.4400,77.1919,2.0000,77.8788,0.0000,-0.6869,6,30,5.86,5.00,0,4.9954,0.481,NVIDIA A10,4875190
cifar100,resnet18,layer4_last,3,99.0,0.5,1,42,77.3500,77.4444,68.0000,77.0300,77.4040,40.0000,77.8788,0.0000,-0.4747,6,6,1.17,1.00,-1,4.2398,0.099,NVIDIA A10,4875190
cifar100,resnet18,layer4_last,3,99.0,0.5,10,42,77.3500,77.4444,68.0000,75.7600,76.5152,1.0000,77.8788,0.0000,-1.3636,6,54,10.55,10.00,0,4.2398,0.953,NVIDIA A10,4875190
cifar100,resnet18,layer4_last,3,99.0,0.5,20,42,77.3500,77.4444,68.0000,74.4800,75.2323,0.0000,77.8788,0.0000,-2.6465,6,101,19.73,20.00,0,4.2398,1.939,NVIDIA A10,4875190
cifar100,resnet18,layer4_last,3,99.0,0.5,5,42,77.3500,77.4444,68.0000,76.4700,77.2121,3.0000,77.8788,0.0000,-0.6667,6,29,5.66,5.00,0,4.2398,0.461,NVIDIA A10,4875190
cifar100,resnet18,layer4_last,51,50.0,0.01,1,42,77.3500,77.3838,74.0000,64.6600,65.3131,0.0000,77.7273,0.0000,-12.4141,256,256,50.00,50.00,-1,21.4928,0.092,NVIDIA A10,4875190
cifar100,resnet18,layer4_last,51,50.0,0.01,10,42,77.3500,77.3838,74.0000,1.0000,1.0101,0.0000,77.7273,0.0000,-76.7172,256,512,100.00,100.00,254,21.4928,1.274,NVIDIA A10,4875190
cifar100,resnet18,layer4_last,51,50.0,0.01,20,42,77.3500,77.3838,74.0000,1.0000,1.0101,0.0000,77.7273,0.0000,-76.7172,256,512,100.00,100.00,256,21.4928,2.234,NVIDIA A10,4875190
cifar100,resnet18,layer4_last,51,50.0,0.01,5,42,77.3500,77.3838,74.0000,1.0000,1.0101,0.0000,77.7273,0.0000,-76.7172,256,512,100.00,100.00,233,21.4928,0.440,NVIDIA A10,4875190
cifar100,resnet18,layer4_last,51,50.0,0.03,1,42,77.3500,77.3838,74.0000,64.7500,65.4040,0.0000,77.7273,0.0000,-12.3232,256,256,50.00,50.00,-1,21.4928,0.089,NVIDIA A10,4875190
cifar100,resnet18,layer4_last,51,50.0,0.03,10,42,77.3500,77.3838,74.0000,1.0000,1.0101,0.0000,77.7273,0.0000,-76.7172,256,512,100.00,100.00,252,21.4928,0.982,NVIDIA A10,4875190
cifar100,resnet18,layer4_last,51,50.0,0.03,20,42,77.3500,77.3838,74.0000,1.0000,1.0101,0.0000,77.7273,0.0000,-76.7172,256,512,100.00,100.00,256,21.4928,1.952,NVIDIA A10,4875190
cifar100,resnet18,layer4_last,51,50.0,0.03,5,42,77.3500,77.3838,74.0000,1.0000,1.0101,0.0000,77.7273,0.0000,-76.7172,256,512,100.00,100.00,189,21.4928,0.479,NVIDIA A10,4875190
cifar100,resnet18,layer4_last,51,50.0,0.1,1,42,77.3500,77.3838,74.0000,65.0300,65.6869,0.0000,77.7273,0.0000,-12.0404,256,256,50.00,50.00,-1,21.4928,0.105,NVIDIA A10,4875190
cifar100,resnet18,layer4_last,51,50.0,0.1,10,42,77.3500,77.3838,74.0000,1.3100,1.3232,0.0000,77.7273,0.0000,-76.4040,256,512,100.00,100.00,248,21.4928,1.015,NVIDIA A10,4875190
cifar100,resnet18,layer4_last,51,50.0,0.1,20,42,77.3500,77.3838,74.0000,1.3100,1.3232,0.0000,77.7273,0.0000,-76.4040,256,512,100.00,100.00,254,21.4928,2.010,NVIDIA A10,4875190
cifar100,resnet18,layer4_last,51,50.0,0.1,5,42,77.3500,77.3838,74.0000,1.6000,1.6162,0.0000,77.7273,0.0000,-76.1111,256,512,100.00,100.00,113,21.4928,0.491,NVIDIA A10,4875190
cifar100,resnet18,layer4_last,51,50.0,0.3,1,42,77.3500,77.3838,74.0000,66.9700,67.6465,0.0000,77.7273,0.0000,-10.0808,256,256,50.00,50.00,-1,21.4928,0.095,NVIDIA A10,4875190
cifar100,resnet18,layer4_last,51,50.0,0.3,10,42,77.3500,77.3838,74.0000,2.1500,2.1717,0.0000,77.7273,0.0000,-75.5556,256,512,100.00,100.00,195,21.4928,0.987,NVIDIA A10,4875190
cifar100,resnet18,layer4_last,51,50.0,0.3,20,42,77.3500,77.3838,74.0000,1.8800,1.8990,0.0000,77.7273,0.0000,-75.8283,256,512,100.00,100.00,250,21.4928,2.045,NVIDIA A10,4875190
cifar100,resnet18,layer4_last,51,50.0,0.3,5,42,77.3500,77.3838,74.0000,6.3800,6.4444,0.0000,77.7273,0.0000,-71.2828,256,507,99.02,100.00,101,21.4928,0.481,NVIDIA A10,4875190
cifar100,resnet18,layer4_last,51,50.0,0.5,1,42,77.3500,77.3838,74.0000,71.1500,71.6364,23.0000,77.7273,0.0000,-6.0909,256,256,50.00,50.00,-1,21.4928,2.130,NVIDIA A10,4875190
cifar100,resnet18,layer4_last,51,50.0,0.5,10,42,77.3500,77.3838,74.0000,5.9600,6.0202,0.0000,77.7273,0.0000,-71.7071,256,510,99.61,100.00,119,21.4928,2.995,NVIDIA A10,4875190
cifar100,resnet18,layer4_last,51,50.0,0.5,20,42,77.3500,77.3838,74.0000,1.8300,1.8485,0.0000,77.7273,0.0000,-75.8788,256,512,100.00,100.00,220,21.4928,4.014,NVIDIA A10,4875190
cifar100,resnet18,layer4_last,51,50.0,0.5,5,42,77.3500,77.3838,74.0000,31.9500,32.2727,0.0000,77.7273,0.0000,-45.4545,256,495,96.68,100.00,87,21.4928,2.519,NVIDIA A10,4875190
cifar100,resnet18,layer4_last,51,75.0,0.01,1,42,77.3500,77.3838,74.0000,73.9900,74.7374,0.0000,77.7273,0.0000,-2.9899,128,128,25.00,25.00,-1,21.4928,0.113,NVIDIA A10,4875190
cifar100,resnet18,layer4_last,51,75.0,0.01,10,42,77.3500,77.3838,74.0000,1.0000,1.0101,0.0000,77.7273,0.0000,-76.7172,128,512,100.00,100.00,126,21.4928,1.311,NVIDIA A10,4875190
cifar100,resnet18,layer4_last,51,75.0,0.01,20,42,77.3500,77.3838,74.0000,1.0000,1.0101,0.0000,77.7273,0.0000,-76.7172,128,512,100.00,100.00,128,21.4928,2.237,NVIDIA A10,4875190
cifar100,resnet18,layer4_last,51,75.0,0.01,5,42,77.3500,77.3838,74.0000,1.6900,1.7071,0.0000,77.7273,0.0000,-76.0202,128,511,99.80,100.00,24,21.4928,0.515,NVIDIA A10,4875190
cifar100,resnet18,layer4_last,51,75.0,0.03,1,42,77.3500,77.3838,74.0000,73.9800,74.7273,0.0000,77.7273,0.0000,-3.0000,128,128,25.00,25.00,-1,21.4928,0.100,NVIDIA A10,4875190
cifar100,resnet18,layer4_last,51,75.0,0.03,10,42,77.3500,77.3838,74.0000,1.0600,1.0707,0.0000,77.7273,0.0000,-76.6566,128,512,100.00,100.00,116,21.4928,0.985,NVIDIA A10,4875190
cifar100,resnet18,layer4_last,51,75.0,0.03,20,42,77.3500,77.3838,74.0000,1.0600,1.0707,0.0000,77.7273,0.0000,-76.6566,128,512,100.00,100.00,128,21.4928,2.004,NVIDIA A10,4875190
cifar100,resnet18,layer4_last,51,75.0,0.03,5,42,77.3500,77.3838,74.0000,2.1100,2.1313,0.0000,77.7273,0.0000,-75.5960,128,509,99.41,100.00,25,21.4928,0.488,NVIDIA A10,4875190
cifar100,resnet18,layer4_last,51,75.0,0.1,1,42,77.3500,77.3838,74.0000,74.0500,74.7980,0.0000,77.7273,0.0000,-2.9293,128,128,25.00,25.00,-1,21.4928,0.086,NVIDIA A10,4875190
cifar100,resnet18,layer4_last,51,75.0,0.1,10,42,77.3500,77.3838,74.0000,3.1700,3.2020,0.0000,77.7273,0.0000,-74.5253,128,511,99.80,100.00,78,21.4928,0.867,NVIDIA A10,4875190
cifar100,resnet18,layer4_last,51,75.0,0.1,20,42,77.3500,77.3838,74.0000,1.6500,1.6667,0.0000,77.7273,0.0000,-76.0606,128,512,100.00,100.00,127,21.4928,1.810,NVIDIA A10,4875190
cifar100,resnet18,layer4_last,51,75.0,0.1,5,42,77.3500,77.3838,74.0000,5.5300,5.5859,0.0000,77.7273,0.0000,-72.1414,128,504,98.44,100.00,23,21.4928,0.428,NVIDIA A10,4875190
cifar100,resnet18,layer4_last,51,75.0,0.3,1,42,77.3500,77.3838,74.0000,74.4000,75.1515,0.0000,77.7273,0.0000,-2.5758,128,128,25.00,25.00,-1,21.4508,0.089,NVIDIA A10,4875190
cifar100,resnet18,layer4_last,51,75.0,0.3,10,42,77.3500,77.3838,74.0000,8.0700,8.1515,0.0000,77.7273,0.0000,-69.5758,128,506,98.83,100.00,32,21.4508,0.927,NVIDIA A10,4875190
cifar100,resnet18,layer4_last,51,75.0,0.3,20,42,77.3500,77.3838,74.0000,3.5800,3.6162,0.0000,77.7273,0.0000,-74.1111,128,511,99.80,100.00,104,21.4508,1.811,NVIDIA A10,4875190
cifar100,resnet18,layer4_last,51,75.0,0.3,5,42,77.3500,77.3838,74.0000,39.5100,39.9091,0.0000,77.7273,0.0000,-37.8182,128,455,88.87,100.00,9,21.4508,0.481,NVIDIA A10,4875190
cifar100,resnet18,layer4_last,51,75.0,0.5,1,42,77.3500,77.3838,74.0000,75.4200,76.0808,10.0000,77.7273,0.0000,-1.6465,128,128,25.00,25.00,-1,21.3669,0.094,NVIDIA A10,4875190
cifar100,resnet18,layer4_last,51,75.0,0.5,10,42,77.3500,77.3838,74.0000,32.1400,32.4646,0.0000,77.7273,0.0000,-45.2626,128,494,96.48,100.00,20,21.3669,1.015,NVIDIA A10,4875190
cifar100,resnet18,layer4_last,51,75.0,0.5,20,42,77.3500,77.3838,74.0000,7.9400,8.0202,0.0000,77.7273,0.0000,-69.7071,128,509,99.41,100.00,61,21.3669,1.977,NVIDIA A10,4875190
cifar100,resnet18,layer4_last,51,75.0,0.5,5,42,77.3500,77.3838,74.0000,60.3900,61.0000,0.0000,77.7273,0.0000,-16.7273,128,393,76.76,100.00,11,21.3669,0.518,NVIDIA A10,4875190
cifar100,resnet18,layer4_last,51,90.0,0.01,1,42,77.3500,77.3838,74.0000,76.1700,76.9394,0.0000,77.7273,0.0000,-0.7879,52,52,10.16,10.00,-1,21.3669,0.103,NVIDIA A10,4875190
cifar100,resnet18,layer4_last,51,90.0,0.01,10,42,77.3500,77.3838,74.0000,6.8800,6.9495,0.0000,77.7273,0.0000,-70.7778,52,498,97.27,100.00,6,21.3669,1.296,NVIDIA A10,4875190
cifar100,resnet18,layer4_last,51,90.0,0.01,20,42,77.3500,77.3838,74.0000,2.0400,2.0606,0.0000,77.7273,0.0000,-75.6667,52,509,99.41,100.00,52,21.3669,2.249,NVIDIA A10,4875190
cifar100,resnet18,layer4_last,51,90.0,0.01,5,42,77.3500,77.3838,74.0000,64.2300,64.8788,0.0000,77.7273,0.0000,-12.8485,52,260,50.78,50.00,0,21.3669,0.507,NVIDIA A10,4875190
cifar100,resnet18,layer4_last,51,90.0,0.03,1,42,77.3500,77.3838,74.0000,76.1700,76.9394,0.0000,77.7273,0.0000,-0.7879,52,52,10.16,10.00,-1,21.3669,0.094,NVIDIA A10,4875190
cifar100,resnet18,layer4_last,51,90.0,0.03,10,42,77.3500,77.3838,74.0000,7.2000,7.2727,0.0000,77.7273,0.0000,-70.4545,52,496,96.88,100.00,6,21.3669,1.001,NVIDIA A10,4875190
cifar100,resnet18,layer4_last,51,90.0,0.03,20,42,77.3500,77.3838,74.0000,2.1100,2.1313,0.0000,77.7273,0.0000,-75.5960,52,509,99.41,100.00,51,21.3669,1.958,NVIDIA A10,4875190
cifar100,resnet18,layer4_last,51,90.0,0.03,5,42,77.3500,77.3838,74.0000,64.3000,64.9495,0.0000,77.7273,0.0000,-12.7778,52,260,50.78,50.00,0,21.3669,0.497,NVIDIA A10,4875190
cifar100,resnet18,layer4_last,51,90.0,0.1,1,42,77.3500,77.3838,74.0000,76.1800,76.9495,0.0000,77.7273,0.0000,-0.7778,52,52,10.16,10.00,-1,21.2829,0.095,NVIDIA A10,4875190
cifar100,resnet18,layer4_last,51,90.0,0.1,10,42,77.3500,77.3838,74.0000,14.0500,14.1919,0.0000,77.7273,0.0000,-63.5354,52,481,93.95,100.00,5,21.2829,0.965,NVIDIA A10,4875190
cifar100,resnet18,layer4_last,51,90.0,0.1,20,42,77.3500,77.3838,74.0000,3.9500,3.9899,0.0000,77.7273,0.0000,-73.7374,52,507,99.02,100.00,37,21.2829,1.921,NVIDIA A10,4875190
cifar100,resnet18,layer4_last,51,90.0,0.1,5,42,77.3500,77.3838,74.0000,64.6600,65.3131,0.0000,77.7273,0.0000,-12.4141,52,258,50.39,50.00,0,21.2829,0.479,NVIDIA A10,4875190
cifar100,resnet18,layer4_last,51,90.0,0.3,1,42,77.3500,77.3838,74.0000,76.2500,77.0202,0.0000,77.7273,0.0000,-0.7071,52,52,10.16,10.00,-1,21.0730,0.116,NVIDIA A10,4875190
cifar100,resnet18,layer4_last,51,90.0,0.3,10,42,77.3500,77.3838,74.0000,51.3900,51.9091,0.0000,77.7273,0.0000,-25.8182,52,413,80.66,100.00,2,21.0730,1.104,NVIDIA A10,4875190
cifar100,resnet18,layer4_last,51,90.0,0.3,20,42,77.3500,77.3838,74.0000,16.3700,16.5354,0.0000,77.7273,0.0000,-61.1919,52,502,98.05,100.00,13,21.0730,2.049,NVIDIA A10,4875190
cifar100,resnet18,layer4_last,51,90.0,0.3,5,42,77.3500,77.3838,74.0000,68.1000,68.7879,0.0000,77.7273,0.0000,-8.9394,52,242,47.27,50.00,0,21.0730,0.518,NVIDIA A10,4875190
cifar100,resnet18,layer4_last,51,90.0,0.5,1,42,77.3500,77.3838,74.0000,76.5000,77.1313,14.0000,77.7273,0.0000,-0.5960,52,52,10.16,10.00,-1,19.5618,0.133,NVIDIA A10,4875190
cifar100,resnet18,layer4_last,51,90.0,0.5,10,42,77.3500,77.3838,74.0000,65.6300,66.2929,0.0000,77.7273,0.0000,-11.4343,52,347,67.77,100.00,2,19.5618,1.093,NVIDIA A10,4875190
cifar100,resnet18,layer4_last,51,90.0,0.5,20,42,77.3500,77.3838,74.0000,47.6300,48.1111,0.0000,77.7273,0.0000,-29.6162,52,466,91.02,100.00,7,19.5618,2.113,NVIDIA A10,4875190
cifar100,resnet18,layer4_last,51,90.0,0.5,5,42,77.3500,77.3838,74.0000,72.1100,72.8384,0.0000,77.7273,0.0000,-4.8889,52,196,38.28,50.00,0,19.5618,0.562,NVIDIA A10,4875190
cifar100,resnet18,layer4_last,51,95.0,0.01,1,42,77.3500,77.3838,74.0000,76.5000,77.2323,4.0000,77.7273,0.0000,-0.4949,26,26,5.08,5.00,-1,20.5273,0.104,NVIDIA A10,4875190
cifar100,resnet18,layer4_last,51,95.0,0.01,10,42,77.3500,77.3838,74.0000,64.2300,64.8788,0.0000,77.7273,0.0000,-12.8485,26,260,50.78,50.00,0,20.5273,0.976,NVIDIA A10,4875190
cifar100,resnet18,layer4_last,51,95.0,0.01,20,42,77.3500,77.3838,74.0000,8.8600,8.9495,0.0000,77.7273,0.0000,-68.7778,26,489,95.51,100.00,6,20.5273,2.164,NVIDIA A10,4875190
cifar100,resnet18,layer4_last,51,95.0,0.01,5,42,77.3500,77.3838,74.0000,73.8900,74.6364,0.0000,77.7273,0.0000,-3.0909,26,130,25.39,25.00,0,20.5273,0.481,NVIDIA A10,4875190
cifar100,resnet18,layer4_last,51,95.0,0.03,1,42,77.3500,77.3838,74.0000,76.5000,77.2323,4.0000,77.7273,0.0000,-0.4949,26,26,5.08,5.00,-1,20.4014,0.097,NVIDIA A10,4875190
cifar100,resnet18,layer4_last,51,95.0,0.03,10,42,77.3500,77.3838,74.0000,64.3000,64.9495,0.0000,77.7273,0.0000,-12.7778,26,260,50.78,50.00,0,20.4014,0.991,NVIDIA A10,4875190
cifar100,resnet18,layer4_last,51,95.0,0.03,20,42,77.3500,77.3838,74.0000,10.8700,10.9798,0.0000,77.7273,0.0000,-66.7475,26,486,94.92,100.00,6,20.4014,1.979,NVIDIA A10,4875190
cifar100,resnet18,layer4_last,51,95.0,0.03,5,42,77.3500,77.3838,74.0000,73.8900,74.6364,0.0000,77.7273,0.0000,-3.0909,26,130,25.39,25.00,0,20.4014,0.492,NVIDIA A10,4875190
cifar100,resnet18,layer4_last,51,95.0,0.1,1,42,77.3500,77.3838,74.0000,76.5100,77.2424,4.0000,77.7273,0.0000,-0.4848,26,26,5.08,5.00,-1,19.8137,0.104,NVIDIA A10,4875190
cifar100,resnet18,layer4_last,51,95.0,0.1,10,42,77.3500,77.3838,74.0000,64.6600,65.3131,0.0000,77.7273,0.0000,-12.4141,26,258,50.39,50.00,0,19.8137,1.179,NVIDIA A10,4875190
cifar100,resnet18,layer4_last,51,95.0,0.1,20,42,77.3500,77.3838,74.0000,24.3100,24.5556,0.0000,77.7273,0.0000,-53.1717,26,472,92.19,100.00,6,19.8137,2.117,NVIDIA A10,4875190
cifar100,resnet18,layer4_last,51,95.0,0.1,5,42,77.3500,77.3838,74.0000,73.9100,74.6566,0.0000,77.7273,0.0000,-3.0707,26,130,25.39,25.00,0,19.8137,0.657,NVIDIA A10,4875190
cifar100,resnet18,layer4_last,51,95.0,0.3,1,42,77.3500,77.3838,74.0000,76.5700,77.2525,9.0000,77.7273,0.0000,-0.4747,26,26,5.08,5.00,-1,17.1690,0.107,NVIDIA A10,4875190
cifar100,resnet18,layer4_last,51,95.0,0.3,10,42,77.3500,77.3838,74.0000,68.1000,68.7879,0.0000,77.7273,0.0000,-8.9394,26,242,47.27,50.00,0,17.1690,1.033,NVIDIA A10,4875190
cifar100,resnet18,layer4_last,51,95.0,0.3,20,42,77.3500,77.3838,74.0000,51.4600,51.9798,0.0000,77.7273,0.0000,-25.7475,26,409,79.88,100.00,2,17.1690,2.330,NVIDIA A10,4875190
cifar100,resnet18,layer4_last,51,95.0,0.3,5,42,77.3500,77.3838,74.0000,74.4100,75.1616,0.0000,77.7273,0.0000,-2.5657,26,127,24.80,25.00,0,17.1690,0.527,NVIDIA A10,4875190
cifar100,resnet18,layer4_last,51,95.0,0.5,1,42,77.3500,77.3838,74.0000,76.7900,77.3434,22.0000,77.7273,0.0000,-0.3838,26,26,5.08,5.00,-1,14.4824,0.103,NVIDIA A10,4875190
cifar100,resnet18,layer4_last,51,95.0,0.5,10,42,77.3500,77.3838,74.0000,72.1100,72.8384,0.0000,77.7273,0.0000,-4.8889,26,196,38.28,50.00,0,14.4824,1.019,NVIDIA A10,4875190
cifar100,resnet18,layer4_last,51,95.0,0.5,20,42,77.3500,77.3838,74.0000,65.9200,66.5859,0.0000,77.7273,0.0000,-11.1414,26,345,67.38,100.00,2,14.4824,1.978,NVIDIA A10,4875190
cifar100,resnet18,layer4_last,51,95.0,0.5,5,42,77.3500,77.3838,74.0000,75.6000,76.3636,0.0000,77.7273,0.0000,-1.3636,26,109,21.29,25.00,0,14.4824,0.511,NVIDIA A10,4875190
cifar100,resnet18,layer4_last,51,99.0,0.01,1,42,77.3500,77.3838,74.0000,77.2400,77.5051,51.0000,77.7273,0.0000,-0.2222,6,6,1.17,1.00,-1,5.0374,0.108,NVIDIA A10,4875190
cifar100,resnet18,layer4_last,51,99.0,0.01,10,42,77.3500,77.3838,74.0000,75.8300,76.5960,0.0000,77.7273,0.0000,-1.1313,6,60,11.72,10.00,0,5.0374,0.988,NVIDIA A10,4875190
cifar100,resnet18,layer4_last,51,99.0,0.01,20,42,77.3500,77.3838,74.0000,74.5800,75.3333,0.0000,77.7273,0.0000,-2.3939,6,120,23.44,20.00,0,5.0374,2.004,NVIDIA A10,4875190
cifar100,resnet18,layer4_last,51,99.0,0.01,5,42,77.3500,77.3838,74.0000,76.5100,77.2626,2.0000,77.7273,0.0000,-0.4646,6,30,5.86,5.00,0,5.0374,0.513,NVIDIA A10,4875190
cifar100,resnet18,layer4_last,51,99.0,0.03,1,42,77.3500,77.3838,74.0000,77.2400,77.5051,51.0000,77.7273,0.0000,-0.2222,6,6,1.17,1.00,-1,5.0374,0.101,NVIDIA A10,4875190
cifar100,resnet18,layer4_last,51,99.0,0.03,10,42,77.3500,77.3838,74.0000,75.8500,76.6162,0.0000,77.7273,0.0000,-1.1111,6,60,11.72,10.00,0,5.0374,1.000,NVIDIA A10,4875190
cifar100,resnet18,layer4_last,51,99.0,0.03,20,42,77.3500,77.3838,74.0000,74.5800,75.3333,0.0000,77.7273,0.0000,-2.3939,6,120,23.44,20.00,0,5.0374,2.219,NVIDIA A10,4875190
cifar100,resnet18,layer4_last,51,99.0,0.03,5,42,77.3500,77.3838,74.0000,76.5300,77.2828,2.0000,77.7273,0.0000,-0.4444,6,30,5.86,5.00,0,5.0374,0.502,NVIDIA A10,4875190
cifar100,resnet18,layer4_last,51,99.0,0.1,1,42,77.3500,77.3838,74.0000,77.2400,77.5051,51.0000,77.7273,0.0000,-0.2222,6,6,1.17,1.00,-1,5.0374,0.105,NVIDIA A10,4875190
cifar100,resnet18,layer4_last,51,99.0,0.1,10,42,77.3500,77.3838,74.0000,75.8600,76.6263,0.0000,77.7273,0.0000,-1.1010,6,60,11.72,10.00,0,5.0374,0.997,NVIDIA A10,4875190
cifar100,resnet18,layer4_last,51,99.0,0.1,20,42,77.3500,77.3838,74.0000,74.6200,75.3737,0.0000,77.7273,0.0000,-2.3535,6,120,23.44,20.00,0,5.0374,2.079,NVIDIA A10,4875190
cifar100,resnet18,layer4_last,51,99.0,0.1,5,42,77.3500,77.3838,74.0000,76.5200,77.2727,2.0000,77.7273,0.0000,-0.4545,6,30,5.86,5.00,0,5.0374,0.518,NVIDIA A10,4875190
cifar100,resnet18,layer4_last,51,99.0,0.3,1,42,77.3500,77.3838,74.0000,77.2800,77.5051,55.0000,77.7273,0.0000,-0.2222,6,6,1.17,1.00,-1,4.9114,0.121,NVIDIA A10,4875190
cifar100,resnet18,layer4_last,51,99.0,0.3,10,42,77.3500,77.3838,74.0000,75.9700,76.7374,0.0000,77.7273,0.0000,-0.9899,6,59,11.52,10.00,0,4.9114,0.975,NVIDIA A10,4875190
cifar100,resnet18,layer4_last,51,99.0,0.3,20,42,77.3500,77.3838,74.0000,75.0500,75.8081,0.0000,77.7273,0.0000,-1.9192,6,117,22.85,20.00,0,4.9114,2.144,NVIDIA A10,4875190
cifar100,resnet18,layer4_last,51,99.0,0.3,5,42,77.3500,77.3838,74.0000,76.5900,77.3232,4.0000,77.7273,0.0000,-0.4040,6,30,5.86,5.00,0,4.9114,0.499,NVIDIA A10,4875190
cifar100,resnet18,layer4_last,51,99.0,0.5,1,42,77.3500,77.3838,74.0000,77.3200,77.5051,59.0000,77.7273,0.0000,-0.2222,6,6,1.17,1.00,-1,4.2818,0.102,NVIDIA A10,4875190
cifar100,resnet18,layer4_last,51,99.0,0.5,10,42,77.3500,77.3838,74.0000,76.3400,77.0909,2.0000,77.7273,0.0000,-0.6364,6,56,10.94,10.00,0,4.2818,1.037,NVIDIA A10,4875190
cifar100,resnet18,layer4_last,51,99.0,0.5,20,42,77.3500,77.3838,74.0000,75.7200,76.4848,0.0000,77.7273,0.0000,-1.2424,6,102,19.92,20.00,0,4.2818,2.100,NVIDIA A10,4875190
cifar100,resnet18,layer4_last,51,99.0,0.5,5,42,77.3500,77.3838,74.0000,76.7600,77.3737,16.0000,77.7273,0.0000,-0.3535,6,28,5.47,5.00,0,4.2818,0.488,NVIDIA A10,4875190
cifar100,resnet18,layer4_last,69,50.0,0.01,1,42,77.3500,77.3030,82.0000,62.7900,63.4242,0.0000,77.4949,0.0000,-14.0707,256,256,50.00,50.00,-1,21.4928,0.098,NVIDIA A10,4875190
cifar100,resnet18,layer4_last,69,50.0,0.01,10,42,77.3500,77.3030,82.0000,1.0000,1.0101,0.0000,77.4949,0.0000,-76.4848,256,512,100.00,100.00,253,21.4928,0.961,NVIDIA A10,4875190
cifar100,resnet18,layer4_last,69,50.0,0.01,20,42,77.3500,77.3030,82.0000,1.0000,1.0101,0.0000,77.4949,0.0000,-76.4848,256,512,100.00,100.00,256,21.4928,1.947,NVIDIA A10,4875190
cifar100,resnet18,layer4_last,69,50.0,0.01,5,42,77.3500,77.3030,82.0000,1.0000,1.0101,0.0000,77.4949,0.0000,-76.4848,256,512,100.00,100.00,230,21.4928,0.480,NVIDIA A10,4875190
cifar100,resnet18,layer4_last,69,50.0,0.03,1,42,77.3500,77.3030,82.0000,62.8500,63.4848,0.0000,77.4949,0.0000,-14.0101,256,256,50.00,50.00,-1,21.4928,0.111,NVIDIA A10,4875190
cifar100,resnet18,layer4_last,69,50.0,0.03,10,42,77.3500,77.3030,82.0000,1.0000,1.0101,0.0000,77.4949,0.0000,-76.4848,256,512,100.00,100.00,253,21.4928,1.012,NVIDIA A10,4875190
cifar100,resnet18,layer4_last,69,50.0,0.03,20,42,77.3500,77.3030,82.0000,1.0000,1.0101,0.0000,77.4949,0.0000,-76.4848,256,512,100.00,100.00,254,21.4928,2.448,NVIDIA A10,4875190
cifar100,resnet18,layer4_last,69,50.0,0.03,5,42,77.3500,77.3030,82.0000,1.0000,1.0101,0.0000,77.4949,0.0000,-76.4848,256,512,100.00,100.00,190,21.4928,0.538,NVIDIA A10,4875190
cifar100,resnet18,layer4_last,69,50.0,0.1,1,42,77.3500,77.3030,82.0000,63.1500,63.7879,0.0000,77.4949,0.0000,-13.7071,256,256,50.00,50.00,-1,21.4928,0.095,NVIDIA A10,4875190
cifar100,resnet18,layer4_last,69,50.0,0.1,10,42,77.3500,77.3030,82.0000,1.4200,1.4343,0.0000,77.4949,0.0000,-76.0606,256,512,100.00,100.00,242,21.4928,1.078,NVIDIA A10,4875190
cifar100,resnet18,layer4_last,69,50.0,0.1,20,42,77.3500,77.3030,82.0000,1.4000,1.4141,0.0000,77.4949,0.0000,-76.0808,256,512,100.00,100.00,254,21.4928,2.155,NVIDIA A10,4875190
cifar100,resnet18,layer4_last,69,50.0,0.1,5,42,77.3500,77.3030,82.0000,2.3300,2.3535,0.0000,77.4949,0.0000,-75.1414,256,511,99.80,100.00,120,21.4928,0.508,NVIDIA A10,4875190
cifar100,resnet18,layer4_last,69,50.0,0.3,1,42,77.3500,77.3030,82.0000,65.6600,66.2626,6.0000,77.4949,0.0000,-11.2323,256,256,50.00,50.00,-1,21.4928,0.100,NVIDIA A10,4875190
cifar100,resnet18,layer4_last,69,50.0,0.3,10,42,77.3500,77.3030,82.0000,4.9500,5.0000,0.0000,77.4949,0.0000,-72.4949,256,512,100.00,100.00,194,21.4928,1.019,NVIDIA A10,4875190
cifar100,resnet18,layer4_last,69,50.0,0.3,20,42,77.3500,77.3030,82.0000,3.8900,3.9293,0.0000,77.4949,0.0000,-73.5657,256,512,100.00,100.00,247,21.4928,2.010,NVIDIA A10,4875190
cifar100,resnet18,layer4_last,69,50.0,0.3,5,42,77.3500,77.3030,82.0000,13.5800,13.7172,0.0000,77.4949,0.0000,-63.7778,256,502,98.05,100.00,120,21.4928,0.532,NVIDIA A10,4875190
cifar100,resnet18,layer4_last,69,50.0,0.5,1,42,77.3500,77.3030,82.0000,70.6900,70.9495,45.0000,77.4949,0.0000,-6.5455,256,256,50.00,50.00,-1,21.4928,2.466,NVIDIA A10,4875190
cifar100,resnet18,layer4_last,69,50.0,0.5,10,42,77.3500,77.3030,82.0000,10.6200,10.7273,0.0000,77.4949,0.0000,-66.7677,256,510,99.61,100.00,135,21.4928,3.347,NVIDIA A10,4875190
cifar100,resnet18,layer4_last,69,50.0,0.5,20,42,77.3500,77.3030,82.0000,5.6400,5.6970,0.0000,77.4949,0.0000,-71.7980,256,512,100.00,100.00,219,21.4928,4.335,NVIDIA A10,4875190
cifar100,resnet18,layer4_last,69,50.0,0.5,5,42,77.3500,77.3030,82.0000,32.5600,32.8889,0.0000,77.4949,0.0000,-44.6061,256,464,90.62,100.00,124,21.4928,2.872,NVIDIA A10,4875190
cifar100,resnet18,layer4_last,69,75.0,0.01,1,42,77.3500,77.3030,82.0000,73.4100,74.1515,0.0000,77.4949,0.0000,-3.3434,128,128,25.00,25.00,-1,21.4088,0.114,NVIDIA A10,4875190
cifar100,resnet18,layer4_last,69,75.0,0.01,10,42,77.3500,77.3030,82.0000,2.3500,2.3737,0.0000,77.4949,0.0000,-75.1212,128,510,99.61,100.00,126,21.4088,0.996,NVIDIA A10,4875190
cifar100,resnet18,layer4_last,69,75.0,0.01,20,42,77.3500,77.3030,82.0000,2.3500,2.3737,0.0000,77.4949,0.0000,-75.1212,128,510,99.61,100.00,128,21.4088,2.226,NVIDIA A10,4875190
cifar100,resnet18,layer4_last,69,75.0,0.01,5,42,77.3500,77.3030,82.0000,3.8200,3.8586,0.0000,77.4949,0.0000,-73.6364,128,507,99.02,100.00,34,21.4088,0.506,NVIDIA A10,4875190
cifar100,resnet18,layer4_last,69,75.0,0.03,1,42,77.3500,77.3030,82.0000,73.4200,74.1616,0.0000,77.4949,0.0000,-3.3333,128,128,25.00,25.00,-1,21.4088,0.093,NVIDIA A10,4875190
cifar100,resnet18,layer4_last,69,75.0,0.03,10,42,77.3500,77.3030,82.0000,2.5700,2.5960,0.0000,77.4949,0.0000,-74.8990,128,510,99.61,100.00,115,21.4088,0.982,NVIDIA A10,4875190
cifar100,resnet18,layer4_last,69,75.0,0.03,20,42,77.3500,77.3030,82.0000,2.5400,2.5657,0.0000,77.4949,0.0000,-74.9293,128,510,99.61,100.00,127,21.4088,2.031,NVIDIA A10,4875190
cifar100,resnet18,layer4_last,69,75.0,0.03,5,42,77.3500,77.3030,82.0000,7.5300,7.6061,0.0000,77.4949,0.0000,-69.8889,128,501,97.85,100.00,37,21.4088,0.483,NVIDIA A10,4875190
cifar100,resnet18,layer4_last,69,75.0,0.1,1,42,77.3500,77.3030,82.0000,73.4900,74.2323,0.0000,77.4949,0.0000,-3.2626,128,128,25.00,25.00,-1,21.4088,0.106,NVIDIA A10,4875190
cifar100,resnet18,layer4_last,69,75.0,0.1,10,42,77.3500,77.3030,82.0000,5.1900,5.2424,0.0000,77.4949,0.0000,-72.2525,128,507,99.02,100.00,90,21.4088,1.059,NVIDIA A10,4875190
cifar100,resnet18,layer4_last,69,75.0,0.1,20,42,77.3500,77.3030,82.0000,2.9300,2.9596,0.0000,77.4949,0.0000,-74.5354,128,510,99.61,100.00,122,21.4088,2.061,NVIDIA A10,4875190
cifar100,resnet18,layer4_last,69,75.0,0.1,5,42,77.3500,77.3030,82.0000,16.9300,17.1010,0.0000,77.4949,0.0000,-60.3939,128,474,92.58,100.00,33,21.4088,0.522,NVIDIA A10,4875190
cifar100,resnet18,layer4_last,69,75.0,0.3,1,42,77.3500,77.3030,82.0000,73.9800,74.7273,0.0000,77.4949,0.0000,-2.7677,128,128,25.00,25.00,-1,21.4088,0.095,NVIDIA A10,4875190
cifar100,resnet18,layer4_last,69,75.0,0.3,10,42,77.3500,77.3030,82.0000,13.9400,14.0808,0.0000,77.4949,0.0000,-63.4141,128,492,96.09,100.00,67,21.4088,0.972,NVIDIA A10,4875190
cifar100,resnet18,layer4_last,69,75.0,0.3,20,42,77.3500,77.3030,82.0000,9.1900,9.2828,0.0000,77.4949,0.0000,-68.2121,128,510,99.61,100.00,105,21.4088,2.006,NVIDIA A10,4875190
cifar100,resnet18,layer4_last,69,75.0,0.3,5,42,77.3500,77.3030,82.0000,41.1500,41.5657,0.0000,77.4949,0.0000,-35.9293,128,402,78.52,100.00,26,21.4088,0.509,NVIDIA A10,4875190
cifar100,resnet18,layer4_last,69,75.0,0.5,1,42,77.3500,77.3030,82.0000,75.0500,75.5455,26.0000,77.4949,0.0000,-1.9495,128,128,25.00,25.00,-1,21.0730,0.095,NVIDIA A10,4875190
cifar100,resnet18,layer4_last,69,75.0,0.5,10,42,77.3500,77.3030,82.0000,37.5700,37.9495,0.0000,77.4949,0.0000,-39.5455,128,450,87.89,100.00,44,21.0730,1.035,NVIDIA A10,4875190
cifar100,resnet18,layer4_last,69,75.0,0.5,20,42,77.3500,77.3030,82.0000,14.8600,15.0101,0.0000,77.4949,0.0000,-62.4848,128,502,98.05,100.00,71,21.0730,1.970,NVIDIA A10,4875190
cifar100,resnet18,layer4_last,69,75.0,0.5,5,42,77.3500,77.3030,82.0000,59.4400,60.0404,0.0000,77.4949,0.0000,-17.4545,128,342,66.80,100.00,20,21.0730,0.476,NVIDIA A10,4875190
cifar100,resnet18,layer4_last,69,90.0,0.01,1,42,77.3500,77.3030,82.0000,75.5700,76.3333,0.0000,77.4949,0.0000,-1.1616,52,52,10.16,10.00,-1,20.6532,0.097,NVIDIA A10,4875190
cifar100,resnet18,layer4_last,69,90.0,0.01,10,42,77.3500,77.3030,82.0000,23.5900,23.8283,0.0000,77.4949,0.0000,-53.6667,52,452,88.28,100.00,18,20.6532,0.970,NVIDIA A10,4875190
cifar100,resnet18,layer4_last,69,90.0,0.01,20,42,77.3500,77.3030,82.0000,10.3300,10.4343,0.0000,77.4949,0.0000,-67.0606,52,492,96.09,100.00,52,20.6532,1.945,NVIDIA A10,4875190
cifar100,resnet18,layer4_last,69,90.0,0.01,5,42,77.3500,77.3030,82.0000,62.5200,63.1515,0.0000,77.4949,0.0000,-14.3434,52,259,50.59,50.00,0,20.6532,0.477,NVIDIA A10,4875190
cifar100,resnet18,layer4_last,69,90.0,0.03,1,42,77.3500,77.3030,82.0000,75.5800,76.3434,0.0000,77.4949,0.0000,-1.1515,52,52,10.16,10.00,-1,20.6532,0.099,NVIDIA A10,4875190
cifar100,resnet18,layer4_last,69,90.0,0.03,10,42,77.3500,77.3030,82.0000,26.1300,26.3939,0.0000,77.4949,0.0000,-51.1010,52,445,86.91,100.00,18,20.6532,1.038,NVIDIA A10,4875190
cifar100,resnet18,layer4_last,69,90.0,0.03,20,42,77.3500,77.3030,82.0000,10.4300,10.5354,0.0000,77.4949,0.0000,-66.9596,52,492,96.09,100.00,51,20.6532,2.084,NVIDIA A10,4875190
cifar100,resnet18,layer4_last,69,90.0,0.03,5,42,77.3500,77.3030,82.0000,62.6400,63.2727,0.0000,77.4949,0.0000,-14.2222,52,258,50.39,50.00,0,20.6532,0.519,NVIDIA A10,4875190
cifar100,resnet18,layer4_last,69,90.0,0.1,1,42,77.3500,77.3030,82.0000,75.5800,76.3434,0.0000,77.4949,0.0000,-1.1515,52,52,10.16,10.00,-1,20.5273,0.107,NVIDIA A10,4875190
cifar100,resnet18,layer4_last,69,90.0,0.1,10,42,77.3500,77.3030,82.0000,34.0600,34.4040,0.0000,77.4949,0.0000,-43.0909,52,418,81.64,100.00,15,20.5273,1.019,NVIDIA A10,4875190
cifar100,resnet18,layer4_last,69,90.0,0.1,20,42,77.3500,77.3030,82.0000,11.1000,11.2121,0.0000,77.4949,0.0000,-66.2828,52,489,95.51,100.00,40,20.5273,2.024,NVIDIA A10,4875190
cifar100,resnet18,layer4_last,69,90.0,0.1,5,42,77.3500,77.3030,82.0000,63.8000,64.4444,0.0000,77.4949,0.0000,-13.0505,52,253,49.41,50.00,0,20.5273,0.503,NVIDIA A10,4875190
cifar100,resnet18,layer4_last,69,90.0,0.3,1,42,77.3500,77.3030,82.0000,75.6100,76.3737,0.0000,77.4949,0.0000,-1.1212,52,52,10.16,10.00,-1,19.1000,0.107,NVIDIA A10,4875190
cifar100,resnet18,layer4_last,69,90.0,0.3,10,42,77.3500,77.3030,82.0000,52.8300,53.3636,0.0000,77.4949,0.0000,-24.1313,52,348,67.97,100.00,11,19.1000,0.992,NVIDIA A10,4875190
cifar100,resnet18,layer4_last,69,90.0,0.3,20,42,77.3500,77.3030,82.0000,29.6300,29.9293,0.0000,77.4949,0.0000,-47.5657,52,455,88.87,100.00,22,19.1000,1.978,NVIDIA A10,4875190
cifar100,resnet18,layer4_last,69,90.0,0.3,5,42,77.3500,77.3030,82.0000,68.6100,69.3030,0.0000,77.4949,0.0000,-8.1919,52,220,42.97,50.00,1,19.1000,0.497,NVIDIA A10,4875190
cifar100,resnet18,layer4_last,69,90.0,0.5,1,42,77.3500,77.3030,82.0000,76.2900,76.7778,28.0000,77.4949,0.0000,-0.7172,52,52,10.16,10.00,-1,16.8332,0.101,NVIDIA A10,4875190
cifar100,resnet18,layer4_last,69,90.0,0.5,10,42,77.3500,77.3030,82.0000,64.5800,65.2323,0.0000,77.4949,0.0000,-12.2626,52,292,57.03,100.00,3,16.8332,1.066,NVIDIA A10,4875190
cifar100,resnet18,layer4_last,69,90.0,0.5,20,42,77.3500,77.3030,82.0000,47.4300,47.9091,0.0000,77.4949,0.0000,-29.5859,52,401,78.32,100.00,17,16.8332,2.051,NVIDIA A10,4875190
cifar100,resnet18,layer4_last,69,90.0,0.5,5,42,77.3500,77.3030,82.0000,72.4800,73.2121,0.0000,77.4949,0.0000,-4.2828,52,176,34.38,50.00,0,16.8332,0.574,NVIDIA A10,4875190
cifar100,resnet18,layer4_last,69,95.0,0.01,1,42,77.3500,77.3030,82.0000,76.3300,77.0505,5.0000,77.4949,0.0000,-0.4444,26,26,5.08,5.00,-1,17.3370,0.106,NVIDIA A10,4875190
cifar100,resnet18,layer4_last,69,95.0,0.01,10,42,77.3500,77.3030,82.0000,62.5200,63.1515,0.0000,77.4949,0.0000,-14.3434,26,259,50.59,50.00,0,17.3370,1.038,NVIDIA A10,4875190
cifar100,resnet18,layer4_last,69,95.0,0.01,20,42,77.3500,77.3030,82.0000,33.8300,34.1717,0.0000,77.4949,0.0000,-43.3232,26,413,80.66,100.00,16,17.3370,2.053,NVIDIA A10,4875190
cifar100,resnet18,layer4_last,69,95.0,0.01,5,42,77.3500,77.3030,82.0000,73.4000,74.1414,0.0000,77.4949,0.0000,-3.3535,26,130,25.39,25.00,0,17.3370,0.531,NVIDIA A10,4875190
cifar100,resnet18,layer4_last,69,95.0,0.03,1,42,77.3500,77.3030,82.0000,76.3300,77.0505,5.0000,77.4949,0.0000,-0.4444,26,26,5.08,5.00,-1,17.2110,0.100,NVIDIA A10,4875190
cifar100,resnet18,layer4_last,69,95.0,0.03,10,42,77.3500,77.3030,82.0000,62.7300,63.3636,0.0000,77.4949,0.0000,-14.1313,26,257,50.20,50.00,1,17.2110,1.014,NVIDIA A10,4875190
cifar100,resnet18,layer4_last,69,95.0,0.03,20,42,77.3500,77.3030,82.0000,34.0200,34.3636,0.0000,77.4949,0.0000,-43.1313,26,410,80.08,100.00,15,17.2110,2.168,NVIDIA A10,4875190
cifar100,resnet18,layer4_last,69,95.0,0.03,5,42,77.3500,77.3030,82.0000,73.4000,74.1414,0.0000,77.4949,0.0000,-3.3535,26,130,25.39,25.00,0,17.2110,0.526,NVIDIA A10,4875190
cifar100,resnet18,layer4_last,69,95.0,0.1,1,42,77.3500,77.3030,82.0000,76.3600,77.0707,6.0000,77.4949,0.0000,-0.4242,26,26,5.08,5.00,-1,16.6653,0.111,NVIDIA A10,4875190
cifar100,resnet18,layer4_last,69,95.0,0.1,10,42,77.3500,77.3030,82.0000,63.8000,64.4444,0.0000,77.4949,0.0000,-13.0505,26,253,49.41,50.00,0,16.6653,1.062,NVIDIA A10,4875190
cifar100,resnet18,layer4_last,69,95.0,0.1,20,42,77.3500,77.3030,82.0000,38.6500,39.0404,0.0000,77.4949,0.0000,-38.4545,26,397,77.54,100.00,15,16.6653,2.117,NVIDIA A10,4875190
cifar100,resnet18,layer4_last,69,95.0,0.1,5,42,77.3500,77.3030,82.0000,73.4600,74.2020,0.0000,77.4949,0.0000,-3.2929,26,130,25.39,25.00,0,16.6653,0.485,NVIDIA A10,4875190
cifar100,resnet18,layer4_last,69,95.0,0.3,1,42,77.3500,77.3030,82.0000,76.4500,77.0505,17.0000,77.4949,0.0000,-0.4444,26,26,5.08,5.00,-1,14.4405,0.105,NVIDIA A10,4875190
cifar100,resnet18,layer4_last,69,95.0,0.3,10,42,77.3500,77.3030,82.0000,68.6100,69.3030,0.0000,77.4949,0.0000,-8.1919,26,220,42.97,50.00,0,14.4405,1.003,NVIDIA A10,4875190
cifar100,resnet18,layer4_last,69,95.0,0.3,20,42,77.3500,77.3030,82.0000,53.5400,54.0808,0.0000,77.4949,0.0000,-23.4141,26,344,67.19,100.00,8,14.4405,2.014,NVIDIA A10,4875190
cifar100,resnet18,layer4_last,69,95.0,0.3,5,42,77.3500,77.3030,82.0000,74.1900,74.9394,0.0000,77.4949,0.0000,-2.5556,26,119,23.24,25.00,0,14.4405,0.486,NVIDIA A10,4875190
cifar100,resnet18,layer4_last,69,95.0,0.5,1,42,77.3500,77.3030,82.0000,76.6700,77.0707,37.0000,77.4949,0.0000,-0.4242,26,26,5.08,5.00,-1,12.1737,0.085,NVIDIA A10,4875190
cifar100,resnet18,layer4_last,69,95.0,0.5,10,42,77.3500,77.3030,82.0000,72.4800,73.2121,0.0000,77.4949,0.0000,-4.2828,26,176,34.38,50.00,0,12.1737,1.008,NVIDIA A10,4875190
cifar100,resnet18,layer4_last,69,95.0,0.5,20,42,77.3500,77.3030,82.0000,64.7000,65.3535,0.0000,77.4949,0.0000,-12.1414,26,290,56.64,100.00,2,12.1737,2.058,NVIDIA A10,4875190
cifar100,resnet18,layer4_last,69,95.0,0.5,5,42,77.3500,77.3030,82.0000,75.2800,76.0404,0.0000,77.4949,0.0000,-1.4545,26,95,18.55,25.00,0,12.1737,0.516,NVIDIA A10,4875190
cifar100,resnet18,layer4_last,69,99.0,0.01,1,42,77.3500,77.3030,82.0000,77.1900,77.3434,62.0000,77.4949,0.0000,-0.1515,6,6,1.17,1.00,-1,5.0374,0.100,NVIDIA A10,4875190
cifar100,resnet18,layer4_last,69,99.0,0.01,10,42,77.3500,77.3030,82.0000,75.3700,76.1313,0.0000,77.4949,0.0000,-1.3636,6,60,11.72,10.00,0,5.0374,1.041,NVIDIA A10,4875190
cifar100,resnet18,layer4_last,69,99.0,0.01,20,42,77.3500,77.3030,82.0000,73.8000,74.5455,0.0000,77.4949,0.0000,-2.9495,6,120,23.44,20.00,0,5.0374,2.051,NVIDIA A10,4875190
cifar100,resnet18,layer4_last,69,99.0,0.01,5,42,77.3500,77.3030,82.0000,76.1800,76.9394,1.0000,77.4949,0.0000,-0.5556,6,30,5.86,5.00,0,5.0374,0.518,NVIDIA A10,4875190
cifar100,resnet18,layer4_last,69,99.0,0.03,1,42,77.3500,77.3030,82.0000,77.1900,77.3434,62.0000,77.4949,0.0000,-0.1515,6,6,1.17,1.00,-1,5.0374,0.113,NVIDIA A10,4875190
cifar100,resnet18,layer4_last,69,99.0,0.03,10,42,77.3500,77.3030,82.0000,75.3700,76.1313,0.0000,77.4949,0.0000,-1.3636,6,60,11.72,10.00,0,5.0374,1.251,NVIDIA A10,4875190
cifar100,resnet18,layer4_last,69,99.0,0.03,20,42,77.3500,77.3030,82.0000,73.8200,74.5657,0.0000,77.4949,0.0000,-2.9293,6,120,23.44,20.00,0,5.0374,2.218,NVIDIA A10,4875190
cifar100,resnet18,layer4_last,69,99.0,0.03,5,42,77.3500,77.3030,82.0000,76.1800,76.9394,1.0000,77.4949,0.0000,-0.5556,6,30,5.86,5.00,0,5.0374,0.701,NVIDIA A10,4875190
cifar100,resnet18,layer4_last,69,99.0,0.1,1,42,77.3500,77.3030,82.0000,77.1900,77.3434,62.0000,77.4949,0.0000,-0.1515,6,6,1.17,1.00,-1,5.0374,0.103,NVIDIA A10,4875190
cifar100,resnet18,layer4_last,69,99.0,0.1,10,42,77.3500,77.3030,82.0000,75.3900,76.1515,0.0000,77.4949,0.0000,-1.3434,6,60,11.72,10.00,0,5.0374,0.962,NVIDIA A10,4875190
cifar100,resnet18,layer4_last,69,99.0,0.1,20,42,77.3500,77.3030,82.0000,73.8900,74.6364,0.0000,77.4949,0.0000,-2.8586,6,120,23.44,20.00,0,5.0374,1.861,NVIDIA A10,4875190
cifar100,resnet18,layer4_last,69,99.0,0.1,5,42,77.3500,77.3030,82.0000,76.2100,76.9697,1.0000,77.4949,0.0000,-0.5253,6,30,5.86,5.00,0,5.0374,0.495,NVIDIA A10,4875190
cifar100,resnet18,layer4_last,69,99.0,0.3,1,42,77.3500,77.3030,82.0000,77.2200,77.3636,63.0000,77.4949,0.0000,-0.1313,6,6,1.17,1.00,-1,4.7015,0.082,NVIDIA A10,4875190
cifar100,resnet18,layer4_last,69,99.0,0.3,10,42,77.3500,77.3030,82.0000,75.5000,76.2626,0.0000,77.4949,0.0000,-1.2323,6,58,11.33,10.00,0,4.7015,0.929,NVIDIA A10,4875190
cifar100,resnet18,layer4_last,69,99.0,0.3,20,42,77.3500,77.3030,82.0000,74.2600,75.0101,0.0000,77.4949,0.0000,-2.4848,6,112,21.88,20.00,0,4.7015,1.887,NVIDIA A10,4875190
cifar100,resnet18,layer4_last,69,99.0,0.3,5,42,77.3500,77.3030,82.0000,76.3200,77.0000,9.0000,77.4949,0.0000,-0.4949,6,30,5.86,5.00,0,4.7015,0.456,NVIDIA A10,4875190
cifar100,resnet18,layer4_last,69,99.0,0.5,1,42,77.3500,77.3030,82.0000,77.2500,77.3434,68.0000,77.4949,0.0000,-0.1515,6,6,1.17,1.00,-1,3.6101,0.102,NVIDIA A10,4875190
cifar100,resnet18,layer4_last,69,99.0,0.5,10,42,77.3500,77.3030,82.0000,75.9700,76.7172,2.0000,77.4949,0.0000,-0.7778,6,53,10.35,10.00,0,3.6101,1.030,NVIDIA A10,4875190
cifar100,resnet18,layer4_last,69,99.0,0.5,20,42,77.3500,77.3030,82.0000,75.5200,76.2828,0.0000,77.4949,0.0000,-1.2121,6,86,16.80,20.00,0,3.6101,1.979,NVIDIA A10,4875190
cifar100,resnet18,layer4_last,69,99.0,0.5,5,42,77.3500,77.3030,82.0000,76.5200,77.0505,24.0000,77.4949,0.0000,-0.4444,6,28,5.47,5.00,0,3.6101,0.521,NVIDIA A10,4875190
cifar100,resnet18,layer4_last,85,50.0,0.01,1,42,77.3500,77.2222,90.0000,60.8200,61.4343,0.0000,77.5354,0.0000,-16.1010,256,256,50.00,50.00,-1,21.4928,0.108,NVIDIA A10,4875190
cifar100,resnet18,layer4_last,85,50.0,0.01,10,42,77.3500,77.2222,90.0000,1.0000,1.0101,0.0000,77.5354,0.0000,-76.5253,256,512,100.00,100.00,255,21.4928,1.048,NVIDIA A10,4875190
cifar100,resnet18,layer4_last,85,50.0,0.01,20,42,77.3500,77.2222,90.0000,1.0000,1.0101,0.0000,77.5354,0.0000,-76.5253,256,512,100.00,100.00,256,21.4928,1.958,NVIDIA A10,4875190
cifar100,resnet18,layer4_last,85,50.0,0.01,5,42,77.3500,77.2222,90.0000,1.0000,1.0101,0.0000,77.5354,0.0000,-76.5253,256,512,100.00,100.00,236,21.4928,0.520,NVIDIA A10,4875190
cifar100,resnet18,layer4_last,85,50.0,0.03,1,42,77.3500,77.2222,90.0000,60.9000,61.5152,0.0000,77.5354,0.0000,-16.0202,256,256,50.00,50.00,-1,21.4928,0.094,NVIDIA A10,4875190
cifar100,resnet18,layer4_last,85,50.0,0.03,10,42,77.3500,77.2222,90.0000,1.0900,1.1010,0.0000,77.5354,0.0000,-76.4343,256,512,100.00,100.00,249,21.4928,0.961,NVIDIA A10,4875190
cifar100,resnet18,layer4_last,85,50.0,0.03,20,42,77.3500,77.2222,90.0000,1.0700,1.0808,0.0000,77.5354,0.0000,-76.4545,256,512,100.00,100.00,256,21.4928,1.907,NVIDIA A10,4875190
cifar100,resnet18,layer4_last,85,50.0,0.03,5,42,77.3500,77.2222,90.0000,1.1000,1.1111,0.0000,77.5354,0.0000,-76.4242,256,512,100.00,100.00,203,21.4928,0.480,NVIDIA A10,4875190
cifar100,resnet18,layer4_last,85,50.0,0.1,1,42,77.3500,77.2222,90.0000,61.2600,61.8788,0.0000,77.5354,0.0000,-15.6566,256,256,50.00,50.00,-1,21.4928,0.135,NVIDIA A10,4875190
cifar100,resnet18,layer4_last,85,50.0,0.1,10,42,77.3500,77.2222,90.0000,1.0400,1.0505,0.0000,77.5354,0.0000,-76.4848,256,512,100.00,100.00,244,21.4928,1.182,NVIDIA A10,4875190
cifar100,resnet18,layer4_last,85,50.0,0.1,20,42,77.3500,77.2222,90.0000,1.0300,1.0404,0.0000,77.5354,0.0000,-76.4949,256,512,100.00,100.00,255,21.4928,2.173,NVIDIA A10,4875190
cifar100,resnet18,layer4_last,85,50.0,0.1,5,42,77.3500,77.2222,90.0000,3.0200,3.0505,0.0000,77.5354,0.0000,-74.4848,256,512,100.00,100.00,137,21.4928,0.600,NVIDIA A10,4875190
cifar100,resnet18,layer4_last,85,50.0,0.3,1,42,77.3500,77.2222,90.0000,64.1700,64.7778,4.0000,77.5354,0.0000,-12.7576,256,256,50.00,50.00,-1,21.4928,0.129,NVIDIA A10,4875190
cifar100,resnet18,layer4_last,85,50.0,0.3,10,42,77.3500,77.2222,90.0000,5.2900,5.3434,0.0000,77.5354,0.0000,-72.1919,256,512,100.00,100.00,193,21.4928,1.141,NVIDIA A10,4875190
cifar100,resnet18,layer4_last,85,50.0,0.3,20,42,77.3500,77.2222,90.0000,1.9200,1.9394,0.0000,77.5354,0.0000,-75.5960,256,512,100.00,100.00,248,21.4928,2.136,NVIDIA A10,4875190
cifar100,resnet18,layer4_last,85,50.0,0.3,5,42,77.3500,77.2222,90.0000,18.6200,18.8081,0.0000,77.5354,0.0000,-58.7273,256,506,98.83,100.00,117,21.4928,0.622,NVIDIA A10,4875190
cifar100,resnet18,layer4_last,85,50.0,0.5,1,42,77.3500,77.2222,90.0000,70.1500,70.4141,44.0000,77.5354,0.0000,-7.1212,256,256,50.00,50.00,-1,21.4928,2.167,NVIDIA A10,4875190
cifar100,resnet18,layer4_last,85,50.0,0.5,10,42,77.3500,77.2222,90.0000,21.5300,21.7475,0.0000,77.5354,0.0000,-55.7879,256,509,99.41,100.00,143,21.4928,3.047,NVIDIA A10,4875190
cifar100,resnet18,layer4_last,85,50.0,0.5,20,42,77.3500,77.2222,90.0000,5.0400,5.0909,0.0000,77.5354,0.0000,-72.4444,256,512,100.00,100.00,217,21.4928,4.130,NVIDIA A10,4875190
cifar100,resnet18,layer4_last,85,50.0,0.5,5,42,77.3500,77.2222,90.0000,44.1100,44.5556,0.0000,77.5354,0.0000,-32.9798,256,477,93.16,100.00,108,21.4928,2.551,NVIDIA A10,4875190
cifar100,resnet18,layer4_last,85,75.0,0.01,1,42,77.3500,77.2222,90.0000,72.1600,72.8889,0.0000,77.5354,0.0000,-4.6465,128,128,25.00,25.00,-1,21.4928,0.110,NVIDIA A10,4875190
cifar100,resnet18,layer4_last,85,75.0,0.01,10,42,77.3500,77.2222,90.0000,1.0000,1.0101,0.0000,77.5354,0.0000,-76.5253,128,512,100.00,100.00,126,21.4928,1.145,NVIDIA A10,4875190
cifar100,resnet18,layer4_last,85,75.0,0.01,20,42,77.3500,77.2222,90.0000,1.0000,1.0101,0.0000,77.5354,0.0000,-76.5253,128,512,100.00,100.00,128,21.4928,2.114,NVIDIA A10,4875190
cifar100,resnet18,layer4_last,85,75.0,0.01,5,42,77.3500,77.2222,90.0000,3.1900,3.2222,0.0000,77.5354,0.0000,-74.3131,128,509,99.41,100.00,33,21.4928,0.483,NVIDIA A10,4875190
cifar100,resnet18,layer4_last,85,75.0,0.03,1,42,77.3500,77.2222,90.0000,72.1700,72.8990,0.0000,77.5354,0.0000,-4.6364,128,128,25.00,25.00,-1,21.4928,0.097,NVIDIA A10,4875190
cifar100,resnet18,layer4_last,85,75.0,0.03,10,42,77.3500,77.2222,90.0000,3.0500,3.0808,0.0000,77.5354,0.0000,-74.4545,128,511,99.80,100.00,120,21.4928,0.984,NVIDIA A10,4875190
cifar100,resnet18,layer4_last,85,75.0,0.03,20,42,77.3500,77.2222,90.0000,1.2500,1.2626,0.0000,77.5354,0.0000,-76.2727,128,512,100.00,100.00,127,21.4928,1.926,NVIDIA A10,4875190
cifar100,resnet18,layer4_last,85,75.0,0.03,5,42,77.3500,77.2222,90.0000,5.2400,5.2929,0.0000,77.5354,0.0000,-72.2424,128,506,98.83,100.00,32,21.4928,0.499,NVIDIA A10,4875190
cifar100,resnet18,layer4_last,85,75.0,0.1,1,42,77.3500,77.2222,90.0000,72.2300,72.9596,0.0000,77.5354,0.0000,-4.5758,128,128,25.00,25.00,-1,21.4928,0.097,NVIDIA A10,4875190
cifar100,resnet18,layer4_last,85,75.0,0.1,10,42,77.3500,77.2222,90.0000,7.1800,7.2525,0.0000,77.5354,0.0000,-70.2828,128,509,99.41,100.00,96,21.4928,0.981,NVIDIA A10,4875190
cifar100,resnet18,layer4_last,85,75.0,0.1,20,42,77.3500,77.2222,90.0000,4.5400,4.5859,0.0000,77.5354,0.0000,-72.9495,128,512,100.00,100.00,125,21.4928,1.979,NVIDIA A10,4875190
cifar100,resnet18,layer4_last,85,75.0,0.1,5,42,77.3500,77.2222,90.0000,20.3400,20.5455,0.0000,77.5354,0.0000,-56.9899,128,483,94.34,100.00,28,21.4928,0.492,NVIDIA A10,4875190
cifar100,resnet18,layer4_last,85,75.0,0.3,1,42,77.3500,77.2222,90.0000,72.6900,73.4242,0.0000,77.5354,0.0000,-4.1111,128,128,25.00,25.00,-1,21.4088,0.090,NVIDIA A10,4875190
cifar100,resnet18,layer4_last,85,75.0,0.3,10,42,77.3500,77.2222,90.0000,23.2600,23.4949,0.0000,77.5354,0.0000,-54.0404,128,498,97.27,100.00,54,21.4088,0.928,NVIDIA A10,4875190
cifar100,resnet18,layer4_last,85,75.0,0.3,20,42,77.3500,77.2222,90.0000,21.6600,21.8788,0.0000,77.5354,0.0000,-55.6566,128,510,99.61,100.00,108,21.4088,1.830,NVIDIA A10,4875190
cifar100,resnet18,layer4_last,85,75.0,0.3,5,42,77.3500,77.2222,90.0000,45.0400,45.4949,0.0000,77.5354,0.0000,-32.0404,128,416,81.25,100.00,15,21.4088,0.481,NVIDIA A10,4875190
cifar100,resnet18,layer4_last,85,75.0,0.5,1,42,77.3500,77.2222,90.0000,74.1900,74.6667,27.0000,77.5354,0.0000,-2.8687,128,128,25.00,25.00,-1,21.2409,0.090,NVIDIA A10,4875190
cifar100,resnet18,layer4_last,85,75.0,0.5,10,42,77.3500,77.2222,90.0000,43.8300,44.2727,0.0000,77.5354,0.0000,-33.2626,128,469,91.60,100.00,27,21.2409,1.015,NVIDIA A10,4875190
cifar100,resnet18,layer4_last,85,75.0,0.5,20,42,77.3500,77.2222,90.0000,24.3800,24.6263,0.0000,77.5354,0.0000,-52.9091,128,506,98.83,100.00,75,21.2409,1.903,NVIDIA A10,4875190
cifar100,resnet18,layer4_last,85,75.0,0.5,5,42,77.3500,77.2222,90.0000,58.8900,59.4848,0.0000,77.5354,0.0000,-18.0505,128,337,65.82,100.00,21,21.2409,0.582,NVIDIA A10,4875190
cifar100,resnet18,layer4_last,85,90.0,0.01,1,42,77.3500,77.2222,90.0000,75.7300,76.4949,0.0000,77.5354,0.0000,-1.0404,52,52,10.16,10.00,-1,21.0730,0.102,NVIDIA A10,4875190
cifar100,resnet18,layer4_last,85,90.0,0.01,10,42,77.3500,77.2222,90.0000,20.8300,21.0404,0.0000,77.5354,0.0000,-56.4949,52,478,93.36,100.00,10,21.0730,1.060,NVIDIA A10,4875190
cifar100,resnet18,layer4_last,85,90.0,0.01,20,42,77.3500,77.2222,90.0000,7.2800,7.3535,0.0000,77.5354,0.0000,-70.1818,52,502,98.05,100.00,52,21.0730,2.004,NVIDIA A10,4875190
cifar100,resnet18,layer4_last,85,90.0,0.01,5,42,77.3500,77.2222,90.0000,60.6500,61.2626,0.0000,77.5354,0.0000,-16.2727,52,260,50.78,50.00,0,21.0730,0.569,NVIDIA A10,4875190
cifar100,resnet18,layer4_last,85,90.0,0.03,1,42,77.3500,77.2222,90.0000,75.7400,76.5051,0.0000,77.5354,0.0000,-1.0303,52,52,10.16,10.00,-1,21.0730,0.129,NVIDIA A10,4875190
cifar100,resnet18,layer4_last,85,90.0,0.03,10,42,77.3500,77.2222,90.0000,25.9600,26.2222,0.0000,77.5354,0.0000,-51.3131,52,471,91.99,100.00,11,21.0730,1.214,NVIDIA A10,4875190
cifar100,resnet18,layer4_last,85,90.0,0.03,20,42,77.3500,77.2222,90.0000,7.5600,7.6364,0.0000,77.5354,0.0000,-69.8990,52,502,98.05,100.00,50,21.0730,2.232,NVIDIA A10,4875190
cifar100,resnet18,layer4_last,85,90.0,0.03,5,42,77.3500,77.2222,90.0000,60.7500,61.3636,0.0000,77.5354,0.0000,-16.1717,52,259,50.59,50.00,0,21.0730,0.604,NVIDIA A10,4875190
cifar100,resnet18,layer4_last,85,90.0,0.1,1,42,77.3500,77.2222,90.0000,75.7300,76.4949,0.0000,77.5354,0.0000,-1.0404,52,52,10.16,10.00,-1,20.7792,0.105,NVIDIA A10,4875190
cifar100,resnet18,layer4_last,85,90.0,0.1,10,42,77.3500,77.2222,90.0000,34.6400,34.9899,0.0000,77.5354,0.0000,-42.5455,52,444,86.72,100.00,8,20.7792,1.014,NVIDIA A10,4875190
cifar100,resnet18,layer4_last,85,90.0,0.1,20,42,77.3500,77.2222,90.0000,12.7600,12.8889,0.0000,77.5354,0.0000,-64.6465,52,495,96.68,100.00,42,20.7792,2.160,NVIDIA A10,4875190
cifar100,resnet18,layer4_last,85,90.0,0.1,5,42,77.3500,77.2222,90.0000,61.2200,61.8384,0.0000,77.5354,0.0000,-15.6970,52,257,50.20,50.00,0,20.7792,0.539,NVIDIA A10,4875190
cifar100,resnet18,layer4_last,85,90.0,0.3,1,42,77.3500,77.2222,90.0000,75.8600,76.6263,0.0000,77.5354,0.0000,-0.9091,52,52,10.16,10.00,-1,20.1075,0.114,NVIDIA A10,4875190
cifar100,resnet18,layer4_last,85,90.0,0.3,10,42,77.3500,77.2222,90.0000,52.6800,53.2121,0.0000,77.5354,0.0000,-24.3232,52,368,71.88,100.00,4,20.1075,1.003,NVIDIA A10,4875190
cifar100,resnet18,layer4_last,85,90.0,0.3,20,42,77.3500,77.2222,90.0000,31.8200,32.1414,0.0000,77.5354,0.0000,-45.3939,52,479,93.55,100.00,20,20.1075,1.970,NVIDIA A10,4875190
cifar100,resnet18,layer4_last,85,90.0,0.3,5,42,77.3500,77.2222,90.0000,66.1500,66.8182,0.0000,77.5354,0.0000,-10.7172,52,218,42.58,50.00,0,20.1075,0.533,NVIDIA A10,4875190
cifar100,resnet18,layer4_last,85,90.0,0.5,1,42,77.3500,77.2222,90.0000,76.3100,76.8485,23.0000,77.5354,0.0000,-0.6869,52,52,10.16,10.00,-1,18.0926,0.102,NVIDIA A10,4875190
cifar100,resnet18,layer4_last,85,90.0,0.5,10,42,77.3500,77.2222,90.0000,63.6500,64.2929,0.0000,77.5354,0.0000,-13.2424,52,295,57.62,100.00,2,18.0926,0.997,NVIDIA A10,4875190
cifar100,resnet18,layer4_last,85,90.0,0.5,20,42,77.3500,77.2222,90.0000,48.9500,49.4444,0.0000,77.5354,0.0000,-28.0909,52,431,84.18,100.00,12,18.0926,2.149,NVIDIA A10,4875190
cifar100,resnet18,layer4_last,85,90.0,0.5,5,42,77.3500,77.2222,90.0000,71.0900,71.8081,0.0000,77.5354,0.0000,-5.7273,52,182,35.55,50.00,0,18.0926,0.487,NVIDIA A10,4875190
cifar100,resnet18,layer4_last,85,95.0,0.01,1,42,77.3500,77.2222,90.0000,76.1000,76.8283,4.0000,77.5354,0.0000,-0.7071,26,26,5.08,5.00,-1,19.4359,0.099,NVIDIA A10,4875190
cifar100,resnet18,layer4_last,85,95.0,0.01,10,42,77.3500,77.2222,90.0000,60.6500,61.2626,0.0000,77.5354,0.0000,-16.2727,26,260,50.78,50.00,0,19.4359,0.949,NVIDIA A10,4875190
cifar100,resnet18,layer4_last,85,95.0,0.01,20,42,77.3500,77.2222,90.0000,29.1500,29.4444,0.0000,77.5354,0.0000,-48.0909,26,463,90.43,100.00,10,19.4359,1.893,NVIDIA A10,4875190
cifar100,resnet18,layer4_last,85,95.0,0.01,5,42,77.3500,77.2222,90.0000,71.9600,72.6869,0.0000,77.5354,0.0000,-4.8485,26,130,25.39,25.00,0,19.4359,0.492,NVIDIA A10,4875190
cifar100,resnet18,layer4_last,85,95.0,0.03,1,42,77.3500,77.2222,90.0000,76.1000,76.8283,4.0000,77.5354,0.0000,-0.7071,26,26,5.08,5.00,-1,19.1840,0.100,NVIDIA A10,4875190
cifar100,resnet18,layer4_last,85,95.0,0.03,10,42,77.3500,77.2222,90.0000,60.7500,61.3636,0.0000,77.5354,0.0000,-16.1717,26,259,50.59,50.00,0,19.1840,1.155,NVIDIA A10,4875190
cifar100,resnet18,layer4_last,85,95.0,0.03,20,42,77.3500,77.2222,90.0000,30.8000,31.1111,0.0000,77.5354,0.0000,-46.4242,26,457,89.26,100.00,9,19.1840,2.190,NVIDIA A10,4875190
cifar100,resnet18,layer4_last,85,95.0,0.03,5,42,77.3500,77.2222,90.0000,71.9700,72.6970,0.0000,77.5354,0.0000,-4.8384,26,130,25.39,25.00,0,19.1840,0.540,NVIDIA A10,4875190
cifar100,resnet18,layer4_last,85,95.0,0.1,1,42,77.3500,77.2222,90.0000,76.1100,76.8283,5.0000,77.5354,0.0000,-0.7071,26,26,5.08,5.00,-1,18.2185,0.087,NVIDIA A10,4875190
cifar100,resnet18,layer4_last,85,95.0,0.1,10,42,77.3500,77.2222,90.0000,61.2200,61.8384,0.0000,77.5354,0.0000,-15.6970,26,257,50.20,50.00,0,18.2185,0.974,NVIDIA A10,4875190
cifar100,resnet18,layer4_last,85,95.0,0.1,20,42,77.3500,77.2222,90.0000,35.7000,36.0606,0.0000,77.5354,0.0000,-41.4747,26,434,84.77,100.00,8,18.2185,1.965,NVIDIA A10,4875190
cifar100,resnet18,layer4_last,85,95.0,0.1,5,42,77.3500,77.2222,90.0000,72.0400,72.7677,0.0000,77.5354,0.0000,-4.7677,26,130,25.39,25.00,0,18.2185,0.466,NVIDIA A10,4875190
cifar100,resnet18,layer4_last,85,95.0,0.3,1,42,77.3500,77.2222,90.0000,76.1600,76.7778,15.0000,77.5354,0.0000,-0.7576,26,26,5.08,5.00,-1,15.2800,0.108,NVIDIA A10,4875190
cifar100,resnet18,layer4_last,85,95.0,0.3,10,42,77.3500,77.2222,90.0000,66.1500,66.8182,0.0000,77.5354,0.0000,-10.7172,26,218,42.58,50.00,0,15.2800,1.005,NVIDIA A10,4875190
cifar100,resnet18,layer4_last,85,95.0,0.3,20,42,77.3500,77.2222,90.0000,52.9100,53.4444,0.0000,77.5354,0.0000,-24.0909,26,364,71.09,100.00,4,15.2800,2.042,NVIDIA A10,4875190
cifar100,resnet18,layer4_last,85,95.0,0.3,5,42,77.3500,77.2222,90.0000,73.7100,74.4545,0.0000,77.5354,0.0000,-3.0808,26,118,23.05,25.00,0,15.2800,0.504,NVIDIA A10,4875190
cifar100,resnet18,layer4_last,85,95.0,0.5,1,42,77.3500,77.2222,90.0000,76.4900,76.8990,36.0000,77.5354,0.0000,-0.6364,26,26,5.08,5.00,-1,12.3416,0.108,NVIDIA A10,4875190
cifar100,resnet18,layer4_last,85,95.0,0.5,10,42,77.3500,77.2222,90.0000,71.0900,71.8081,0.0000,77.5354,0.0000,-5.7273,26,182,35.55,50.00,0,12.3416,0.986,NVIDIA A10,4875190
cifar100,resnet18,layer4_last,85,95.0,0.5,20,42,77.3500,77.2222,90.0000,63.6000,64.2424,0.0000,77.5354,0.0000,-13.2929,26,294,57.42,100.00,2,12.3416,2.210,NVIDIA A10,4875190
cifar100,resnet18,layer4_last,85,95.0,0.5,5,42,77.3500,77.2222,90.0000,74.5100,75.2626,0.0000,77.5354,0.0000,-2.2727,26,93,18.16,25.00,0,12.3416,0.505,NVIDIA A10,4875190
cifar100,resnet18,layer4_last,85,99.0,0.01,1,42,77.3500,77.2222,90.0000,77.1300,77.2626,64.0000,77.5354,0.0000,-0.2727,6,6,1.17,1.00,-1,5.0374,0.095,NVIDIA A10,4875190
cifar100,resnet18,layer4_last,85,99.0,0.01,10,42,77.3500,77.2222,90.0000,75.4500,76.2121,0.0000,77.5354,0.0000,-1.3232,6,60,11.72,10.00,0,5.0374,0.966,NVIDIA A10,4875190
cifar100,resnet18,layer4_last,85,99.0,0.01,20,42,77.3500,77.2222,90.0000,73.2000,73.9394,0.0000,77.5354,0.0000,-3.5960,6,120,23.44,20.00,0,5.0374,2.129,NVIDIA A10,4875190
cifar100,resnet18,layer4_last,85,99.0,0.01,5,42,77.3500,77.2222,90.0000,76.1500,76.8990,2.0000,77.5354,0.0000,-0.6364,6,30,5.86,5.00,0,5.0374,0.498,NVIDIA A10,4875190
cifar100,resnet18,layer4_last,85,99.0,0.03,1,42,77.3500,77.2222,90.0000,77.1300,77.2626,64.0000,77.5354,0.0000,-0.2727,6,6,1.17,1.00,-1,5.0374,0.097,NVIDIA A10,4875190
cifar100,resnet18,layer4_last,85,99.0,0.03,10,42,77.3500,77.2222,90.0000,75.4600,76.2222,0.0000,77.5354,0.0000,-1.3131,6,60,11.72,10.00,0,5.0374,1.314,NVIDIA A10,4875190
cifar100,resnet18,layer4_last,85,99.0,0.03,20,42,77.3500,77.2222,90.0000,73.1900,73.9293,0.0000,77.5354,0.0000,-3.6061,6,120,23.44,20.00,0,5.0374,2.308,NVIDIA A10,4875190
cifar100,resnet18,layer4_last,85,99.0,0.03,5,42,77.3500,77.2222,90.0000,76.1500,76.8990,2.0000,77.5354,0.0000,-0.6364,6,30,5.86,5.00,0,5.0374,0.504,NVIDIA A10,4875190
cifar100,resnet18,layer4_last,85,99.0,0.1,1,42,77.3500,77.2222,90.0000,77.1400,77.2626,65.0000,77.5354,0.0000,-0.2727,6,6,1.17,1.00,-1,5.0374,0.099,NVIDIA A10,4875190
cifar100,resnet18,layer4_last,85,99.0,0.1,10,42,77.3500,77.2222,90.0000,75.4800,76.2424,0.0000,77.5354,0.0000,-1.2929,6,60,11.72,10.00,0,5.0374,1.014,NVIDIA A10,4875190
cifar100,resnet18,layer4_last,85,99.0,0.1,20,42,77.3500,77.2222,90.0000,73.2500,73.9899,0.0000,77.5354,0.0000,-3.5455,6,120,23.44,20.00,0,5.0374,2.016,NVIDIA A10,4875190
cifar100,resnet18,layer4_last,85,99.0,0.1,5,42,77.3500,77.2222,90.0000,76.1400,76.8889,2.0000,77.5354,0.0000,-0.6465,6,30,5.86,5.00,0,5.0374,0.518,NVIDIA A10,4875190
cifar100,resnet18,layer4_last,85,99.0,0.3,1,42,77.3500,77.2222,90.0000,77.1900,77.2727,69.0000,77.5354,0.0000,-0.2626,6,6,1.17,1.00,-1,4.6596,0.106,NVIDIA A10,4875190
cifar100,resnet18,layer4_last,85,99.0,0.3,10,42,77.3500,77.2222,90.0000,75.5900,76.3535,0.0000,77.5354,0.0000,-1.1818,6,60,11.72,10.00,0,4.6596,1.049,NVIDIA A10,4875190
cifar100,resnet18,layer4_last,85,99.0,0.3,20,42,77.3500,77.2222,90.0000,73.8700,74.6162,0.0000,77.5354,0.0000,-2.9192,6,111,21.68,20.00,0,4.6596,2.108,NVIDIA A10,4875190
cifar100,resnet18,layer4_last,85,99.0,0.3,5,42,77.3500,77.2222,90.0000,76.2100,76.9091,7.0000,77.5354,0.0000,-0.6263,6,30,5.86,5.00,0,4.6596,0.511,NVIDIA A10,4875190
cifar100,resnet18,layer4_last,85,99.0,0.5,1,42,77.3500,77.2222,90.0000,77.2300,77.2929,71.0000,77.5354,0.0000,-0.2424,6,6,1.17,1.00,-1,3.6101,0.082,NVIDIA A10,4875190
cifar100,resnet18,layer4_last,85,99.0,0.5,10,42,77.3500,77.2222,90.0000,76.0600,76.8081,2.0000,77.5354,0.0000,-0.7273,6,49,9.57,10.00,0,3.6101,0.973,NVIDIA A10,4875190
cifar100,resnet18,layer4_last,85,99.0,0.5,20,42,77.3500,77.2222,90.0000,74.7100,75.4646,0.0000,77.5354,0.0000,-2.0707,6,86,16.80,20.00,0,3.6101,1.923,NVIDIA A10,4875190
cifar100,resnet18,layer4_last,85,99.0,0.5,5,42,77.3500,77.2222,90.0000,76.4300,76.9495,25.0000,77.5354,0.0000,-0.5859,6,29,5.66,5.00,0,3.6101,0.459,NVIDIA A10,4875190
cifar20,resnet18,layer4_last,10,50.0,0.01,1,42,85.3400,85.0421,91.0000,77.6000,81.6842,0.0000,85.8632,0.0000,-4.1789,256,256,50.00,50.00,-1,21.2053,0.320,NVIDIA L4,4875190
cifar20,resnet18,layer4_last,10,50.0,0.01,10,42,85.3400,85.0421,91.0000,5.0400,5.3053,0.0000,85.8632,0.0000,-80.5579,256,512,100.00,100.00,252,21.2053,3.931,NVIDIA L4,4875190
cifar20,resnet18,layer4_last,10,50.0,0.01,20,42,85.3400,85.0421,91.0000,5.0300,5.2947,0.0000,85.8632,0.0000,-80.5684,256,512,100.00,100.00,256,21.2053,7.725,NVIDIA L4,4875190
cifar20,resnet18,layer4_last,10,50.0,0.01,5,42,85.3400,85.0421,91.0000,6.8800,7.2421,0.0000,85.8632,0.0000,-78.6211,256,511,99.80,100.00,224,21.2053,1.943,NVIDIA L4,4875190
cifar20,resnet18,layer4_last,10,50.0,0.03,1,42,85.3400,85.0421,91.0000,77.6100,81.6947,0.0000,85.8632,0.0000,-4.1684,256,256,50.00,50.00,-1,21.2053,0.368,NVIDIA L4,4875190
cifar20,resnet18,layer4_last,10,50.0,0.03,10,42,85.3400,85.0421,91.0000,5.2000,5.4737,0.0000,85.8632,0.0000,-80.3895,256,512,100.00,100.00,246,21.2053,4.174,NVIDIA L4,4875190
cifar20,resnet18,layer4_last,10,50.0,0.03,20,42,85.3400,85.0421,91.0000,5.0000,5.2632,0.0000,85.8632,0.0000,-80.6000,256,512,100.00,100.00,256,21.2053,8.656,NVIDIA L4,4875190
cifar20,resnet18,layer4_last,10,50.0,0.03,5,42,85.3400,85.0421,91.0000,19.3000,20.3158,0.0000,85.8632,0.0000,-65.5474,256,508,99.22,100.00,166,21.2053,2.231,NVIDIA L4,4875190
cifar20,resnet18,layer4_last,10,50.0,0.1,1,42,85.3400,85.0421,91.0000,77.8400,81.8211,2.2000,85.8632,0.0000,-4.0421,256,256,50.00,50.00,-1,21.2053,0.315,NVIDIA L4,4875190
cifar20,resnet18,layer4_last,10,50.0,0.1,10,42,85.3400,85.0421,91.0000,6.4900,6.8316,0.0000,85.8632,0.0000,-79.0316,256,511,99.80,100.00,236,21.2053,3.961,NVIDIA L4,4875190
cifar20,resnet18,layer4_last,10,50.0,0.1,20,42,85.3400,85.0421,91.0000,5.5600,5.8526,0.0000,85.8632,0.0000,-80.0105,256,512,100.00,100.00,254,21.2053,7.723,NVIDIA L4,4875190
cifar20,resnet18,layer4_last,10,50.0,0.1,5,42,85.3400,85.0421,91.0000,50.4700,53.1263,0.0000,85.8632,0.0000,-32.7368,256,494,96.48,100.00,169,21.2053,1.848,NVIDIA L4,4875190
cifar20,resnet18,layer4_last,10,50.0,0.3,1,42,85.3400,85.0421,91.0000,79.8400,82.6316,26.8000,85.8632,0.0000,-3.2316,256,256,50.00,50.00,-1,21.1639,0.420,NVIDIA L4,4875190
cifar20,resnet18,layer4_last,10,50.0,0.3,10,42,85.3400,85.0421,91.0000,24.6400,25.9368,0.0000,85.8632,0.0000,-59.9263,256,506,98.83,100.00,190,21.1639,3.722,NVIDIA L4,4875190
cifar20,resnet18,layer4_last,10,50.0,0.3,20,42,85.3400,85.0421,91.0000,6.3400,6.6737,0.0000,85.8632,0.0000,-79.1895,256,511,99.80,100.00,240,21.1639,7.374,NVIDIA L4,4875190
cifar20,resnet18,layer4_last,10,50.0,0.3,5,42,85.3400,85.0421,91.0000,73.0900,76.9368,0.0000,85.8632,0.0000,-8.9263,256,424,82.81,100.00,178,21.1639,1.881,NVIDIA L4,4875190
cifar20,resnet18,layer4_last,10,50.0,0.5,1,42,85.3400,85.0421,91.0000,82.7400,83.7053,64.4000,85.8632,0.0000,-2.1579,256,256,50.00,50.00,-1,21.0811,4.302,NVIDIA L4,4875190
cifar20,resnet18,layer4_last,10,50.0,0.5,10,42,85.3400,85.0421,91.0000,69.8800,73.5579,0.0000,85.8632,0.0000,-12.3053,256,456,89.06,100.00,180,21.0811,7.625,NVIDIA L4,4875190
cifar20,resnet18,layer4_last,10,50.0,0.5,20,42,85.3400,85.0421,91.0000,19.0000,20.0000,0.0000,85.8632,0.0000,-65.8632,256,509,99.41,100.00,209,21.0811,11.752,NVIDIA L4,4875190
cifar20,resnet18,layer4_last,10,50.0,0.5,5,42,85.3400,85.0421,91.0000,75.7700,79.7579,0.0000,85.8632,0.0000,-6.1053,256,361,70.51,100.00,179,21.0811,5.657,NVIDIA L4,4875190
cifar20,resnet18,layer4_last,10,75.0,0.01,1,42,85.3400,85.0421,91.0000,80.6400,84.8842,0.0000,85.8632,0.0000,-0.9789,128,128,25.00,25.00,-1,20.2113,0.325,NVIDIA L4,4875190
cifar20,resnet18,layer4_last,10,75.0,0.01,10,42,85.3400,85.0421,91.0000,55.6500,58.5789,0.0000,85.8632,0.0000,-27.2842,128,481,93.95,100.00,119,20.2113,3.634,NVIDIA L4,4875190
cifar20,resnet18,layer4_last,10,75.0,0.01,20,42,85.3400,85.0421,91.0000,50.4300,53.0842,0.0000,85.8632,0.0000,-32.7789,128,488,95.31,100.00,128,20.2113,7.301,NVIDIA L4,4875190
cifar20,resnet18,layer4_last,10,75.0,0.01,5,42,85.3400,85.0421,91.0000,72.6200,76.4421,0.0000,85.8632,0.0000,-9.4211,128,429,83.79,100.00,63,20.2113,1.666,NVIDIA L4,4875190
cifar20,resnet18,layer4_last,10,75.0,0.03,1,42,85.3400,85.0421,91.0000,80.6400,84.8842,0.0000,85.8632,0.0000,-0.9789,128,128,25.00,25.00,-1,20.1285,0.331,NVIDIA L4,4875190
cifar20,resnet18,layer4_last,10,75.0,0.03,10,42,85.3400,85.0421,91.0000,61.1900,64.4105,0.0000,85.8632,0.0000,-21.4526,128,473,92.38,100.00,110,20.1285,3.747,NVIDIA L4,4875190
cifar20,resnet18,layer4_last,10,75.0,0.03,20,42,85.3400,85.0421,91.0000,55.2200,58.1263,0.0000,85.8632,0.0000,-27.7368,128,486,94.92,100.00,126,20.1285,7.750,NVIDIA L4,4875190
cifar20,resnet18,layer4_last,10,75.0,0.03,5,42,85.3400,85.0421,91.0000,72.2300,76.0316,0.0000,85.8632,0.0000,-9.8316,128,411,80.27,100.00,60,20.1285,1.924,NVIDIA L4,4875190
cifar20,resnet18,layer4_last,10,75.0,0.1,1,42,85.3400,85.0421,91.0000,80.6400,84.8842,0.0000,85.8632,0.0000,-0.9789,128,128,25.00,25.00,-1,19.9628,0.486,NVIDIA L4,4875190
cifar20,resnet18,layer4_last,10,75.0,0.1,10,42,85.3400,85.0421,91.0000,69.3400,72.9895,0.0000,85.8632,0.0000,-12.8737,128,438,85.55,100.00,89,19.9628,3.919,NVIDIA L4,4875190
cifar20,resnet18,layer4_last,10,75.0,0.1,20,42,85.3400,85.0421,91.0000,57.7200,60.7579,0.0000,85.8632,0.0000,-25.1053,128,482,94.14,100.00,122,19.9628,7.877,NVIDIA L4,4875190
cifar20,resnet18,layer4_last,10,75.0,0.1,5,42,85.3400,85.0421,91.0000,75.4400,79.4105,0.0000,85.8632,0.0000,-6.4526,128,351,68.55,100.00,52,19.9628,1.922,NVIDIA L4,4875190
cifar20,resnet18,layer4_last,10,75.0,0.3,1,42,85.3400,85.0421,91.0000,81.0400,84.9684,6.4000,85.8632,0.0000,-0.8947,128,128,25.00,25.00,-1,18.9274,0.418,NVIDIA L4,4875190
cifar20,resnet18,layer4_last,10,75.0,0.3,10,42,85.3400,85.0421,91.0000,74.6000,78.5263,0.0000,85.8632,0.0000,-7.3368,128,384,75.00,100.00,78,18.9274,4.047,NVIDIA L4,4875190
cifar20,resnet18,layer4_last,10,75.0,0.3,20,42,85.3400,85.0421,91.0000,69.3000,72.9474,0.0000,85.8632,0.0000,-12.9158,128,457,89.26,100.00,111,18.9274,8.200,NVIDIA L4,4875190
cifar20,resnet18,layer4_last,10,75.0,0.3,5,42,85.3400,85.0421,91.0000,77.7000,81.7895,0.0000,85.8632,0.0000,-4.0737,128,285,55.66,100.00,60,18.9274,1.872,NVIDIA L4,4875190
cifar20,resnet18,layer4_last,10,75.0,0.5,1,42,85.3400,85.0421,91.0000,83.2400,85.1263,47.4000,85.8632,0.0000,-0.7368,128,128,25.00,25.00,-1,17.0636,0.353,NVIDIA L4,4875190
cifar20,resnet18,layer4_last,10,75.0,0.5,10,42,85.3400,85.0421,91.0000,76.7700,80.8105,0.0000,85.8632,0.0000,-5.0526,128,317,61.91,100.00,72,17.0636,3.602,NVIDIA L4,4875190
cifar20,resnet18,layer4_last,10,75.0,0.5,20,42,85.3400,85.0421,91.0000,72.4600,76.2737,0.0000,85.8632,0.0000,-9.5895,128,412,80.47,100.00,92,17.0636,7.309,NVIDIA L4,4875190
cifar20,resnet18,layer4_last,10,75.0,0.5,5,42,85.3400,85.0421,91.0000,79.0900,83.2526,0.0000,85.8632,0.0000,-2.6105,128,229,44.73,100.00,65,17.0636,1.753,NVIDIA L4,4875190
cifar20,resnet18,layer4_last,10,90.0,0.01,1,42,85.3400,85.0421,91.0000,81.1600,85.0842,6.6000,85.8632,0.0000,-0.7789,52,52,10.16,10.00,-1,15.8211,0.324,NVIDIA L4,4875190
cifar20,resnet18,layer4_last,10,90.0,0.01,10,42,85.3400,85.0421,91.0000,75.6600,79.6421,0.0000,85.8632,0.0000,-6.2211,52,336,65.62,100.00,35,15.8211,3.965,NVIDIA L4,4875190
cifar20,resnet18,layer4_last,10,90.0,0.01,20,42,85.3400,85.0421,91.0000,74.3800,78.2947,0.0000,85.8632,0.0000,-7.5684,52,382,74.61,100.00,49,15.8211,7.893,NVIDIA L4,4875190
cifar20,resnet18,layer4_last,10,90.0,0.01,5,42,85.3400,85.0421,91.0000,78.5000,82.6316,0.0000,85.8632,0.0000,-3.2316,52,232,45.31,50.00,10,15.8211,1.922,NVIDIA L4,4875190
cifar20,resnet18,layer4_last,10,90.0,0.03,1,42,85.3400,85.0421,91.0000,81.1600,85.0842,6.6000,85.8632,0.0000,-0.7789,52,52,10.16,10.00,-1,15.3656,0.337,NVIDIA L4,4875190
cifar20,resnet18,layer4_last,10,90.0,0.03,10,42,85.3400,85.0421,91.0000,75.7200,79.7053,0.0000,85.8632,0.0000,-6.1579,52,324,63.28,100.00,32,15.3656,4.222,NVIDIA L4,4875190
cifar20,resnet18,layer4_last,10,90.0,0.03,20,42,85.3400,85.0421,91.0000,74.8000,78.7368,0.0000,85.8632,0.0000,-7.1263,52,371,72.46,100.00,47,15.3656,8.423,NVIDIA L4,4875190
cifar20,resnet18,layer4_last,10,90.0,0.03,5,42,85.3400,85.0421,91.0000,78.6900,82.8316,0.0000,85.8632,0.0000,-3.0316,52,229,44.73,50.00,10,15.3656,2.126,NVIDIA L4,4875190
cifar20,resnet18,layer4_last,10,90.0,0.1,1,42,85.3400,85.0421,91.0000,81.2400,85.0947,8.0000,85.8632,0.0000,-0.7684,52,52,10.16,10.00,-1,14.5372,0.381,NVIDIA L4,4875190
cifar20,resnet18,layer4_last,10,90.0,0.1,10,42,85.3400,85.0421,91.0000,77.1200,81.1789,0.0000,85.8632,0.0000,-4.6842,52,291,56.84,100.00,25,14.5372,3.949,NVIDIA L4,4875190
cifar20,resnet18,layer4_last,10,90.0,0.1,20,42,85.3400,85.0421,91.0000,75.4300,79.4000,0.0000,85.8632,0.0000,-6.4632,52,351,68.55,100.00,42,14.5372,8.104,NVIDIA L4,4875190
cifar20,resnet18,layer4_last,10,90.0,0.1,5,42,85.3400,85.0421,91.0000,79.1600,83.3263,0.0000,85.8632,0.0000,-2.5368,52,214,41.80,50.00,12,14.5372,1.913,NVIDIA L4,4875190
cifar20,resnet18,layer4_last,10,90.0,0.3,1,42,85.3400,85.0421,91.0000,82.0700,85.1368,23.8000,85.8632,0.0000,-0.7263,52,52,10.16,10.00,-1,12.5906,0.370,NVIDIA L4,4875190
cifar20,resnet18,layer4_last,10,90.0,0.3,10,42,85.3400,85.0421,91.0000,78.6700,82.8105,0.0000,85.8632,0.0000,-3.0526,52,236,46.09,100.00,22,12.5906,3.698,NVIDIA L4,4875190
cifar20,resnet18,layer4_last,10,90.0,0.3,20,42,85.3400,85.0421,91.0000,76.8000,80.8421,0.0000,85.8632,0.0000,-5.0211,52,304,59.38,100.00,33,12.5906,7.798,NVIDIA L4,4875190
cifar20,resnet18,layer4_last,10,90.0,0.3,5,42,85.3400,85.0421,91.0000,80.0400,84.2526,0.0000,85.8632,0.0000,-1.6105,52,163,31.84,50.00,13,12.5906,1.910,NVIDIA L4,4875190
cifar20,resnet18,layer4_last,10,90.0,0.5,1,42,85.3400,85.0421,91.0000,83.6100,85.1368,54.6000,85.8632,0.0000,-0.7263,52,52,10.16,10.00,-1,10.7683,0.352,NVIDIA L4,4875190
cifar20,resnet18,layer4_last,10,90.0,0.5,10,42,85.3400,85.0421,91.0000,80.0300,84.2421,0.0000,85.8632,0.0000,-1.6211,52,196,38.28,100.00,18,10.7683,3.949,NVIDIA L4,4875190
cifar20,resnet18,layer4_last,10,90.0,0.5,20,42,85.3400,85.0421,91.0000,78.2000,82.3158,0.0000,85.8632,0.0000,-3.5474,52,260,50.78,100.00,30,10.7683,7.819,NVIDIA L4,4875190
cifar20,resnet18,layer4_last,10,90.0,0.5,5,42,85.3400,85.0421,91.0000,80.7700,85.0105,0.2000,85.8632,0.0000,-0.8526,52,139,27.15,50.00,3,10.7683,1.851,NVIDIA L4,4875190
cifar20,resnet18,layer4_last,10,95.0,0.01,1,42,85.3400,85.0421,91.0000,83.4800,85.3158,48.6000,85.8632,0.0000,-0.5474,26,26,5.08,5.00,-1,11.3896,0.444,NVIDIA L4,4875190
cifar20,resnet18,layer4_last,10,95.0,0.01,10,42,85.3400,85.0421,91.0000,79.2200,83.3895,0.0000,85.8632,0.0000,-2.4737,26,218,42.58,50.00,11,11.3896,3.864,NVIDIA L4,4875190
cifar20,resnet18,layer4_last,10,95.0,0.01,20,42,85.3400,85.0421,91.0000,77.2800,81.3474,0.0000,85.8632,0.0000,-4.5158,26,275,53.71,100.00,23,11.3896,7.933,NVIDIA L4,4875190
cifar20,resnet18,layer4_last,10,95.0,0.01,5,42,85.3400,85.0421,91.0000,80.5700,84.8105,0.0000,85.8632,0.0000,-1.0526,26,130,25.39,25.00,0,11.3896,1.918,NVIDIA L4,4875190
cifar20,resnet18,layer4_last,10,95.0,0.03,1,42,85.3400,85.0421,91.0000,83.4900,85.3158,48.8000,85.8632,0.0000,-0.5474,26,26,5.08,5.00,-1,11.2653,0.357,NVIDIA L4,4875190
cifar20,resnet18,layer4_last,10,95.0,0.03,10,42,85.3400,85.0421,91.0000,79.0700,83.2316,0.0000,85.8632,0.0000,-2.6316,26,213,41.60,50.00,11,11.2653,4.230,NVIDIA L4,4875190
cifar20,resnet18,layer4_last,10,95.0,0.03,20,42,85.3400,85.0421,91.0000,77.1200,81.1789,0.0000,85.8632,0.0000,-4.6842,26,272,53.12,100.00,22,11.2653,8.472,NVIDIA L4,4875190
cifar20,resnet18,layer4_last,10,95.0,0.03,5,42,85.3400,85.0421,91.0000,80.5700,84.8105,0.0000,85.8632,0.0000,-1.0526,26,130,25.39,25.00,0,11.2653,1.883,NVIDIA L4,4875190
cifar20,resnet18,layer4_last,10,95.0,0.1,1,42,85.3400,85.0421,91.0000,83.5000,85.3053,49.2000,85.8632,0.0000,-0.5579,26,26,5.08,5.00,-1,10.5198,0.318,NVIDIA L4,4875190
cifar20,resnet18,layer4_last,10,95.0,0.1,10,42,85.3400,85.0421,91.0000,79.4900,83.6737,0.0000,85.8632,0.0000,-2.1895,26,203,39.65,50.00,9,10.5198,3.902,NVIDIA L4,4875190
cifar20,resnet18,layer4_last,10,95.0,0.1,20,42,85.3400,85.0421,91.0000,77.7700,81.8632,0.0000,85.8632,0.0000,-4.0000,26,254,49.61,100.00,20,10.5198,8.011,NVIDIA L4,4875190
cifar20,resnet18,layer4_last,10,95.0,0.1,5,42,85.3400,85.0421,91.0000,80.6400,84.8842,0.0000,85.8632,0.0000,-0.9789,26,128,25.00,25.00,1,10.5198,2.066,NVIDIA L4,4875190
cifar20,resnet18,layer4_last,10,95.0,0.3,1,42,85.3400,85.0421,91.0000,83.9400,85.3158,57.8000,85.8632,0.0000,-0.5474,26,26,5.08,5.00,-1,8.9874,0.321,NVIDIA L4,4875190
cifar20,resnet18,layer4_last,10,95.0,0.3,10,42,85.3400,85.0421,91.0000,79.9700,84.1789,0.0000,85.8632,0.0000,-1.6842,26,161,31.45,50.00,4,8.9874,3.457,NVIDIA L4,4875190
cifar20,resnet18,layer4_last,10,95.0,0.3,20,42,85.3400,85.0421,91.0000,79.3100,83.4842,0.0000,85.8632,0.0000,-2.3789,26,217,42.38,100.00,16,8.9874,7.591,NVIDIA L4,4875190
cifar20,resnet18,layer4_last,10,95.0,0.3,5,42,85.3400,85.0421,91.0000,80.6100,84.8000,1.0000,85.8632,0.0000,-1.0632,26,114,22.27,25.00,1,8.9874,1.756,NVIDIA L4,4875190
cifar20,resnet18,layer4_last,10,95.0,0.5,1,42,85.3400,85.0421,91.0000,84.6500,85.3684,71.0000,85.8632,0.0000,-0.4947,26,26,5.08,5.00,-1,7.8277,0.378,NVIDIA L4,4875190
cifar20,resnet18,layer4_last,10,95.0,0.5,10,42,85.3400,85.0421,91.0000,80.7800,85.0211,0.2000,85.8632,0.0000,-0.8421,26,138,26.95,50.00,2,7.8277,3.934,NVIDIA L4,4875190
cifar20,resnet18,layer4_last,10,95.0,0.5,20,42,85.3400,85.0421,91.0000,79.9600,84.1684,0.0000,85.8632,0.0000,-1.6947,26,189,36.91,100.00,10,7.8277,7.473,NVIDIA L4,4875190
cifar20,resnet18,layer4_last,10,95.0,0.5,5,42,85.3400,85.0421,91.0000,81.2100,85.0105,9.0000,85.8632,0.0000,-0.8526,26,96,18.75,25.00,0,7.8277,1.809,NVIDIA L4,4875190
cifar20,resnet18,layer4_last,10,99.0,0.01,1,42,85.3400,85.0421,91.0000,85.1600,85.3263,82.0000,85.8632,0.0000,-0.5368,6,6,1.17,1.00,-1,4.9700,0.317,NVIDIA L4,4875190
cifar20,resnet18,layer4_last,10,99.0,0.01,10,42,85.3400,85.0421,91.0000,80.9100,85.0526,2.2000,85.8632,0.0000,-0.8105,6,60,11.72,10.00,0,4.9700,3.663,NVIDIA L4,4875190
cifar20,resnet18,layer4_last,10,99.0,0.01,20,42,85.3400,85.0421,91.0000,80.6100,84.8526,0.0000,85.8632,0.0000,-1.0105,6,120,23.44,20.00,0,4.9700,7.386,NVIDIA L4,4875190
cifar20,resnet18,layer4_last,10,99.0,0.01,5,42,85.3400,85.0421,91.0000,83.0100,85.2632,40.2000,85.8632,0.0000,-0.6000,6,30,5.86,5.00,0,4.9700,2.033,NVIDIA L4,4875190
cifar20,resnet18,layer4_last,10,99.0,0.03,1,42,85.3400,85.0421,91.0000,85.1600,85.3263,82.0000,85.8632,0.0000,-0.5368,6,6,1.17,1.00,-1,4.9700,0.323,NVIDIA L4,4875190
cifar20,resnet18,layer4_last,10,99.0,0.03,10,42,85.3400,85.0421,91.0000,80.9400,85.0632,2.6000,85.8632,0.0000,-0.8000,6,60,11.72,10.00,0,4.9700,3.772,NVIDIA L4,4875190
cifar20,resnet18,layer4_last,10,99.0,0.03,20,42,85.3400,85.0421,91.0000,80.6100,84.8526,0.0000,85.8632,0.0000,-1.0105,6,120,23.44,20.00,0,4.9700,7.900,NVIDIA L4,4875190
cifar20,resnet18,layer4_last,10,99.0,0.03,5,42,85.3400,85.0421,91.0000,83.0300,85.2632,40.6000,85.8632,0.0000,-0.6000,6,30,5.86,5.00,0,4.9700,2.157,NVIDIA L4,4875190
cifar20,resnet18,layer4_last,10,99.0,0.1,1,42,85.3400,85.0421,91.0000,85.1600,85.3263,82.0000,85.8632,0.0000,-0.5368,6,6,1.17,1.00,-1,4.9700,0.349,NVIDIA L4,4875190
cifar20,resnet18,layer4_last,10,99.0,0.1,10,42,85.3400,85.0421,91.0000,81.0300,85.0737,4.2000,85.8632,0.0000,-0.7895,6,60,11.72,10.00,0,4.9700,4.166,NVIDIA L4,4875190
cifar20,resnet18,layer4_last,10,99.0,0.1,20,42,85.3400,85.0421,91.0000,80.6400,84.8842,0.0000,85.8632,0.0000,-0.9789,6,120,23.44,20.00,0,4.9700,8.567,NVIDIA L4,4875190
cifar20,resnet18,layer4_last,10,99.0,0.1,5,42,85.3400,85.0421,91.0000,83.0800,85.2526,41.8000,85.8632,0.0000,-0.6105,6,30,5.86,5.00,0,4.9700,2.168,NVIDIA L4,4875190
cifar20,resnet18,layer4_last,10,99.0,0.3,1,42,85.3400,85.0421,91.0000,85.1800,85.3263,82.4000,85.8632,0.0000,-0.5368,6,6,1.17,1.00,-1,4.5558,0.422,NVIDIA L4,4875190
cifar20,resnet18,layer4_last,10,99.0,0.3,10,42,85.3400,85.0421,91.0000,81.6700,85.1053,16.4000,85.8632,0.0000,-0.7579,6,59,11.52,10.00,0,4.5558,4.268,NVIDIA L4,4875190
cifar20,resnet18,layer4_last,10,99.0,0.3,20,42,85.3400,85.0421,91.0000,80.7100,84.8737,1.6000,85.8632,0.0000,-0.9895,6,110,21.48,20.00,0,4.5558,8.104,NVIDIA L4,4875190
cifar20,resnet18,layer4_last,10,99.0,0.3,5,42,85.3400,85.0421,91.0000,83.5700,85.2737,51.2000,85.8632,0.0000,-0.5895,6,30,5.86,5.00,0,4.5558,2.123,NVIDIA L4,4875190
cifar20,resnet18,layer4_last,10,99.0,0.5,1,42,85.3400,85.0421,91.0000,85.2300,85.3158,83.6000,85.8632,0.0000,-0.5474,6,6,1.17,1.00,-1,3.6861,0.319,NVIDIA L4,4875190
cifar20,resnet18,layer4_last,10,99.0,0.5,10,42,85.3400,85.0421,91.0000,82.7800,85.1263,38.2000,85.8632,0.0000,-0.7368,6,54,10.55,10.00,0,3.6861,4.369,NVIDIA L4,4875190
cifar20,resnet18,layer4_last,10,99.0,0.5,20,42,85.3400,85.0421,91.0000,81.2900,85.0526,9.8000,85.8632,0.0000,-0.8105,6,89,17.38,20.00,0,3.6861,8.301,NVIDIA L4,4875190
cifar20,resnet18,layer4_last,10,99.0,0.5,5,42,85.3400,85.0421,91.0000,84.2400,85.3368,63.4000,85.8632,0.0000,-0.5263,6,28,5.47,5.00,0,3.6861,2.242,NVIDIA L4,4875190
cifar20,resnet18,layer4_last,14,50.0,0.01,1,42,85.3400,84.9158,93.4000,78.4000,82.5263,0.0000,85.0947,0.0000,-2.5684,256,256,50.00,50.00,-1,21.1639,0.341,NVIDIA L4,4875190
cifar20,resnet18,layer4_last,14,50.0,0.01,10,42,85.3400,84.9158,93.4000,6.6400,6.9895,0.0000,85.0947,0.0000,-78.1053,256,511,99.80,100.00,252,21.1639,3.958,NVIDIA L4,4875190
cifar20,resnet18,layer4_last,14,50.0,0.01,20,42,85.3400,84.9158,93.4000,6.6200,6.9684,0.0000,85.0947,0.0000,-78.1263,256,511,99.80,100.00,256,21.1639,8.286,NVIDIA L4,4875190
cifar20,resnet18,layer4_last,14,50.0,0.01,5,42,85.3400,84.9158,93.4000,8.4700,8.9158,0.0000,85.0947,0.0000,-76.1789,256,510,99.61,100.00,225,21.1639,1.888,NVIDIA L4,4875190
cifar20,resnet18,layer4_last,14,50.0,0.03,1,42,85.3400,84.9158,93.4000,78.4100,82.5368,0.0000,85.0947,0.0000,-2.5579,256,256,50.00,50.00,-1,21.1639,0.374,NVIDIA L4,4875190
cifar20,resnet18,layer4_last,14,50.0,0.03,10,42,85.3400,84.9158,93.4000,6.1400,6.4632,0.0000,85.0947,0.0000,-78.6316,256,511,99.80,100.00,245,21.1639,4.022,NVIDIA L4,4875190
cifar20,resnet18,layer4_last,14,50.0,0.03,20,42,85.3400,84.9158,93.4000,6.1300,6.4526,0.0000,85.0947,0.0000,-78.6421,256,511,99.80,100.00,255,21.1639,8.527,NVIDIA L4,4875190
cifar20,resnet18,layer4_last,14,50.0,0.03,5,42,85.3400,84.9158,93.4000,32.8300,34.5579,0.0000,85.0947,0.0000,-50.5368,256,502,98.05,100.00,165,21.1639,2.035,NVIDIA L4,4875190
cifar20,resnet18,layer4_last,14,50.0,0.1,1,42,85.3400,84.9158,93.4000,78.5000,82.6000,0.6000,85.0947,0.0000,-2.4947,256,256,50.00,50.00,-1,21.1639,0.396,NVIDIA L4,4875190
cifar20,resnet18,layer4_last,14,50.0,0.1,10,42,85.3400,84.9158,93.4000,8.4600,8.9053,0.0000,85.0947,0.0000,-76.1895,256,510,99.61,100.00,237,21.1639,3.993,NVIDIA L4,4875190
cifar20,resnet18,layer4_last,14,50.0,0.1,20,42,85.3400,84.9158,93.4000,6.6500,7.0000,0.0000,85.0947,0.0000,-78.0947,256,511,99.80,100.00,254,21.1639,8.081,NVIDIA L4,4875190
cifar20,resnet18,layer4_last,14,50.0,0.1,5,42,85.3400,84.9158,93.4000,43.6200,45.9158,0.0000,85.0947,0.0000,-39.1789,256,487,95.12,100.00,169,21.1639,1.842,NVIDIA L4,4875190
cifar20,resnet18,layer4_last,14,50.0,0.3,1,42,85.3400,84.9158,93.4000,80.6100,83.1158,33.0000,85.0947,0.0000,-1.9789,256,256,50.00,50.00,-1,21.1639,0.372,NVIDIA L4,4875190
cifar20,resnet18,layer4_last,14,50.0,0.3,10,42,85.3400,84.9158,93.4000,33.2800,35.0316,0.0000,85.0947,0.0000,-50.0632,256,500,97.66,100.00,194,21.1639,3.936,NVIDIA L4,4875190
cifar20,resnet18,layer4_last,14,50.0,0.3,20,42,85.3400,84.9158,93.4000,7.6200,8.0211,0.0000,85.0947,0.0000,-77.0737,256,511,99.80,100.00,240,21.1639,8.216,NVIDIA L4,4875190
cifar20,resnet18,layer4_last,14,50.0,0.3,5,42,85.3400,84.9158,93.4000,70.1800,73.8737,0.0000,85.0947,0.0000,-11.2211,256,423,82.62,100.00,171,21.1639,2.088,NVIDIA L4,4875190
cifar20,resnet18,layer4_last,14,50.0,0.5,1,42,85.3400,84.9158,93.4000,83.1200,83.9368,67.6000,85.0947,0.0000,-1.1579,256,256,50.00,50.00,-1,20.9154,4.859,NVIDIA L4,4875190
cifar20,resnet18,layer4_last,14,50.0,0.5,10,42,85.3400,84.9158,93.4000,65.6800,69.1368,0.0000,85.0947,0.0000,-15.9579,256,456,89.06,100.00,181,20.9154,8.266,NVIDIA L4,4875190
cifar20,resnet18,layer4_last,14,50.0,0.5,20,42,85.3400,84.9158,93.4000,28.4500,29.9474,0.0000,85.0947,0.0000,-55.1474,256,505,98.63,100.00,208,20.9154,12.049,NVIDIA L4,4875190
cifar20,resnet18,layer4_last,14,50.0,0.5,5,42,85.3400,84.9158,93.4000,74.4200,78.3368,0.0000,85.0947,0.0000,-6.7579,256,363,70.90,100.00,171,20.9154,6.196,NVIDIA L4,4875190
cifar20,resnet18,layer4_last,14,75.0,0.01,1,42,85.3400,84.9158,93.4000,80.6100,84.8526,0.0000,85.0947,0.0000,-0.2421,128,128,25.00,25.00,-1,19.7143,0.320,NVIDIA L4,4875190
cifar20,resnet18,layer4_last,14,75.0,0.01,10,42,85.3400,84.9158,93.4000,54.7700,57.6526,0.0000,85.0947,0.0000,-27.4421,128,472,92.19,100.00,120,19.7143,4.400,NVIDIA L4,4875190
cifar20,resnet18,layer4_last,14,75.0,0.01,20,42,85.3400,84.9158,93.4000,51.6500,54.3684,0.0000,85.0947,0.0000,-30.7263,128,476,92.97,100.00,128,19.7143,8.624,NVIDIA L4,4875190
cifar20,resnet18,layer4_last,14,75.0,0.01,5,42,85.3400,84.9158,93.4000,67.9200,71.4947,0.0000,85.0947,0.0000,-13.6000,128,430,83.98,100.00,67,19.7143,2.017,NVIDIA L4,4875190
cifar20,resnet18,layer4_last,14,75.0,0.03,1,42,85.3400,84.9158,93.4000,80.6100,84.8526,0.0000,85.0947,0.0000,-0.2421,128,128,25.00,25.00,-1,19.7143,0.333,NVIDIA L4,4875190
cifar20,resnet18,layer4_last,14,75.0,0.03,10,42,85.3400,84.9158,93.4000,60.3700,63.5474,0.0000,85.0947,0.0000,-21.5474,128,468,91.41,100.00,112,19.7143,3.735,NVIDIA L4,4875190
cifar20,resnet18,layer4_last,14,75.0,0.03,20,42,85.3400,84.9158,93.4000,52.2100,54.9579,0.0000,85.0947,0.0000,-30.1368,128,476,92.97,100.00,126,19.7143,7.808,NVIDIA L4,4875190
cifar20,resnet18,layer4_last,14,75.0,0.03,5,42,85.3400,84.9158,93.4000,70.1500,73.8421,0.0000,85.0947,0.0000,-11.2526,128,410,80.08,100.00,58,19.7143,1.788,NVIDIA L4,4875190
cifar20,resnet18,layer4_last,14,75.0,0.1,1,42,85.3400,84.9158,93.4000,80.6100,84.8526,0.0000,85.0947,0.0000,-0.2421,128,128,25.00,25.00,-1,19.5486,0.352,NVIDIA L4,4875190
cifar20,resnet18,layer4_last,14,75.0,0.1,10,42,85.3400,84.9158,93.4000,66.8300,70.3474,0.0000,85.0947,0.0000,-14.7474,128,441,86.13,100.00,90,19.5486,4.013,NVIDIA L4,4875190
cifar20,resnet18,layer4_last,14,75.0,0.1,20,42,85.3400,84.9158,93.4000,55.3600,58.2737,0.0000,85.0947,0.0000,-26.8211,128,472,92.19,100.00,122,19.5486,7.928,NVIDIA L4,4875190
cifar20,resnet18,layer4_last,14,75.0,0.1,5,42,85.3400,84.9158,93.4000,75.4700,79.4421,0.0000,85.0947,0.0000,-5.6526,128,353,68.95,100.00,52,19.5486,1.907,NVIDIA L4,4875190
cifar20,resnet18,layer4_last,14,75.0,0.3,1,42,85.3400,84.9158,93.4000,81.3300,84.8632,14.2000,85.0947,0.0000,-0.2316,128,128,25.00,25.00,-1,18.7203,0.356,NVIDIA L4,4875190
cifar20,resnet18,layer4_last,14,75.0,0.3,10,42,85.3400,84.9158,93.4000,71.9700,75.7579,0.0000,85.0947,0.0000,-9.3368,128,384,75.00,100.00,73,18.7203,4.144,NVIDIA L4,4875190
cifar20,resnet18,layer4_last,14,75.0,0.3,20,42,85.3400,84.9158,93.4000,65.0400,68.4632,0.0000,85.0947,0.0000,-16.6316,128,452,88.28,100.00,107,18.7203,8.190,NVIDIA L4,4875190
cifar20,resnet18,layer4_last,14,75.0,0.3,5,42,85.3400,84.9158,93.4000,78.3100,82.4316,0.0000,85.0947,0.0000,-2.6632,128,276,53.91,100.00,59,18.7203,1.927,NVIDIA L4,4875190
cifar20,resnet18,layer4_last,14,75.0,0.5,1,42,85.3400,84.9158,93.4000,83.4300,84.9684,54.2000,85.0947,0.0000,-0.1263,128,128,25.00,25.00,-1,17.1051,0.319,NVIDIA L4,4875190
cifar20,resnet18,layer4_last,14,75.0,0.5,10,42,85.3400,84.9158,93.4000,77.2500,81.3158,0.0000,85.0947,0.0000,-3.7789,128,314,61.33,100.00,73,17.1051,3.531,NVIDIA L4,4875190
cifar20,resnet18,layer4_last,14,75.0,0.5,20,42,85.3400,84.9158,93.4000,70.8100,74.5368,0.0000,85.0947,0.0000,-10.5579,128,413,80.66,100.00,92,17.1051,7.730,NVIDIA L4,4875190
cifar20,resnet18,layer4_last,14,75.0,0.5,5,42,85.3400,84.9158,93.4000,79.6100,83.8000,0.0000,85.0947,0.0000,-1.2947,128,224,43.75,100.00,65,17.1051,1.722,NVIDIA L4,4875190
cifar20,resnet18,layer4_last,14,90.0,0.01,1,42,85.3400,84.9158,93.4000,81.6500,85.0526,17.0000,85.0947,0.0000,-0.0421,52,52,10.16,10.00,-1,15.8211,0.361,NVIDIA L4,4875190
cifar20,resnet18,layer4_last,14,90.0,0.01,10,42,85.3400,84.9158,93.4000,76.2200,80.2316,0.0000,85.0947,0.0000,-4.8632,52,332,64.84,100.00,36,15.8211,3.831,NVIDIA L4,4875190
cifar20,resnet18,layer4_last,14,90.0,0.01,20,42,85.3400,84.9158,93.4000,71.4300,75.1895,0.0000,85.0947,0.0000,-9.9053,52,382,74.61,100.00,49,15.8211,7.532,NVIDIA L4,4875190
cifar20,resnet18,layer4_last,14,90.0,0.01,5,42,85.3400,84.9158,93.4000,79.0100,83.1684,0.0000,85.0947,0.0000,-1.9263,52,233,45.51,50.00,10,15.8211,2.025,NVIDIA L4,4875190
cifar20,resnet18,layer4_last,14,90.0,0.03,1,42,85.3400,84.9158,93.4000,81.6700,85.0421,17.6000,85.0947,0.0000,-0.0526,52,52,10.16,10.00,-1,15.6969,0.300,NVIDIA L4,4875190
cifar20,resnet18,layer4_last,14,90.0,0.03,10,42,85.3400,84.9158,93.4000,76.6100,80.6421,0.0000,85.0947,0.0000,-4.4526,52,319,62.30,100.00,32,15.6969,4.171,NVIDIA L4,4875190
cifar20,resnet18,layer4_last,14,90.0,0.03,20,42,85.3400,84.9158,93.4000,71.5000,75.2632,0.0000,85.0947,0.0000,-9.8316,52,379,74.02,100.00,47,15.6969,8.461,NVIDIA L4,4875190
cifar20,resnet18,layer4_last,14,90.0,0.03,5,42,85.3400,84.9158,93.4000,79.1800,83.3474,0.0000,85.0947,0.0000,-1.7474,52,227,44.34,50.00,11,15.6969,2.140,NVIDIA L4,4875190
cifar20,resnet18,layer4_last,14,90.0,0.1,1,42,85.3400,84.9158,93.4000,81.8400,85.0526,20.8000,85.0947,0.0000,-0.0421,52,52,10.16,10.00,-1,14.5372,0.676,NVIDIA L4,4875190
cifar20,resnet18,layer4_last,14,90.0,0.1,10,42,85.3400,84.9158,93.4000,77.9500,82.0526,0.0000,85.0947,0.0000,-3.0421,52,283,55.27,100.00,26,14.5372,4.189,NVIDIA L4,4875190
cifar20,resnet18,layer4_last,14,90.0,0.1,20,42,85.3400,84.9158,93.4000,75.9600,79.9579,0.0000,85.0947,0.0000,-5.1368,52,351,68.55,100.00,43,14.5372,8.059,NVIDIA L4,4875190
cifar20,resnet18,layer4_last,14,90.0,0.1,5,42,85.3400,84.9158,93.4000,79.3300,83.5053,0.0000,85.0947,0.0000,-1.5895,52,209,40.82,50.00,10,14.5372,1.954,NVIDIA L4,4875190
cifar20,resnet18,layer4_last,14,90.0,0.3,1,42,85.3400,84.9158,93.4000,82.8200,85.0526,40.4000,85.0947,0.0000,-0.0421,52,52,10.16,10.00,-1,12.6321,0.314,NVIDIA L4,4875190
cifar20,resnet18,layer4_last,14,90.0,0.3,10,42,85.3400,84.9158,93.4000,79.3200,83.4947,0.0000,85.0947,0.0000,-1.6000,52,226,44.14,100.00,22,12.6321,3.705,NVIDIA L4,4875190
cifar20,resnet18,layer4_last,14,90.0,0.3,20,42,85.3400,84.9158,93.4000,77.4300,81.5053,0.0000,85.0947,0.0000,-3.5895,52,305,59.57,100.00,35,12.6321,7.730,NVIDIA L4,4875190
cifar20,resnet18,layer4_last,14,90.0,0.3,5,42,85.3400,84.9158,93.4000,80.3700,84.6000,0.0000,85.0947,0.0000,-0.4947,52,160,31.25,50.00,7,12.6321,1.953,NVIDIA L4,4875190
cifar20,resnet18,layer4_last,14,90.0,0.5,1,42,85.3400,84.9158,93.4000,83.8300,85.0211,61.2000,85.0947,0.0000,-0.0737,52,52,10.16,10.00,-1,10.4370,0.425,NVIDIA L4,4875190
cifar20,resnet18,layer4_last,14,90.0,0.5,10,42,85.3400,84.9158,93.4000,80.1300,84.3474,0.0000,85.0947,0.0000,-0.7474,52,181,35.35,100.00,13,10.4370,4.169,NVIDIA L4,4875190
cifar20,resnet18,layer4_last,14,90.0,0.5,20,42,85.3400,84.9158,93.4000,78.9600,83.1158,0.0000,85.0947,0.0000,-1.9789,52,252,49.22,100.00,31,10.4370,8.328,NVIDIA L4,4875190
cifar20,resnet18,layer4_last,14,90.0,0.5,5,42,85.3400,84.9158,93.4000,80.7100,84.9158,0.8000,85.0947,0.0000,-0.1789,52,133,25.98,50.00,6,10.4370,1.946,NVIDIA L4,4875190
cifar20,resnet18,layer4_last,14,95.0,0.01,1,42,85.3400,84.9158,93.4000,84.1600,85.1789,64.8000,85.0947,0.0000,+0.0842,26,26,5.08,5.00,-1,11.0996,0.345,NVIDIA L4,4875190
cifar20,resnet18,layer4_last,14,95.0,0.01,10,42,85.3400,84.9158,93.4000,79.2500,83.4211,0.0000,85.0947,0.0000,-1.6737,26,219,42.77,50.00,10,11.0996,3.894,NVIDIA L4,4875190
cifar20,resnet18,layer4_last,14,95.0,0.01,20,42,85.3400,84.9158,93.4000,78.4300,82.5579,0.0000,85.0947,0.0000,-2.5368,26,268,52.34,100.00,23,11.0996,7.481,NVIDIA L4,4875190
cifar20,resnet18,layer4_last,14,95.0,0.01,5,42,85.3400,84.9158,93.4000,80.6100,84.8526,0.0000,85.0947,0.0000,-0.2421,26,130,25.39,25.00,0,11.0996,1.793,NVIDIA L4,4875190
cifar20,resnet18,layer4_last,14,95.0,0.03,1,42,85.3400,84.9158,93.4000,84.1700,85.1789,65.0000,85.0947,0.0000,+0.0842,26,26,5.08,5.00,-1,10.9754,0.359,NVIDIA L4,4875190
cifar20,resnet18,layer4_last,14,95.0,0.03,10,42,85.3400,84.9158,93.4000,79.4200,83.6000,0.0000,85.0947,0.0000,-1.4947,26,215,41.99,50.00,9,10.9754,3.600,NVIDIA L4,4875190
cifar20,resnet18,layer4_last,14,95.0,0.03,20,42,85.3400,84.9158,93.4000,78.4400,82.5684,0.0000,85.0947,0.0000,-2.5263,26,265,51.76,100.00,23,10.9754,7.773,NVIDIA L4,4875190
cifar20,resnet18,layer4_last,14,95.0,0.03,5,42,85.3400,84.9158,93.4000,80.6200,84.8632,0.0000,85.0947,0.0000,-0.2316,26,130,25.39,25.00,0,10.9754,1.675,NVIDIA L4,4875190
cifar20,resnet18,layer4_last,14,95.0,0.1,1,42,85.3400,84.9158,93.4000,84.2100,85.1684,66.0000,85.0947,0.0000,+0.0737,26,26,5.08,5.00,-1,10.4370,0.377,NVIDIA L4,4875190
cifar20,resnet18,layer4_last,14,95.0,0.1,10,42,85.3400,84.9158,93.4000,79.6400,83.8316,0.0000,85.0947,0.0000,-1.2632,26,198,38.67,50.00,10,10.4370,3.981,NVIDIA L4,4875190
cifar20,resnet18,layer4_last,14,95.0,0.1,20,42,85.3400,84.9158,93.4000,78.6800,82.8211,0.0000,85.0947,0.0000,-2.2737,26,252,49.22,100.00,21,10.4370,8.321,NVIDIA L4,4875190
cifar20,resnet18,layer4_last,14,95.0,0.1,5,42,85.3400,84.9158,93.4000,80.6600,84.9053,0.0000,85.0947,0.0000,-0.1895,26,127,24.80,25.00,0,10.4370,2.095,NVIDIA L4,4875190
cifar20,resnet18,layer4_last,14,95.0,0.3,1,42,85.3400,84.9158,93.4000,84.4700,85.1895,70.8000,85.0947,0.0000,+0.0947,26,26,5.08,5.00,-1,8.8217,0.328,NVIDIA L4,4875190
cifar20,resnet18,layer4_last,14,95.0,0.3,10,42,85.3400,84.9158,93.4000,80.3500,84.5789,0.0000,85.0947,0.0000,-0.5158,26,159,31.05,50.00,5,8.8217,4.275,NVIDIA L4,4875190
cifar20,resnet18,layer4_last,14,95.0,0.3,20,42,85.3400,84.9158,93.4000,79.3500,83.5263,0.0000,85.0947,0.0000,-1.5684,26,213,41.60,100.00,12,8.8217,8.176,NVIDIA L4,4875190
cifar20,resnet18,layer4_last,14,95.0,0.3,5,42,85.3400,84.9158,93.4000,80.7000,84.8211,2.4000,85.0947,0.0000,-0.2737,26,112,21.88,25.00,0,8.8217,2.067,NVIDIA L4,4875190
cifar20,resnet18,layer4_last,14,95.0,0.5,1,42,85.3400,84.9158,93.4000,84.7800,85.1579,77.6000,85.0947,0.0000,+0.0632,26,26,5.08,5.00,-1,7.3307,0.381,NVIDIA L4,4875190
cifar20,resnet18,layer4_last,14,95.0,0.5,10,42,85.3400,84.9158,93.4000,80.7100,84.9158,0.8000,85.0947,0.0000,-0.1789,26,133,25.98,50.00,0,7.3307,4.430,NVIDIA L4,4875190
cifar20,resnet18,layer4_last,14,95.0,0.5,20,42,85.3400,84.9158,93.4000,80.1400,84.3579,0.0000,85.0947,0.0000,-0.7368,26,177,34.57,100.00,6,7.3307,8.445,NVIDIA L4,4875190
cifar20,resnet18,layer4_last,14,95.0,0.5,5,42,85.3400,84.9158,93.4000,81.6600,85.0421,17.4000,85.0947,0.0000,-0.0526,26,88,17.19,25.00,0,7.3307,2.333,NVIDIA L4,4875190
cifar20,resnet18,layer4_last,14,99.0,0.01,1,42,85.3400,84.9158,93.4000,85.1600,85.0316,87.6000,85.0947,0.0000,-0.0632,6,6,1.17,1.00,-1,4.9700,0.326,NVIDIA L4,4875190
cifar20,resnet18,layer4_last,14,99.0,0.01,10,42,85.3400,84.9158,93.4000,81.1700,85.0105,8.2000,85.0947,0.0000,-0.0842,6,60,11.72,10.00,0,4.9700,3.679,NVIDIA L4,4875190
cifar20,resnet18,layer4_last,14,99.0,0.01,20,42,85.3400,84.9158,93.4000,80.5200,84.7579,0.0000,85.0947,0.0000,-0.3368,6,120,23.44,20.00,0,4.9700,7.788,NVIDIA L4,4875190
cifar20,resnet18,layer4_last,14,99.0,0.01,5,42,85.3400,84.9158,93.4000,83.8000,85.1158,58.8000,85.0947,0.0000,+0.0211,6,30,5.86,5.00,0,4.9700,1.786,NVIDIA L4,4875190
cifar20,resnet18,layer4_last,14,99.0,0.03,1,42,85.3400,84.9158,93.4000,85.1600,85.0316,87.6000,85.0947,0.0000,-0.0632,6,6,1.17,1.00,-1,4.9700,0.374,NVIDIA L4,4875190
cifar20,resnet18,layer4_last,14,99.0,0.03,10,42,85.3400,84.9158,93.4000,81.1800,85.0105,8.4000,85.0947,0.0000,-0.0842,6,60,11.72,10.00,0,4.9700,3.980,NVIDIA L4,4875190
cifar20,resnet18,layer4_last,14,99.0,0.03,20,42,85.3400,84.9158,93.4000,80.5200,84.7579,0.0000,85.0947,0.0000,-0.3368,6,120,23.44,20.00,0,4.9700,7.947,NVIDIA L4,4875190
cifar20,resnet18,layer4_last,14,99.0,0.03,5,42,85.3400,84.9158,93.4000,83.8200,85.1158,59.2000,85.0947,0.0000,+0.0211,6,30,5.86,5.00,0,4.9700,1.898,NVIDIA L4,4875190
cifar20,resnet18,layer4_last,14,99.0,0.1,1,42,85.3400,84.9158,93.4000,85.1700,85.0316,87.8000,85.0947,0.0000,-0.0632,6,6,1.17,1.00,-1,4.8872,0.329,NVIDIA L4,4875190
cifar20,resnet18,layer4_last,14,99.0,0.1,10,42,85.3400,84.9158,93.4000,81.4100,85.0421,12.4000,85.0947,0.0000,-0.0526,6,60,11.72,10.00,0,4.8872,3.599,NVIDIA L4,4875190
cifar20,resnet18,layer4_last,14,99.0,0.1,20,42,85.3400,84.9158,93.4000,80.5900,84.8316,0.0000,85.0947,0.0000,-0.2632,6,118,23.05,20.00,0,4.8872,7.430,NVIDIA L4,4875190
cifar20,resnet18,layer4_last,14,99.0,0.1,5,42,85.3400,84.9158,93.4000,83.8800,85.0947,60.8000,85.0947,0.0000,+0.0000,6,30,5.86,5.00,0,4.8872,1.757,NVIDIA L4,4875190
cifar20,resnet18,layer4_last,14,99.0,0.3,1,42,85.3400,84.9158,93.4000,85.1900,85.0211,88.4000,85.0947,0.0000,-0.0737,6,6,1.17,1.00,-1,4.4316,0.427,NVIDIA L4,4875190
cifar20,resnet18,layer4_last,14,99.0,0.3,10,42,85.3400,84.9158,93.4000,82.4000,85.0211,32.6000,85.0947,0.0000,-0.0737,6,60,11.72,10.00,0,4.4316,4.232,NVIDIA L4,4875190
cifar20,resnet18,layer4_last,14,99.0,0.3,20,42,85.3400,84.9158,93.4000,80.9100,84.9789,3.6000,85.0947,0.0000,-0.1158,6,107,20.90,20.00,0,4.4316,8.256,NVIDIA L4,4875190
cifar20,resnet18,layer4_last,14,99.0,0.3,5,42,85.3400,84.9158,93.4000,84.1400,85.1053,65.8000,85.0947,0.0000,+0.0105,6,30,5.86,5.00,0,4.4316,2.096,NVIDIA L4,4875190
cifar20,resnet18,layer4_last,14,99.0,0.5,1,42,85.3400,84.9158,93.4000,85.2300,85.0211,89.2000,85.0947,0.0000,-0.0737,6,6,1.17,1.00,-1,3.5204,0.299,NVIDIA L4,4875190
cifar20,resnet18,layer4_last,14,99.0,0.5,10,42,85.3400,84.9158,93.4000,83.5700,85.0526,55.4000,85.0947,0.0000,-0.0421,6,53,10.35,10.00,0,3.5204,4.045,NVIDIA L4,4875190
cifar20,resnet18,layer4_last,14,99.0,0.5,20,42,85.3400,84.9158,93.4000,81.9300,85.1368,21.0000,85.0947,0.0000,+0.0421,6,85,16.60,20.00,0,3.5204,8.038,NVIDIA L4,4875190
cifar20,resnet18,layer4_last,14,99.0,0.5,5,42,85.3400,84.9158,93.4000,84.6100,85.1158,75.0000,85.0947,0.0000,+0.0211,6,30,5.86,5.00,0,3.5204,1.997,NVIDIA L4,4875190
cifar20,resnet18,layer4_last,19,50.0,0.01,1,42,85.3400,85.2632,86.8000,79.6800,83.8737,0.0000,86.0421,0.0000,-2.1684,256,256,50.00,50.00,-1,21.1639,0.597,NVIDIA L4,4875190
cifar20,resnet18,layer4_last,19,50.0,0.01,10,42,85.3400,85.2632,86.8000,9.2400,9.7263,0.0000,86.0421,0.0000,-76.3158,256,511,99.80,100.00,253,21.1639,4.638,NVIDIA L4,4875190
cifar20,resnet18,layer4_last,19,50.0,0.01,20,42,85.3400,85.2632,86.8000,9.2000,9.6842,0.0000,86.0421,0.0000,-76.3579,256,511,99.80,100.00,256,21.1639,9.097,NVIDIA L4,4875190
cifar20,resnet18,layer4_last,19,50.0,0.01,5,42,85.3400,85.2632,86.8000,13.7200,14.4421,0.0000,86.0421,0.0000,-71.6000,256,510,99.61,100.00,220,21.1639,2.265,NVIDIA L4,4875190
cifar20,resnet18,layer4_last,19,50.0,0.03,1,42,85.3400,85.2632,86.8000,79.6800,83.8737,0.0000,86.0421,0.0000,-2.1684,256,256,50.00,50.00,-1,21.1639,0.336,NVIDIA L4,4875190
cifar20,resnet18,layer4_last,19,50.0,0.03,10,42,85.3400,85.2632,86.8000,10.0000,10.5263,0.0000,86.0421,0.0000,-75.5158,256,511,99.80,100.00,246,21.1639,4.730,NVIDIA L4,4875190
cifar20,resnet18,layer4_last,19,50.0,0.03,20,42,85.3400,85.2632,86.8000,9.6500,10.1579,0.0000,86.0421,0.0000,-75.8842,256,511,99.80,100.00,255,21.1639,9.229,NVIDIA L4,4875190
cifar20,resnet18,layer4_last,19,50.0,0.03,5,42,85.3400,85.2632,86.8000,18.9500,19.9474,0.0000,86.0421,0.0000,-66.0947,256,506,98.83,100.00,172,21.1639,2.366,NVIDIA L4,4875190
cifar20,resnet18,layer4_last,19,50.0,0.1,1,42,85.3400,85.2632,86.8000,79.8100,83.9579,1.0000,86.0421,0.0000,-2.0842,256,256,50.00,50.00,-1,21.1639,0.453,NVIDIA L4,4875190
cifar20,resnet18,layer4_last,19,50.0,0.1,10,42,85.3400,85.2632,86.8000,15.4500,16.2632,0.0000,86.0421,0.0000,-69.7789,256,510,99.61,100.00,242,21.1639,4.735,NVIDIA L4,4875190
cifar20,resnet18,layer4_last,19,50.0,0.1,20,42,85.3400,85.2632,86.8000,9.6700,10.1789,0.0000,86.0421,0.0000,-75.8632,256,511,99.80,100.00,255,21.1639,10.443,NVIDIA L4,4875190
cifar20,resnet18,layer4_last,19,50.0,0.1,5,42,85.3400,85.2632,86.8000,61.2100,64.4316,0.0000,86.0421,0.0000,-21.6105,256,492,96.09,100.00,168,21.1639,2.717,NVIDIA L4,4875190
cifar20,resnet18,layer4_last,19,50.0,0.3,1,42,85.3400,85.2632,86.8000,81.1400,84.3263,20.6000,86.0421,0.0000,-1.7158,256,256,50.00,50.00,-1,21.1225,0.495,NVIDIA L4,4875190
cifar20,resnet18,layer4_last,19,50.0,0.3,10,42,85.3400,85.2632,86.8000,39.5500,41.6316,0.0000,86.0421,0.0000,-44.4105,256,502,98.05,100.00,204,21.1225,4.786,NVIDIA L4,4875190
cifar20,resnet18,layer4_last,19,50.0,0.3,20,42,85.3400,85.2632,86.8000,16.2900,17.1474,0.0000,86.0421,0.0000,-68.8947,256,510,99.61,100.00,246,21.1225,8.952,NVIDIA L4,4875190
cifar20,resnet18,layer4_last,19,50.0,0.3,5,42,85.3400,85.2632,86.8000,74.2900,78.2000,0.0000,86.0421,0.0000,-7.8421,256,431,84.18,100.00,167,21.1225,2.249,NVIDIA L4,4875190
cifar20,resnet18,layer4_last,19,50.0,0.5,1,42,85.3400,85.2632,86.8000,83.4100,84.9684,53.8000,86.0421,0.0000,-1.0737,256,256,50.00,50.00,-1,20.9982,2.563,NVIDIA L4,4875190
cifar20,resnet18,layer4_last,19,50.0,0.5,10,42,85.3400,85.2632,86.8000,70.7300,74.4526,0.0000,86.0421,0.0000,-11.5895,256,464,90.62,100.00,186,20.9982,6.483,NVIDIA L4,4875190
cifar20,resnet18,layer4_last,19,50.0,0.5,20,42,85.3400,85.2632,86.8000,23.0600,24.2737,0.0000,86.0421,0.0000,-61.7684,256,507,99.02,100.00,215,20.9982,11.526,NVIDIA L4,4875190
cifar20,resnet18,layer4_last,19,50.0,0.5,5,42,85.3400,85.2632,86.8000,78.9500,83.1053,0.0000,86.0421,0.0000,-2.9368,256,364,71.09,100.00,165,20.9982,4.075,NVIDIA L4,4875190
cifar20,resnet18,layer4_last,19,75.0,0.01,1,42,85.3400,85.2632,86.8000,80.3400,84.5684,0.0000,86.0421,0.0000,-1.4737,128,128,25.00,25.00,-1,20.1699,0.324,NVIDIA L4,4875190
cifar20,resnet18,layer4_last,19,75.0,0.01,10,42,85.3400,85.2632,86.8000,66.5500,70.0526,0.0000,86.0421,0.0000,-15.9895,128,482,94.14,100.00,121,20.1699,4.625,NVIDIA L4,4875190
cifar20,resnet18,layer4_last,19,75.0,0.01,20,42,85.3400,85.2632,86.8000,64.8800,68.2947,0.0000,86.0421,0.0000,-17.7474,128,487,95.12,100.00,128,20.1699,9.391,NVIDIA L4,4875190
cifar20,resnet18,layer4_last,19,75.0,0.01,5,42,85.3400,85.2632,86.8000,71.3100,75.0632,0.0000,86.0421,0.0000,-10.9789,128,448,87.50,100.00,65,20.1699,2.255,NVIDIA L4,4875190
cifar20,resnet18,layer4_last,19,75.0,0.03,1,42,85.3400,85.2632,86.8000,80.3400,84.5684,0.0000,86.0421,0.0000,-1.4737,128,128,25.00,25.00,-1,20.1699,0.407,NVIDIA L4,4875190
cifar20,resnet18,layer4_last,19,75.0,0.03,10,42,85.3400,85.2632,86.8000,69.8200,73.4947,0.0000,86.0421,0.0000,-12.5474,128,477,93.16,100.00,109,20.1699,4.873,NVIDIA L4,4875190
cifar20,resnet18,layer4_last,19,75.0,0.03,20,42,85.3400,85.2632,86.8000,66.1700,69.6526,0.0000,86.0421,0.0000,-16.3895,128,487,95.12,100.00,126,20.1699,9.259,NVIDIA L4,4875190
cifar20,resnet18,layer4_last,19,75.0,0.03,5,42,85.3400,85.2632,86.8000,73.9200,77.8105,0.0000,86.0421,0.0000,-8.2316,128,422,82.42,100.00,59,20.1699,2.442,NVIDIA L4,4875190
cifar20,resnet18,layer4_last,19,75.0,0.1,1,42,85.3400,85.2632,86.8000,80.3400,84.5684,0.0000,86.0421,0.0000,-1.4737,128,128,25.00,25.00,-1,20.0042,0.430,NVIDIA L4,4875190
cifar20,resnet18,layer4_last,19,75.0,0.1,10,42,85.3400,85.2632,86.8000,68.7800,72.4000,0.0000,86.0421,0.0000,-13.6421,128,450,87.89,100.00,95,20.0042,4.404,NVIDIA L4,4875190
cifar20,resnet18,layer4_last,19,75.0,0.1,20,42,85.3400,85.2632,86.8000,68.1500,71.7368,0.0000,86.0421,0.0000,-14.3053,128,483,94.34,100.00,125,20.0042,9.603,NVIDIA L4,4875190
cifar20,resnet18,layer4_last,19,75.0,0.1,5,42,85.3400,85.2632,86.8000,78.4100,82.5368,0.0000,86.0421,0.0000,-3.5053,128,364,71.09,100.00,44,20.0042,2.579,NVIDIA L4,4875190
cifar20,resnet18,layer4_last,19,75.0,0.3,1,42,85.3400,85.2632,86.8000,80.9400,84.7684,8.2000,86.0421,0.0000,-1.2737,128,128,25.00,25.00,-1,19.4244,0.323,NVIDIA L4,4875190
cifar20,resnet18,layer4_last,19,75.0,0.3,10,42,85.3400,85.2632,86.8000,76.6600,80.6947,0.0000,86.0421,0.0000,-5.3474,128,399,77.93,100.00,74,19.4244,4.822,NVIDIA L4,4875190
cifar20,resnet18,layer4_last,19,75.0,0.3,20,42,85.3400,85.2632,86.8000,72.3400,76.1474,0.0000,86.0421,0.0000,-9.8947,128,469,91.60,100.00,107,19.4244,9.419,NVIDIA L4,4875190
cifar20,resnet18,layer4_last,19,75.0,0.3,5,42,85.3400,85.2632,86.8000,79.8700,84.0737,0.0000,86.0421,0.0000,-1.9684,128,300,58.59,100.00,53,19.4244,2.398,NVIDIA L4,4875190
cifar20,resnet18,layer4_last,19,75.0,0.5,1,42,85.3400,85.2632,86.8000,82.7700,84.9789,40.8000,86.0421,0.0000,-1.0632,128,128,25.00,25.00,-1,17.6849,0.368,NVIDIA L4,4875190
cifar20,resnet18,layer4_last,19,75.0,0.5,10,42,85.3400,85.2632,86.8000,79.6400,83.8316,0.0000,86.0421,0.0000,-2.2105,128,328,64.06,100.00,59,17.6849,4.539,NVIDIA L4,4875190
cifar20,resnet18,layer4_last,19,75.0,0.5,20,42,85.3400,85.2632,86.8000,73.8200,77.7053,0.0000,86.0421,0.0000,-8.3368,128,427,83.40,100.00,84,17.6849,8.711,NVIDIA L4,4875190
cifar20,resnet18,layer4_last,19,75.0,0.5,5,42,85.3400,85.2632,86.8000,80.1900,84.4000,0.2000,86.0421,0.0000,-1.6421,128,244,47.66,100.00,43,17.6849,1.949,NVIDIA L4,4875190
cifar20,resnet18,layer4_last,19,90.0,0.01,1,42,85.3400,85.2632,86.8000,83.1300,85.5684,36.8000,86.0421,0.0000,-0.4737,52,52,10.16,10.00,-1,16.7737,0.552,NVIDIA L4,4875190
cifar20,resnet18,layer4_last,19,90.0,0.01,10,42,85.3400,85.2632,86.8000,76.8500,80.8947,0.0000,86.0421,0.0000,-5.1474,52,375,73.24,100.00,37,16.7737,5.046,NVIDIA L4,4875190
cifar20,resnet18,layer4_last,19,90.0,0.01,20,42,85.3400,85.2632,86.8000,76.0600,80.0632,0.0000,86.0421,0.0000,-5.9789,52,405,79.10,100.00,52,16.7737,9.987,NVIDIA L4,4875190
cifar20,resnet18,layer4_last,19,90.0,0.01,5,42,85.3400,85.2632,86.8000,79.8100,84.0105,0.0000,86.0421,0.0000,-2.0316,52,251,49.02,50.00,3,16.7737,2.584,NVIDIA L4,4875190
cifar20,resnet18,layer4_last,19,90.0,0.03,1,42,85.3400,85.2632,86.8000,83.1400,85.5684,37.0000,86.0421,0.0000,-0.4737,52,52,10.16,10.00,-1,16.7737,0.512,NVIDIA L4,4875190
cifar20,resnet18,layer4_last,19,90.0,0.03,10,42,85.3400,85.2632,86.8000,78.3300,82.4526,0.0000,86.0421,0.0000,-3.5895,52,364,71.09,100.00,27,16.7737,5.257,NVIDIA L4,4875190
cifar20,resnet18,layer4_last,19,90.0,0.03,20,42,85.3400,85.2632,86.8000,76.1200,80.1263,0.0000,86.0421,0.0000,-5.9158,52,405,79.10,100.00,50,16.7737,9.662,NVIDIA L4,4875190
cifar20,resnet18,layer4_last,19,90.0,0.03,5,42,85.3400,85.2632,86.8000,79.7800,83.9789,0.0000,86.0421,0.0000,-2.0632,52,250,48.83,50.00,3,16.7737,3.043,NVIDIA L4,4875190
cifar20,resnet18,layer4_last,19,90.0,0.1,1,42,85.3400,85.2632,86.8000,83.1700,85.5684,37.6000,86.0421,0.0000,-0.4737,52,52,10.16,10.00,-1,15.8626,0.466,NVIDIA L4,4875190
cifar20,resnet18,layer4_last,19,90.0,0.1,10,42,85.3400,85.2632,86.8000,79.5400,83.7263,0.0000,86.0421,0.0000,-2.3158,52,322,62.89,100.00,16,15.8626,4.725,NVIDIA L4,4875190
cifar20,resnet18,layer4_last,19,90.0,0.1,20,42,85.3400,85.2632,86.8000,76.6600,80.6947,0.0000,86.0421,0.0000,-5.3474,52,383,74.80,100.00,42,15.8626,9.374,NVIDIA L4,4875190
cifar20,resnet18,layer4_last,19,90.0,0.1,5,42,85.3400,85.2632,86.8000,80.1300,84.3368,0.2000,86.0421,0.0000,-1.7053,52,237,46.29,50.00,5,15.8626,2.273,NVIDIA L4,4875190
cifar20,resnet18,layer4_last,19,90.0,0.3,1,42,85.3400,85.2632,86.8000,83.5100,85.5474,44.8000,86.0421,0.0000,-0.4947,52,52,10.16,10.00,-1,14.4544,0.516,NVIDIA L4,4875190
cifar20,resnet18,layer4_last,19,90.0,0.3,10,42,85.3400,85.2632,86.8000,79.8000,83.9895,0.2000,86.0421,0.0000,-2.0526,52,260,50.78,100.00,22,14.4544,5.685,NVIDIA L4,4875190
cifar20,resnet18,layer4_last,19,90.0,0.3,20,42,85.3400,85.2632,86.8000,79.1200,83.2842,0.0000,86.0421,0.0000,-2.7579,52,349,68.16,100.00,32,14.4544,10.148,NVIDIA L4,4875190
cifar20,resnet18,layer4_last,19,90.0,0.3,5,42,85.3400,85.2632,86.8000,80.4500,84.6632,0.4000,86.0421,0.0000,-1.3789,52,171,33.40,50.00,2,14.4544,2.831,NVIDIA L4,4875190
cifar20,resnet18,layer4_last,19,90.0,0.5,1,42,85.3400,85.2632,86.8000,84.2000,85.4842,59.8000,86.0421,0.0000,-0.5579,52,52,10.16,10.00,-1,12.1765,0.324,NVIDIA L4,4875190
cifar20,resnet18,layer4_last,19,90.0,0.5,10,42,85.3400,85.2632,86.8000,80.4000,84.6105,0.4000,86.0421,0.0000,-1.4316,52,208,40.62,100.00,8,12.1765,4.453,NVIDIA L4,4875190
cifar20,resnet18,layer4_last,19,90.0,0.5,20,42,85.3400,85.2632,86.8000,79.7800,83.9684,0.2000,86.0421,0.0000,-2.0737,52,294,57.42,100.00,21,12.1765,9.203,NVIDIA L4,4875190
cifar20,resnet18,layer4_last,19,90.0,0.5,5,42,85.3400,85.2632,86.8000,80.6800,84.7684,3.0000,86.0421,0.0000,-1.2737,52,148,28.91,50.00,3,12.1765,2.192,NVIDIA L4,4875190
cifar20,resnet18,layer4_last,19,95.0,0.01,1,42,85.3400,85.2632,86.8000,84.5900,85.6316,64.8000,86.0421,0.0000,-0.4105,26,26,5.08,5.00,-1,14.4130,0.346,NVIDIA L4,4875190
cifar20,resnet18,layer4_last,19,95.0,0.01,10,42,85.3400,85.2632,86.8000,79.6400,83.8316,0.0000,86.0421,0.0000,-2.2105,26,247,48.24,50.00,4,14.4130,5.134,NVIDIA L4,4875190
cifar20,resnet18,layer4_last,19,95.0,0.01,20,42,85.3400,85.2632,86.8000,79.0000,83.1579,0.0000,86.0421,0.0000,-2.8842,26,348,67.97,100.00,19,14.4130,10.250,NVIDIA L4,4875190
cifar20,resnet18,layer4_last,19,95.0,0.01,5,42,85.3400,85.2632,86.8000,80.4200,84.6526,0.0000,86.0421,0.0000,-1.3895,26,130,25.39,25.00,0,14.4130,2.596,NVIDIA L4,4875190
cifar20,resnet18,layer4_last,19,95.0,0.03,1,42,85.3400,85.2632,86.8000,84.5900,85.6211,65.0000,86.0421,0.0000,-0.4211,26,26,5.08,5.00,-1,14.0402,0.329,NVIDIA L4,4875190
cifar20,resnet18,layer4_last,19,95.0,0.03,10,42,85.3400,85.2632,86.8000,79.7900,83.9895,0.0000,86.0421,0.0000,-2.0526,26,244,47.66,50.00,4,14.0402,4.263,NVIDIA L4,4875190
cifar20,resnet18,layer4_last,19,95.0,0.03,20,42,85.3400,85.2632,86.8000,79.3000,83.4737,0.0000,86.0421,0.0000,-2.5684,26,339,66.21,100.00,18,14.0402,9.013,NVIDIA L4,4875190
cifar20,resnet18,layer4_last,19,95.0,0.03,5,42,85.3400,85.2632,86.8000,80.4300,84.6632,0.0000,86.0421,0.0000,-1.3789,26,130,25.39,25.00,0,14.0402,2.100,NVIDIA L4,4875190
cifar20,resnet18,layer4_last,19,95.0,0.1,1,42,85.3400,85.2632,86.8000,84.6000,85.6211,65.2000,86.0421,0.0000,-0.4211,26,26,5.08,5.00,-1,12.7977,0.312,NVIDIA L4,4875190
cifar20,resnet18,layer4_last,19,95.0,0.1,10,42,85.3400,85.2632,86.8000,80.2400,84.4526,0.2000,86.0421,0.0000,-1.5895,26,233,45.51,50.00,3,12.7977,5.043,NVIDIA L4,4875190
cifar20,resnet18,layer4_last,19,95.0,0.1,20,42,85.3400,85.2632,86.8000,79.5300,83.7158,0.0000,86.0421,0.0000,-2.3263,26,309,60.35,100.00,9,12.7977,10.079,NVIDIA L4,4875190
cifar20,resnet18,layer4_last,19,95.0,0.1,5,42,85.3400,85.2632,86.8000,80.4500,84.6842,0.0000,86.0421,0.0000,-1.3579,26,130,25.39,25.00,0,12.7977,2.376,NVIDIA L4,4875190
cifar20,resnet18,layer4_last,19,95.0,0.3,1,42,85.3400,85.2632,86.8000,84.7000,85.6421,66.8000,86.0421,0.0000,-0.4000,26,26,5.08,5.00,-1,10.4370,0.324,NVIDIA L4,4875190
cifar20,resnet18,layer4_last,19,95.0,0.3,10,42,85.3400,85.2632,86.8000,80.4600,84.6737,0.4000,86.0421,0.0000,-1.3684,26,171,33.40,50.00,1,10.4370,4.809,NVIDIA L4,4875190
cifar20,resnet18,layer4_last,19,95.0,0.3,20,42,85.3400,85.2632,86.8000,79.9900,84.1895,0.2000,86.0421,0.0000,-1.8526,26,252,49.22,100.00,12,10.4370,9.540,NVIDIA L4,4875190
cifar20,resnet18,layer4_last,19,95.0,0.3,5,42,85.3400,85.2632,86.8000,80.9100,84.7684,7.6000,86.0421,0.0000,-1.2737,26,128,25.00,25.00,0,10.4370,2.193,NVIDIA L4,4875190
cifar20,resnet18,layer4_last,19,95.0,0.5,1,42,85.3400,85.2632,86.8000,84.9700,85.6421,72.2000,86.0421,0.0000,-0.4000,26,26,5.08,5.00,-1,8.4904,0.633,NVIDIA L4,4875190
cifar20,resnet18,layer4_last,19,95.0,0.5,10,42,85.3400,85.2632,86.8000,80.6600,84.7474,3.0000,86.0421,0.0000,-1.2947,26,147,28.71,50.00,1,8.4904,4.646,NVIDIA L4,4875190
cifar20,resnet18,layer4_last,19,95.0,0.5,20,42,85.3400,85.2632,86.8000,80.5400,84.7579,0.4000,86.0421,0.0000,-1.2842,26,205,40.04,100.00,5,8.4904,9.605,NVIDIA L4,4875190
cifar20,resnet18,layer4_last,19,95.0,0.5,5,42,85.3400,85.2632,86.8000,82.2700,85.2421,25.8000,86.0421,0.0000,-0.8000,26,110,21.48,25.00,0,8.4904,2.206,NVIDIA L4,4875190
cifar20,resnet18,layer4_last,19,99.0,0.01,1,42,85.3400,85.2632,86.8000,85.2800,85.5368,80.4000,86.0421,0.0000,-0.5053,6,6,1.17,1.00,-1,4.9700,0.416,NVIDIA L4,4875190
cifar20,resnet18,layer4_last,19,99.0,0.01,10,42,85.3400,85.2632,86.8000,82.7600,85.6105,28.6000,86.0421,0.0000,-0.4316,6,60,11.72,10.00,0,4.9700,4.988,NVIDIA L4,4875190
cifar20,resnet18,layer4_last,19,99.0,0.01,20,42,85.3400,85.2632,86.8000,80.5100,84.7474,0.0000,86.0421,0.0000,-1.2947,6,120,23.44,20.00,0,4.9700,10.680,NVIDIA L4,4875190
cifar20,resnet18,layer4_last,19,99.0,0.01,5,42,85.3400,85.2632,86.8000,84.3800,85.6000,61.2000,86.0421,0.0000,-0.4421,6,30,5.86,5.00,0,4.9700,2.445,NVIDIA L4,4875190
cifar20,resnet18,layer4_last,19,99.0,0.03,1,42,85.3400,85.2632,86.8000,85.2800,85.5368,80.4000,86.0421,0.0000,-0.5053,6,6,1.17,1.00,-1,4.9700,0.354,NVIDIA L4,4875190
cifar20,resnet18,layer4_last,19,99.0,0.03,10,42,85.3400,85.2632,86.8000,82.7700,85.6000,29.0000,86.0421,0.0000,-0.4421,6,60,11.72,10.00,0,4.9700,5.112,NVIDIA L4,4875190
cifar20,resnet18,layer4_last,19,99.0,0.03,20,42,85.3400,85.2632,86.8000,80.5100,84.7474,0.0000,86.0421,0.0000,-1.2947,6,120,23.44,20.00,0,4.9700,10.138,NVIDIA L4,4875190
cifar20,resnet18,layer4_last,19,99.0,0.03,5,42,85.3400,85.2632,86.8000,84.3900,85.6000,61.4000,86.0421,0.0000,-0.4421,6,30,5.86,5.00,0,4.9700,2.434,NVIDIA L4,4875190
cifar20,resnet18,layer4_last,19,99.0,0.1,1,42,85.3400,85.2632,86.8000,85.2700,85.5263,80.4000,86.0421,0.0000,-0.5158,6,6,1.17,1.00,-1,4.9700,0.386,NVIDIA L4,4875190
cifar20,resnet18,layer4_last,19,99.0,0.1,10,42,85.3400,85.2632,86.8000,82.8400,85.6000,30.4000,86.0421,0.0000,-0.4421,6,60,11.72,10.00,0,4.9700,4.674,NVIDIA L4,4875190
cifar20,resnet18,layer4_last,19,99.0,0.1,20,42,85.3400,85.2632,86.8000,80.5200,84.7579,0.0000,86.0421,0.0000,-1.2842,6,120,23.44,20.00,0,4.9700,10.476,NVIDIA L4,4875190
cifar20,resnet18,layer4_last,19,99.0,0.1,5,42,85.3400,85.2632,86.8000,84.4000,85.6000,61.6000,86.0421,0.0000,-0.4421,6,30,5.86,5.00,0,4.9700,1.824,NVIDIA L4,4875190
cifar20,resnet18,layer4_last,19,99.0,0.3,1,42,85.3400,85.2632,86.8000,85.3100,85.5263,81.2000,86.0421,0.0000,-0.5158,6,6,1.17,1.00,-1,4.9700,0.495,NVIDIA L4,4875190
cifar20,resnet18,layer4_last,19,99.0,0.3,10,42,85.3400,85.2632,86.8000,83.3100,85.5789,40.2000,86.0421,0.0000,-0.4632,6,60,11.72,10.00,0,4.9700,4.991,NVIDIA L4,4875190
cifar20,resnet18,layer4_last,19,99.0,0.3,20,42,85.3400,85.2632,86.8000,81.1100,84.9053,9.0000,86.0421,0.0000,-1.1368,6,120,23.44,20.00,0,4.9700,9.608,NVIDIA L4,4875190
cifar20,resnet18,layer4_last,19,99.0,0.3,5,42,85.3400,85.2632,86.8000,84.5200,85.5895,64.2000,86.0421,0.0000,-0.4526,6,30,5.86,5.00,0,4.9700,2.447,NVIDIA L4,4875190
cifar20,resnet18,layer4_last,19,99.0,0.5,1,42,85.3400,85.2632,86.8000,85.3500,85.4947,82.6000,86.0421,0.0000,-0.5474,6,6,1.17,1.00,-1,4.3902,0.399,NVIDIA L4,4875190
cifar20,resnet18,layer4_last,19,99.0,0.5,10,42,85.3400,85.2632,86.8000,84.0600,85.5684,55.4000,86.0421,0.0000,-0.4737,6,60,11.72,10.00,0,4.3902,4.511,NVIDIA L4,4875190
cifar20,resnet18,layer4_last,19,99.0,0.5,20,42,85.3400,85.2632,86.8000,82.4900,85.2632,29.8000,86.0421,0.0000,-0.7789,6,106,20.70,20.00,0,4.3902,9.027,NVIDIA L4,4875190
cifar20,resnet18,layer4_last,19,99.0,0.5,5,42,85.3400,85.2632,86.8000,84.8300,85.6316,69.6000,86.0421,0.0000,-0.4105,6,30,5.86,5.00,0,4.3902,2.588,NVIDIA L4,4875190
cifar20,resnet18,layer4_last,3,50.0,0.01,1,42,85.3400,85.3263,85.6000,79.2300,83.4000,0.0000,85.9053,0.0000,-2.5053,256,256,50.00,50.00,-1,21.2053,0.589,NVIDIA L4,4875190
cifar20,resnet18,layer4_last,3,50.0,0.01,10,42,85.3400,85.3263,85.6000,8.7700,9.2316,0.0000,85.9053,0.0000,-76.6737,256,511,99.80,100.00,250,21.2053,4.690,NVIDIA L4,4875190
cifar20,resnet18,layer4_last,3,50.0,0.01,20,42,85.3400,85.3263,85.6000,5.0000,5.2632,0.0000,85.9053,0.0000,-80.6421,256,512,100.00,100.00,256,21.2053,9.924,NVIDIA L4,4875190
cifar20,resnet18,layer4_last,3,50.0,0.01,5,42,85.3400,85.3263,85.6000,16.6400,17.5158,0.0000,85.9053,0.0000,-68.3895,256,508,99.22,100.00,224,21.2053,2.546,NVIDIA L4,4875190
cifar20,resnet18,layer4_last,3,50.0,0.03,1,42,85.3400,85.3263,85.6000,79.2300,83.4000,0.0000,85.9053,0.0000,-2.5053,256,256,50.00,50.00,-1,21.2053,0.435,NVIDIA L4,4875190
cifar20,resnet18,layer4_last,3,50.0,0.03,10,42,85.3400,85.3263,85.6000,12.7500,13.4211,0.0000,85.9053,0.0000,-72.4842,256,510,99.61,100.00,245,21.2053,4.784,NVIDIA L4,4875190
cifar20,resnet18,layer4_last,3,50.0,0.03,20,42,85.3400,85.3263,85.6000,5.0200,5.2842,0.0000,85.9053,0.0000,-80.6211,256,512,100.00,100.00,256,21.2053,10.206,NVIDIA L4,4875190
cifar20,resnet18,layer4_last,3,50.0,0.03,5,42,85.3400,85.3263,85.6000,31.2700,32.9158,0.0000,85.9053,0.0000,-52.9895,256,505,98.63,100.00,174,21.2053,2.313,NVIDIA L4,4875190
cifar20,resnet18,layer4_last,3,50.0,0.1,1,42,85.3400,85.3263,85.6000,79.2800,83.4526,0.0000,85.9053,0.0000,-2.4526,256,256,50.00,50.00,-1,21.2053,0.593,NVIDIA L4,4875190
cifar20,resnet18,layer4_last,3,50.0,0.1,10,42,85.3400,85.3263,85.6000,13.0700,13.7579,0.0000,85.9053,0.0000,-72.1474,256,510,99.61,100.00,240,21.2053,5.239,NVIDIA L4,4875190
cifar20,resnet18,layer4_last,3,50.0,0.1,20,42,85.3400,85.3263,85.6000,5.0200,5.2842,0.0000,85.9053,0.0000,-80.6211,256,512,100.00,100.00,252,21.2053,9.876,NVIDIA L4,4875190
cifar20,resnet18,layer4_last,3,50.0,0.1,5,42,85.3400,85.3263,85.6000,55.4500,58.3684,0.0000,85.9053,0.0000,-27.5368,256,489,95.51,100.00,167,21.2053,2.357,NVIDIA L4,4875190
cifar20,resnet18,layer4_last,3,50.0,0.3,1,42,85.3400,85.3263,85.6000,80.3600,83.8316,14.4000,85.9053,0.0000,-2.0737,256,256,50.00,50.00,-1,21.1225,0.427,NVIDIA L4,4875190
cifar20,resnet18,layer4_last,3,50.0,0.3,10,42,85.3400,85.3263,85.6000,44.8400,47.2000,0.0000,85.9053,0.0000,-38.7053,256,501,97.85,100.00,197,21.1225,4.322,NVIDIA L4,4875190
cifar20,resnet18,layer4_last,3,50.0,0.3,20,42,85.3400,85.3263,85.6000,20.5700,21.6526,0.0000,85.9053,0.0000,-64.2526,256,510,99.61,100.00,245,21.1225,9.298,NVIDIA L4,4875190
cifar20,resnet18,layer4_last,3,50.0,0.3,5,42,85.3400,85.3263,85.6000,71.0100,74.7474,0.0000,85.9053,0.0000,-11.1579,256,431,84.18,100.00,163,21.1225,2.124,NVIDIA L4,4875190
cifar20,resnet18,layer4_last,3,50.0,0.5,1,42,85.3400,85.3263,85.6000,82.9100,84.6842,49.2000,85.9053,0.0000,-1.2211,256,256,50.00,50.00,-1,21.0396,3.151,NVIDIA L4,4875190
cifar20,resnet18,layer4_last,3,50.0,0.5,10,42,85.3400,85.3263,85.6000,65.2600,68.6947,0.0000,85.9053,0.0000,-17.2105,256,462,90.23,100.00,182,21.0396,6.873,NVIDIA L4,4875190
cifar20,resnet18,layer4_last,3,50.0,0.5,20,42,85.3400,85.3263,85.6000,29.3000,30.8421,0.0000,85.9053,0.0000,-55.0632,256,508,99.22,100.00,208,21.0396,10.993,NVIDIA L4,4875190
cifar20,resnet18,layer4_last,3,50.0,0.5,5,42,85.3400,85.3263,85.6000,76.7200,80.7579,0.0000,85.9053,0.0000,-5.1474,256,365,71.29,100.00,164,21.0396,4.801,NVIDIA L4,4875190
cifar20,resnet18,layer4_last,3,75.0,0.01,1,42,85.3400,85.3263,85.6000,80.9000,85.1579,0.0000,85.9053,0.0000,-0.7474,128,128,25.00,25.00,-1,20.0871,0.516,NVIDIA L4,4875190
cifar20,resnet18,layer4_last,3,75.0,0.01,10,42,85.3400,85.3263,85.6000,61.0900,64.3053,0.0000,85.9053,0.0000,-21.6000,128,481,93.95,100.00,117,20.0871,4.587,NVIDIA L4,4875190
cifar20,resnet18,layer4_last,3,75.0,0.01,20,42,85.3400,85.3263,85.6000,56.3300,59.2947,0.0000,85.9053,0.0000,-26.6105,128,485,94.73,100.00,128,20.0871,9.068,NVIDIA L4,4875190
cifar20,resnet18,layer4_last,3,75.0,0.01,5,42,85.3400,85.3263,85.6000,67.9000,71.4737,0.0000,85.9053,0.0000,-14.4316,128,449,87.70,100.00,68,20.0871,2.342,NVIDIA L4,4875190
cifar20,resnet18,layer4_last,3,75.0,0.03,1,42,85.3400,85.3263,85.6000,80.9000,85.1579,0.0000,85.9053,0.0000,-0.7474,128,128,25.00,25.00,-1,20.0871,0.507,NVIDIA L4,4875190
cifar20,resnet18,layer4_last,3,75.0,0.03,10,42,85.3400,85.3263,85.6000,56.0900,59.0421,0.0000,85.9053,0.0000,-26.8632,128,476,92.97,100.00,109,20.0871,5.132,NVIDIA L4,4875190
cifar20,resnet18,layer4_last,3,75.0,0.03,20,42,85.3400,85.3263,85.6000,57.2300,60.2421,0.0000,85.9053,0.0000,-25.6632,128,485,94.73,100.00,127,20.0871,10.124,NVIDIA L4,4875190
cifar20,resnet18,layer4_last,3,75.0,0.03,5,42,85.3400,85.3263,85.6000,71.1800,74.9263,0.0000,85.9053,0.0000,-10.9789,128,427,83.40,100.00,65,20.0871,2.749,NVIDIA L4,4875190
cifar20,resnet18,layer4_last,3,75.0,0.1,1,42,85.3400,85.3263,85.6000,80.9100,85.1684,0.0000,85.9053,0.0000,-0.7368,128,128,25.00,25.00,-1,20.0042,0.340,NVIDIA L4,4875190
cifar20,resnet18,layer4_last,3,75.0,0.1,10,42,85.3400,85.3263,85.6000,67.4300,70.9789,0.0000,85.9053,0.0000,-14.9263,128,453,88.48,100.00,94,20.0042,4.429,NVIDIA L4,4875190
cifar20,resnet18,layer4_last,3,75.0,0.1,20,42,85.3400,85.3263,85.6000,57.6700,60.7053,0.0000,85.9053,0.0000,-25.2000,128,483,94.34,100.00,122,20.0042,9.057,NVIDIA L4,4875190
cifar20,resnet18,layer4_last,3,75.0,0.1,5,42,85.3400,85.3263,85.6000,76.0700,80.0737,0.0000,85.9053,0.0000,-5.8316,128,366,71.48,100.00,36,20.0042,2.207,NVIDIA L4,4875190
cifar20,resnet18,layer4_last,3,75.0,0.3,1,42,85.3400,85.3263,85.6000,81.1200,85.2421,2.8000,85.9053,0.0000,-0.6632,128,128,25.00,25.00,-1,19.3001,0.317,NVIDIA L4,4875190
cifar20,resnet18,layer4_last,3,75.0,0.3,10,42,85.3400,85.3263,85.6000,74.0000,77.8947,0.0000,85.9053,0.0000,-8.0105,128,395,77.15,100.00,76,19.3001,5.151,NVIDIA L4,4875190
cifar20,resnet18,layer4_last,3,75.0,0.3,20,42,85.3400,85.3263,85.6000,62.7200,66.0211,0.0000,85.9053,0.0000,-19.8842,128,466,91.02,100.00,110,19.3001,10.244,NVIDIA L4,4875190
cifar20,resnet18,layer4_last,3,75.0,0.3,5,42,85.3400,85.3263,85.6000,77.8800,81.9789,0.0000,85.9053,0.0000,-3.9263,128,304,59.38,100.00,53,19.3001,2.761,NVIDIA L4,4875190
cifar20,resnet18,layer4_last,3,75.0,0.5,1,42,85.3400,85.3263,85.6000,82.7300,85.4105,31.8000,85.9053,0.0000,-0.4947,128,128,25.00,25.00,-1,17.7677,0.585,NVIDIA L4,4875190
cifar20,resnet18,layer4_last,3,75.0,0.5,10,42,85.3400,85.3263,85.6000,77.5600,81.6421,0.0000,85.9053,0.0000,-4.2632,128,337,65.82,100.00,55,17.7677,4.997,NVIDIA L4,4875190
cifar20,resnet18,layer4_last,3,75.0,0.5,20,42,85.3400,85.3263,85.6000,71.9800,75.7684,0.0000,85.9053,0.0000,-10.1368,128,429,83.79,100.00,89,17.7677,9.248,NVIDIA L4,4875190
cifar20,resnet18,layer4_last,3,75.0,0.5,5,42,85.3400,85.3263,85.6000,80.0400,84.2526,0.0000,85.9053,0.0000,-1.6526,128,236,46.09,100.00,50,17.7677,2.574,NVIDIA L4,4875190
cifar20,resnet18,layer4_last,3,90.0,0.01,1,42,85.3400,85.3263,85.6000,82.2100,85.6526,16.8000,85.9053,0.0000,-0.2526,52,52,10.16,10.00,-1,16.9394,0.447,NVIDIA L4,4875190
cifar20,resnet18,layer4_last,3,90.0,0.01,10,42,85.3400,85.3263,85.6000,76.3800,80.4000,0.0000,85.9053,0.0000,-5.5053,52,376,73.44,100.00,34,16.9394,4.641,NVIDIA L4,4875190
cifar20,resnet18,layer4_last,3,90.0,0.01,20,42,85.3400,85.3263,85.6000,71.9500,75.7368,0.0000,85.9053,0.0000,-10.1684,52,409,79.88,100.00,50,16.9394,9.481,NVIDIA L4,4875190
cifar20,resnet18,layer4_last,3,90.0,0.01,5,42,85.3400,85.3263,85.6000,79.4100,83.5895,0.0000,85.9053,0.0000,-2.3158,52,252,49.22,50.00,1,16.9394,2.580,NVIDIA L4,4875190
cifar20,resnet18,layer4_last,3,90.0,0.03,1,42,85.3400,85.3263,85.6000,82.2200,85.6526,17.0000,85.9053,0.0000,-0.2526,52,52,10.16,10.00,-1,16.7323,0.376,NVIDIA L4,4875190
cifar20,resnet18,layer4_last,3,90.0,0.03,10,42,85.3400,85.3263,85.6000,75.9600,79.9579,0.0000,85.9053,0.0000,-5.9474,52,366,71.48,100.00,26,16.7323,4.233,NVIDIA L4,4875190
cifar20,resnet18,layer4_last,3,90.0,0.03,20,42,85.3400,85.3263,85.6000,72.2300,76.0316,0.0000,85.9053,0.0000,-9.8737,52,404,78.91,100.00,49,16.7323,9.071,NVIDIA L4,4875190
cifar20,resnet18,layer4_last,3,90.0,0.03,5,42,85.3400,85.3263,85.6000,79.7200,83.9158,0.0000,85.9053,0.0000,-1.9895,52,248,48.44,50.00,2,16.7323,2.262,NVIDIA L4,4875190
cifar20,resnet18,layer4_last,3,90.0,0.1,1,42,85.3400,85.3263,85.6000,82.3200,85.6526,19.0000,85.9053,0.0000,-0.2526,52,52,10.16,10.00,-1,15.9868,0.414,NVIDIA L4,4875190
cifar20,resnet18,layer4_last,3,90.0,0.1,10,42,85.3400,85.3263,85.6000,77.1000,81.1579,0.0000,85.9053,0.0000,-4.7474,52,322,62.89,100.00,17,15.9868,4.461,NVIDIA L4,4875190
cifar20,resnet18,layer4_last,3,90.0,0.1,20,42,85.3400,85.3263,85.6000,76.1300,80.1368,0.0000,85.9053,0.0000,-5.7684,52,386,75.39,100.00,37,15.9868,8.781,NVIDIA L4,4875190
cifar20,resnet18,layer4_last,3,90.0,0.1,5,42,85.3400,85.3263,85.6000,79.7800,83.9789,0.0000,85.9053,0.0000,-1.9263,52,232,45.31,50.00,3,15.9868,2.054,NVIDIA L4,4875190
cifar20,resnet18,layer4_last,3,90.0,0.3,1,42,85.3400,85.3263,85.6000,82.8200,85.6316,29.4000,85.9053,0.0000,-0.2737,52,52,10.16,10.00,-1,14.3716,0.404,NVIDIA L4,4875190
cifar20,resnet18,layer4_last,3,90.0,0.3,10,42,85.3400,85.3263,85.6000,79.3600,83.5368,0.0000,85.9053,0.0000,-2.3684,52,254,49.61,100.00,16,14.3716,5.009,NVIDIA L4,4875190
cifar20,resnet18,layer4_last,3,90.0,0.3,20,42,85.3400,85.3263,85.6000,76.7500,80.7895,0.0000,85.9053,0.0000,-5.1158,52,347,67.77,100.00,29,14.3716,9.793,NVIDIA L4,4875190
cifar20,resnet18,layer4_last,3,90.0,0.3,5,42,85.3400,85.3263,85.6000,80.6400,84.8842,0.0000,85.9053,0.0000,-1.0211,52,175,34.18,50.00,2,14.3716,2.513,NVIDIA L4,4875190
cifar20,resnet18,layer4_last,3,90.0,0.5,1,42,85.3400,85.3263,85.6000,83.9100,85.6737,50.4000,85.9053,0.0000,-0.2316,52,52,10.16,10.00,-1,12.1351,0.447,NVIDIA L4,4875190
cifar20,resnet18,layer4_last,3,90.0,0.5,10,42,85.3400,85.3263,85.6000,80.0800,84.2947,0.0000,85.9053,0.0000,-1.6105,52,207,40.43,100.00,15,12.1351,4.721,NVIDIA L4,4875190
cifar20,resnet18,layer4_last,3,90.0,0.5,20,42,85.3400,85.3263,85.6000,78.3300,82.4526,0.0000,85.9053,0.0000,-3.4526,52,293,57.23,100.00,28,12.1351,9.656,NVIDIA L4,4875190
cifar20,resnet18,layer4_last,3,90.0,0.5,5,42,85.3400,85.3263,85.6000,80.9200,85.1684,0.2000,85.9053,0.0000,-0.7368,52,145,28.32,50.00,3,12.1351,2.607,NVIDIA L4,4875190
cifar20,resnet18,layer4_last,3,95.0,0.01,1,42,85.3400,85.3263,85.6000,84.1500,85.7789,53.2000,85.9053,0.0000,-0.1263,26,26,5.08,5.00,-1,14.1645,0.770,NVIDIA L4,4875190
cifar20,resnet18,layer4_last,3,95.0,0.01,10,42,85.3400,85.3263,85.6000,79.7100,83.9053,0.0000,85.9053,0.0000,-2.0000,26,248,48.44,50.00,4,14.1645,4.887,NVIDIA L4,4875190
cifar20,resnet18,layer4_last,3,95.0,0.01,20,42,85.3400,85.3263,85.6000,76.6600,80.6947,0.0000,85.9053,0.0000,-5.2105,26,342,66.80,100.00,21,14.1645,9.737,NVIDIA L4,4875190
cifar20,resnet18,layer4_last,3,95.0,0.01,5,42,85.3400,85.3263,85.6000,80.8700,85.1263,0.0000,85.9053,0.0000,-0.7789,26,130,25.39,25.00,0,14.1645,2.977,NVIDIA L4,4875190
cifar20,resnet18,layer4_last,3,95.0,0.03,1,42,85.3400,85.3263,85.6000,84.1600,85.7895,53.2000,85.9053,0.0000,-0.1158,26,26,5.08,5.00,-1,13.9574,0.383,NVIDIA L4,4875190
cifar20,resnet18,layer4_last,3,95.0,0.03,10,42,85.3400,85.3263,85.6000,79.5200,83.7053,0.0000,85.9053,0.0000,-2.2000,26,244,47.66,50.00,5,13.9574,5.272,NVIDIA L4,4875190
cifar20,resnet18,layer4_last,3,95.0,0.03,20,42,85.3400,85.3263,85.6000,77.0100,81.0632,0.0000,85.9053,0.0000,-4.8421,26,337,65.82,100.00,17,13.9574,10.302,NVIDIA L4,4875190
cifar20,resnet18,layer4_last,3,95.0,0.03,5,42,85.3400,85.3263,85.6000,80.8800,85.1368,0.0000,85.9053,0.0000,-0.7684,26,130,25.39,25.00,0,13.9574,2.959,NVIDIA L4,4875190
cifar20,resnet18,layer4_last,3,95.0,0.1,1,42,85.3400,85.3263,85.6000,84.1800,85.7895,53.6000,85.9053,0.0000,-0.1158,26,26,5.08,5.00,-1,12.6321,0.500,NVIDIA L4,4875190
cifar20,resnet18,layer4_last,3,95.0,0.1,10,42,85.3400,85.3263,85.6000,79.7500,83.9474,0.0000,85.9053,0.0000,-1.9579,26,230,44.92,50.00,3,12.6321,4.311,NVIDIA L4,4875190
cifar20,resnet18,layer4_last,3,95.0,0.1,20,42,85.3400,85.3263,85.6000,77.5500,81.6316,0.0000,85.9053,0.0000,-4.2737,26,305,59.57,100.00,12,12.6321,8.518,NVIDIA L4,4875190
cifar20,resnet18,layer4_last,3,95.0,0.1,5,42,85.3400,85.3263,85.6000,80.8600,85.1158,0.0000,85.9053,0.0000,-0.7895,26,130,25.39,25.00,0,12.6321,2.377,NVIDIA L4,4875190
cifar20,resnet18,layer4_last,3,95.0,0.3,1,42,85.3400,85.3263,85.6000,84.4100,85.7789,58.4000,85.9053,0.0000,-0.1263,26,26,5.08,5.00,-1,10.2299,0.572,NVIDIA L4,4875190
cifar20,resnet18,layer4_last,3,95.0,0.3,10,42,85.3400,85.3263,85.6000,80.6700,84.9158,0.0000,85.9053,0.0000,-0.9895,26,173,33.79,50.00,1,10.2299,4.555,NVIDIA L4,4875190
cifar20,resnet18,layer4_last,3,95.0,0.3,20,42,85.3400,85.3263,85.6000,79.8400,84.0421,0.0000,85.9053,0.0000,-1.8632,26,247,48.24,100.00,9,10.2299,10.329,NVIDIA L4,4875190
cifar20,resnet18,layer4_last,3,95.0,0.3,5,42,85.3400,85.3263,85.6000,81.0500,85.2316,1.6000,85.9053,0.0000,-0.6737,26,125,24.41,25.00,1,10.2299,2.354,NVIDIA L4,4875190
cifar20,resnet18,layer4_last,3,95.0,0.5,1,42,85.3400,85.3263,85.6000,84.6100,85.7263,63.4000,85.9053,0.0000,-0.1789,26,26,5.08,5.00,-1,8.4904,0.499,NVIDIA L4,4875190
cifar20,resnet18,layer4_last,3,95.0,0.5,10,42,85.3400,85.3263,85.6000,80.9400,85.1895,0.2000,85.9053,0.0000,-0.7158,26,144,28.12,50.00,2,8.4904,4.570,NVIDIA L4,4875190
cifar20,resnet18,layer4_last,3,95.0,0.5,20,42,85.3400,85.3263,85.6000,80.2700,84.4947,0.0000,85.9053,0.0000,-1.4105,26,205,40.04,100.00,4,8.4904,9.536,NVIDIA L4,4875190
cifar20,resnet18,layer4_last,3,95.0,0.5,5,42,85.3400,85.3263,85.6000,81.8100,85.4737,12.2000,85.9053,0.0000,-0.4316,26,106,20.70,25.00,0,8.4904,2.152,NVIDIA L4,4875190
cifar20,resnet18,layer4_last,3,99.0,0.01,1,42,85.3400,85.3263,85.6000,85.1200,85.4737,78.4000,85.9053,0.0000,-0.4316,6,6,1.17,1.00,-1,4.9700,0.382,NVIDIA L4,4875190
cifar20,resnet18,layer4_last,3,99.0,0.01,10,42,85.3400,85.3263,85.6000,81.7400,85.5053,10.2000,85.9053,0.0000,-0.4000,6,60,11.72,10.00,0,4.9700,4.822,NVIDIA L4,4875190
cifar20,resnet18,layer4_last,3,99.0,0.01,20,42,85.3400,85.3263,85.6000,81.0100,85.2737,0.0000,85.9053,0.0000,-0.6316,6,120,23.44,20.00,0,4.9700,9.613,NVIDIA L4,4875190
cifar20,resnet18,layer4_last,3,99.0,0.01,5,42,85.3400,85.3263,85.6000,83.8700,85.7789,47.6000,85.9053,0.0000,-0.1263,6,30,5.86,5.00,0,4.9700,2.470,NVIDIA L4,4875190
cifar20,resnet18,layer4_last,3,99.0,0.03,1,42,85.3400,85.3263,85.6000,85.1200,85.4737,78.4000,85.9053,0.0000,-0.4316,6,6,1.17,1.00,-1,4.9700,0.330,NVIDIA L4,4875190
cifar20,resnet18,layer4_last,3,99.0,0.03,10,42,85.3400,85.3263,85.6000,81.7700,85.5053,10.8000,85.9053,0.0000,-0.4000,6,60,11.72,10.00,0,4.9700,4.681,NVIDIA L4,4875190
cifar20,resnet18,layer4_last,3,99.0,0.03,20,42,85.3400,85.3263,85.6000,81.0200,85.2842,0.0000,85.9053,0.0000,-0.6211,6,120,23.44,20.00,0,4.9700,10.872,NVIDIA L4,4875190
cifar20,resnet18,layer4_last,3,99.0,0.03,5,42,85.3400,85.3263,85.6000,83.8800,85.7895,47.6000,85.9053,0.0000,-0.1158,6,30,5.86,5.00,0,4.9700,2.071,NVIDIA L4,4875190
cifar20,resnet18,layer4_last,3,99.0,0.1,1,42,85.3400,85.3263,85.6000,85.1300,85.4737,78.6000,85.9053,0.0000,-0.4316,6,6,1.17,1.00,-1,4.9700,0.343,NVIDIA L4,4875190
cifar20,resnet18,layer4_last,3,99.0,0.1,10,42,85.3400,85.3263,85.6000,81.8000,85.4947,11.6000,85.9053,0.0000,-0.4105,6,60,11.72,10.00,0,4.9700,4.202,NVIDIA L4,4875190
cifar20,resnet18,layer4_last,3,99.0,0.1,20,42,85.3400,85.3263,85.6000,81.0100,85.2737,0.0000,85.9053,0.0000,-0.6316,6,120,23.44,20.00,0,4.9700,8.696,NVIDIA L4,4875190
cifar20,resnet18,layer4_last,3,99.0,0.1,5,42,85.3400,85.3263,85.6000,83.9000,85.7895,48.0000,85.9053,0.0000,-0.1158,6,30,5.86,5.00,0,4.9700,1.886,NVIDIA L4,4875190
cifar20,resnet18,layer4_last,3,99.0,0.3,1,42,85.3400,85.3263,85.6000,85.1300,85.4632,78.8000,85.9053,0.0000,-0.4421,6,6,1.17,1.00,-1,4.8457,0.409,NVIDIA L4,4875190
cifar20,resnet18,layer4_last,3,99.0,0.3,10,42,85.3400,85.3263,85.6000,82.5000,85.5684,24.2000,85.9053,0.0000,-0.3368,6,60,11.72,10.00,0,4.8457,4.231,NVIDIA L4,4875190
cifar20,resnet18,layer4_last,3,99.0,0.3,20,42,85.3400,85.3263,85.6000,81.1700,85.3579,1.6000,85.9053,0.0000,-0.5474,6,117,22.85,20.00,0,4.8457,8.929,NVIDIA L4,4875190
cifar20,resnet18,layer4_last,3,99.0,0.3,5,42,85.3400,85.3263,85.6000,84.1300,85.7579,53.2000,85.9053,0.0000,-0.1474,6,30,5.86,5.00,0,4.8457,2.101,NVIDIA L4,4875190
cifar20,resnet18,layer4_last,3,99.0,0.5,1,42,85.3400,85.3263,85.6000,85.2400,85.5158,80.0000,85.9053,0.0000,-0.3895,6,6,1.17,1.00,-1,4.1002,0.418,NVIDIA L4,4875190
cifar20,resnet18,layer4_last,3,99.0,0.5,10,42,85.3400,85.3263,85.6000,83.6700,85.6842,45.4000,85.9053,0.0000,-0.2211,6,58,11.33,10.00,0,4.1002,4.731,NVIDIA L4,4875190
cifar20,resnet18,layer4_last,3,99.0,0.5,20,42,85.3400,85.3263,85.6000,81.9400,85.4947,14.4000,85.9053,0.0000,-0.4105,6,99,19.34,20.00,0,4.1002,8.750,NVIDIA L4,4875190
cifar20,resnet18,layer4_last,3,99.0,0.5,5,42,85.3400,85.3263,85.6000,84.5500,85.7368,62.0000,85.9053,0.0000,-0.1684,6,30,5.86,5.00,0,4.1002,2.513,NVIDIA L4,4875190
cifar20,resnet18,layer4_last,4,50.0,0.01,1,42,85.3400,85.2000,88.0000,79.2000,83.3684,0.0000,85.5579,0.0000,-2.1895,256,256,50.00,50.00,-1,21.0811,0.544,NVIDIA L4,4875190
cifar20,resnet18,layer4_last,4,50.0,0.01,10,42,85.3400,85.2000,88.0000,10.9700,11.5474,0.0000,85.5579,0.0000,-74.0105,256,509,99.41,100.00,254,21.0811,4.727,NVIDIA L4,4875190
cifar20,resnet18,layer4_last,4,50.0,0.01,20,42,85.3400,85.2000,88.0000,10.9700,11.5474,0.0000,85.5579,0.0000,-74.0105,256,509,99.41,100.00,256,21.0811,9.543,NVIDIA L4,4875190
cifar20,resnet18,layer4_last,4,50.0,0.01,5,42,85.3400,85.2000,88.0000,16.4800,17.3474,0.0000,85.5579,0.0000,-68.2105,256,508,99.22,100.00,215,21.0811,2.457,NVIDIA L4,4875190
cifar20,resnet18,layer4_last,4,50.0,0.03,1,42,85.3400,85.2000,88.0000,79.2200,83.3895,0.0000,85.5579,0.0000,-2.1684,256,256,50.00,50.00,-1,21.0811,0.409,NVIDIA L4,4875190
cifar20,resnet18,layer4_last,4,50.0,0.03,10,42,85.3400,85.2000,88.0000,11.0900,11.6737,0.0000,85.5579,0.0000,-73.8842,256,509,99.41,100.00,246,21.0811,4.527,NVIDIA L4,4875190
cifar20,resnet18,layer4_last,4,50.0,0.03,20,42,85.3400,85.2000,88.0000,11.1000,11.6842,0.0000,85.5579,0.0000,-73.8737,256,509,99.41,100.00,256,21.0811,8.672,NVIDIA L4,4875190
cifar20,resnet18,layer4_last,4,50.0,0.03,5,42,85.3400,85.2000,88.0000,41.0400,43.2000,0.0000,85.5579,0.0000,-42.3579,256,497,97.07,100.00,171,21.0811,2.243,NVIDIA L4,4875190
cifar20,resnet18,layer4_last,4,50.0,0.1,1,42,85.3400,85.2000,88.0000,79.3300,83.4842,0.4000,85.5579,0.0000,-2.0737,256,256,50.00,50.00,-1,21.0811,0.331,NVIDIA L4,4875190
cifar20,resnet18,layer4_last,4,50.0,0.1,10,42,85.3400,85.2000,88.0000,11.2400,11.8316,0.0000,85.5579,0.0000,-73.7263,256,509,99.41,100.00,241,21.0811,4.554,NVIDIA L4,4875190
cifar20,resnet18,layer4_last,4,50.0,0.1,20,42,85.3400,85.2000,88.0000,11.1000,11.6842,0.0000,85.5579,0.0000,-73.8737,256,509,99.41,100.00,256,21.0811,10.262,NVIDIA L4,4875190
cifar20,resnet18,layer4_last,4,50.0,0.1,5,42,85.3400,85.2000,88.0000,64.3200,67.7053,0.0000,85.5579,0.0000,-17.8526,256,479,93.55,100.00,185,21.0811,2.350,NVIDIA L4,4875190
cifar20,resnet18,layer4_last,4,50.0,0.3,1,42,85.3400,85.2000,88.0000,81.5400,83.8842,37.0000,85.5579,0.0000,-1.6737,256,256,50.00,50.00,-1,21.0811,0.326,NVIDIA L4,4875190
cifar20,resnet18,layer4_last,4,50.0,0.3,10,42,85.3400,85.2000,88.0000,51.4400,54.1474,0.0000,85.5579,0.0000,-31.4105,256,492,96.09,100.00,203,21.0811,4.760,NVIDIA L4,4875190
cifar20,resnet18,layer4_last,4,50.0,0.3,20,42,85.3400,85.2000,88.0000,11.8200,12.4421,0.0000,85.5579,0.0000,-73.1158,256,509,99.41,100.00,242,21.0811,9.799,NVIDIA L4,4875190
cifar20,resnet18,layer4_last,4,50.0,0.3,5,42,85.3400,85.2000,88.0000,72.5500,76.3684,0.0000,85.5579,0.0000,-9.1895,256,417,81.45,100.00,165,21.0811,2.216,NVIDIA L4,4875190
cifar20,resnet18,layer4_last,4,50.0,0.5,1,42,85.3400,85.2000,88.0000,83.5300,84.4421,66.2000,85.5579,0.0000,-1.1158,256,256,50.00,50.00,-1,20.7497,3.326,NVIDIA L4,4875190
cifar20,resnet18,layer4_last,4,50.0,0.5,10,42,85.3400,85.2000,88.0000,73.1000,76.9474,0.0000,85.5579,0.0000,-8.6105,256,452,88.28,100.00,191,20.7497,7.132,NVIDIA L4,4875190
cifar20,resnet18,layer4_last,4,50.0,0.5,20,42,85.3400,85.2000,88.0000,32.5500,34.2632,0.0000,85.5579,0.0000,-51.2947,256,501,97.85,100.00,223,20.7497,12.290,NVIDIA L4,4875190
cifar20,resnet18,layer4_last,4,50.0,0.5,5,42,85.3400,85.2000,88.0000,75.8100,79.8000,0.0000,85.5579,0.0000,-5.7579,256,354,69.14,100.00,173,20.7497,4.969,NVIDIA L4,4875190
cifar20,resnet18,layer4_last,4,75.0,0.01,1,42,85.3400,85.2000,88.0000,80.5300,84.7684,0.0000,85.5579,0.0000,-0.7895,128,128,25.00,25.00,-1,19.4658,0.315,NVIDIA L4,4875190
cifar20,resnet18,layer4_last,4,75.0,0.01,10,42,85.3400,85.2000,88.0000,69.5200,73.1789,0.0000,85.5579,0.0000,-12.3789,128,467,91.21,100.00,117,19.4658,4.799,NVIDIA L4,4875190
cifar20,resnet18,layer4_last,4,75.0,0.01,20,42,85.3400,85.2000,88.0000,71.5600,75.3263,0.0000,85.5579,0.0000,-10.2316,128,470,91.80,100.00,127,19.4658,9.016,NVIDIA L4,4875190
cifar20,resnet18,layer4_last,4,75.0,0.01,5,42,85.3400,85.2000,88.0000,72.2300,76.0316,0.0000,85.5579,0.0000,-9.5263,128,421,82.23,100.00,70,19.4658,2.551,NVIDIA L4,4875190
cifar20,resnet18,layer4_last,4,75.0,0.03,1,42,85.3400,85.2000,88.0000,80.5200,84.7579,0.0000,85.5579,0.0000,-0.8000,128,128,25.00,25.00,-1,19.4244,0.474,NVIDIA L4,4875190
cifar20,resnet18,layer4_last,4,75.0,0.03,10,42,85.3400,85.2000,88.0000,71.1500,74.8947,0.0000,85.5579,0.0000,-10.6632,128,462,90.23,100.00,104,19.4244,4.655,NVIDIA L4,4875190
cifar20,resnet18,layer4_last,4,75.0,0.03,20,42,85.3400,85.2000,88.0000,70.7100,74.4316,0.0000,85.5579,0.0000,-11.1263,128,469,91.60,100.00,126,19.4244,8.910,NVIDIA L4,4875190
cifar20,resnet18,layer4_last,4,75.0,0.03,5,42,85.3400,85.2000,88.0000,73.8700,77.7579,0.0000,85.5579,0.0000,-7.8000,128,393,76.76,100.00,64,19.4244,2.153,NVIDIA L4,4875190
cifar20,resnet18,layer4_last,4,75.0,0.1,1,42,85.3400,85.2000,88.0000,80.5300,84.7684,0.0000,85.5579,0.0000,-0.7895,128,128,25.00,25.00,-1,19.3416,0.426,NVIDIA L4,4875190
cifar20,resnet18,layer4_last,4,75.0,0.1,10,42,85.3400,85.2000,88.0000,72.7100,76.5368,0.0000,85.5579,0.0000,-9.0211,128,428,83.59,100.00,93,19.3416,3.802,NVIDIA L4,4875190
cifar20,resnet18,layer4_last,4,75.0,0.1,20,42,85.3400,85.2000,88.0000,69.6000,73.2632,0.0000,85.5579,0.0000,-12.2947,128,467,91.21,100.00,125,19.3416,7.880,NVIDIA L4,4875190
cifar20,resnet18,layer4_last,4,75.0,0.1,5,42,85.3400,85.2000,88.0000,75.9900,79.9895,0.0000,85.5579,0.0000,-5.5684,128,341,66.60,100.00,50,19.3416,1.746,NVIDIA L4,4875190
cifar20,resnet18,layer4_last,4,75.0,0.3,1,42,85.3400,85.2000,88.0000,81.1100,84.8526,10.0000,85.5579,0.0000,-0.7053,128,128,25.00,25.00,-1,18.6789,0.386,NVIDIA L4,4875190
cifar20,resnet18,layer4_last,4,75.0,0.3,10,42,85.3400,85.2000,88.0000,75.2500,79.2105,0.0000,85.5579,0.0000,-6.3474,128,367,71.68,100.00,78,18.6789,4.262,NVIDIA L4,4875190
cifar20,resnet18,layer4_last,4,75.0,0.3,20,42,85.3400,85.2000,88.0000,73.0100,76.8526,0.0000,85.5579,0.0000,-8.7053,128,451,88.09,100.00,104,18.6789,8.897,NVIDIA L4,4875190
cifar20,resnet18,layer4_last,4,75.0,0.3,5,42,85.3400,85.2000,88.0000,78.6000,82.7368,0.0000,85.5579,0.0000,-2.8211,128,275,53.71,100.00,62,18.6789,2.160,NVIDIA L4,4875190
cifar20,resnet18,layer4_last,4,75.0,0.5,1,42,85.3400,85.2000,88.0000,83.6700,85.1158,56.2000,85.5579,0.0000,-0.4421,128,128,25.00,25.00,-1,16.3181,0.372,NVIDIA L4,4875190
cifar20,resnet18,layer4_last,4,75.0,0.5,10,42,85.3400,85.2000,88.0000,77.3100,81.3789,0.0000,85.5579,0.0000,-4.1789,128,311,60.74,100.00,75,16.3181,4.656,NVIDIA L4,4875190
cifar20,resnet18,layer4_last,4,75.0,0.5,20,42,85.3400,85.2000,88.0000,74.1000,78.0000,0.0000,85.5579,0.0000,-7.5579,128,394,76.95,100.00,89,16.3181,9.558,NVIDIA L4,4875190
cifar20,resnet18,layer4_last,4,75.0,0.5,5,42,85.3400,85.2000,88.0000,80.2400,84.4632,0.0000,85.5579,0.0000,-1.0947,128,227,44.34,100.00,65,16.3181,2.182,NVIDIA L4,4875190
cifar20,resnet18,layer4_last,4,90.0,0.01,1,42,85.3400,85.2000,88.0000,82.9100,85.2737,38.0000,85.5579,0.0000,-0.2842,52,52,10.16,10.00,-1,14.8686,0.354,NVIDIA L4,4875190
cifar20,resnet18,layer4_last,4,90.0,0.01,10,42,85.3400,85.2000,88.0000,76.1100,80.1158,0.0000,85.5579,0.0000,-5.4421,52,321,62.70,100.00,36,14.8686,4.221,NVIDIA L4,4875190
cifar20,resnet18,layer4_last,4,90.0,0.01,20,42,85.3400,85.2000,88.0000,75.0000,78.9474,0.0000,85.5579,0.0000,-6.6105,52,359,70.12,100.00,52,14.8686,9.214,NVIDIA L4,4875190
cifar20,resnet18,layer4_last,4,90.0,0.01,5,42,85.3400,85.2000,88.0000,79.7900,83.9895,0.0000,85.5579,0.0000,-1.5684,52,231,45.12,50.00,9,14.8686,2.133,NVIDIA L4,4875190
cifar20,resnet18,layer4_last,4,90.0,0.03,1,42,85.3400,85.2000,88.0000,82.9300,85.2737,38.4000,85.5579,0.0000,-0.2842,52,52,10.16,10.00,-1,14.7857,0.318,NVIDIA L4,4875190
cifar20,resnet18,layer4_last,4,90.0,0.03,10,42,85.3400,85.2000,88.0000,76.9500,81.0000,0.0000,85.5579,0.0000,-4.5579,52,311,60.74,100.00,35,14.7857,4.672,NVIDIA L4,4875190
cifar20,resnet18,layer4_last,4,90.0,0.03,20,42,85.3400,85.2000,88.0000,74.6100,78.5368,0.0000,85.5579,0.0000,-7.0211,52,357,69.73,100.00,48,14.7857,9.098,NVIDIA L4,4875190
cifar20,resnet18,layer4_last,4,90.0,0.03,5,42,85.3400,85.2000,88.0000,79.8400,84.0421,0.0000,85.5579,0.0000,-1.5158,52,228,44.53,50.00,10,14.7857,2.384,NVIDIA L4,4875190
cifar20,resnet18,layer4_last,4,90.0,0.1,1,42,85.3400,85.2000,88.0000,83.0300,85.2737,40.4000,85.5579,0.0000,-0.2842,52,52,10.16,10.00,-1,13.9160,0.312,NVIDIA L4,4875190
cifar20,resnet18,layer4_last,4,90.0,0.1,10,42,85.3400,85.2000,88.0000,78.2800,82.4000,0.0000,85.5579,0.0000,-3.1579,52,280,54.69,100.00,30,13.9160,4.684,NVIDIA L4,4875190
cifar20,resnet18,layer4_last,4,90.0,0.1,20,42,85.3400,85.2000,88.0000,75.8700,79.8632,0.0000,85.5579,0.0000,-5.6947,52,336,65.62,100.00,40,13.9160,9.393,NVIDIA L4,4875190
cifar20,resnet18,layer4_last,4,90.0,0.1,5,42,85.3400,85.2000,88.0000,80.0800,84.2947,0.0000,85.5579,0.0000,-1.2632,52,214,41.80,50.00,11,13.9160,2.273,NVIDIA L4,4875190
cifar20,resnet18,layer4_last,4,90.0,0.3,1,42,85.3400,85.2000,88.0000,83.6400,85.3579,51.0000,85.5579,0.0000,-0.2000,52,52,10.16,10.00,-1,12.2179,0.384,NVIDIA L4,4875190
cifar20,resnet18,layer4_last,4,90.0,0.3,10,42,85.3400,85.2000,88.0000,79.8800,84.0842,0.0000,85.5579,0.0000,-1.4737,52,232,45.31,100.00,21,12.2179,4.447,NVIDIA L4,4875190
cifar20,resnet18,layer4_last,4,90.0,0.3,20,42,85.3400,85.2000,88.0000,77.7500,81.8421,0.0000,85.5579,0.0000,-3.7158,52,295,57.62,100.00,40,12.2179,8.929,NVIDIA L4,4875190
cifar20,resnet18,layer4_last,4,90.0,0.3,5,42,85.3400,85.2000,88.0000,80.5400,84.7789,0.0000,85.5579,0.0000,-0.7789,52,167,32.62,50.00,6,12.2179,2.246,NVIDIA L4,4875190
cifar20,resnet18,layer4_last,4,90.0,0.5,1,42,85.3400,85.2000,88.0000,84.5300,85.3789,68.4000,85.5579,0.0000,-0.1789,52,52,10.16,10.00,-1,10.3956,0.366,NVIDIA L4,4875190
cifar20,resnet18,layer4_last,4,90.0,0.5,10,42,85.3400,85.2000,88.0000,80.5500,84.7895,0.0000,85.5579,0.0000,-0.7684,52,193,37.70,100.00,15,10.3956,4.752,NVIDIA L4,4875190
cifar20,resnet18,layer4_last,4,90.0,0.5,20,42,85.3400,85.2000,88.0000,79.3500,83.5263,0.0000,85.5579,0.0000,-2.0316,52,251,49.02,100.00,32,10.3956,9.191,NVIDIA L4,4875190
cifar20,resnet18,layer4_last,4,90.0,0.5,5,42,85.3400,85.2000,88.0000,80.6900,84.8842,1.0000,85.5579,0.0000,-0.6737,52,139,27.15,50.00,5,10.3956,2.095,NVIDIA L4,4875190
cifar20,resnet18,layer4_last,4,95.0,0.01,1,42,85.3400,85.2000,88.0000,84.4800,85.3789,67.4000,85.5579,0.0000,-0.1789,26,26,5.08,5.00,-1,10.7683,0.356,NVIDIA L4,4875190
cifar20,resnet18,layer4_last,4,95.0,0.01,10,42,85.3400,85.2000,88.0000,79.9000,84.1053,0.0000,85.5579,0.0000,-1.4526,26,221,43.16,50.00,11,10.7683,3.991,NVIDIA L4,4875190
cifar20,resnet18,layer4_last,4,95.0,0.01,20,42,85.3400,85.2000,88.0000,79.0400,83.2000,0.0000,85.5579,0.0000,-2.3579,26,260,50.78,100.00,25,10.7683,8.386,NVIDIA L4,4875190
cifar20,resnet18,layer4_last,4,95.0,0.01,5,42,85.3400,85.2000,88.0000,80.6200,84.8632,0.0000,85.5579,0.0000,-0.6947,26,130,25.39,25.00,0,10.7683,1.980,NVIDIA L4,4875190
cifar20,resnet18,layer4_last,4,95.0,0.03,1,42,85.3400,85.2000,88.0000,84.5000,85.3789,67.8000,85.5579,0.0000,-0.1789,26,26,5.08,5.00,-1,10.7683,0.388,NVIDIA L4,4875190
cifar20,resnet18,layer4_last,4,95.0,0.03,10,42,85.3400,85.2000,88.0000,80.0100,84.2211,0.0000,85.5579,0.0000,-1.3368,26,215,41.99,50.00,11,10.7683,4.460,NVIDIA L4,4875190
cifar20,resnet18,layer4_last,4,95.0,0.03,20,42,85.3400,85.2000,88.0000,79.0500,83.2105,0.0000,85.5579,0.0000,-2.3474,26,260,50.78,100.00,23,10.7683,8.519,NVIDIA L4,4875190
cifar20,resnet18,layer4_last,4,95.0,0.03,5,42,85.3400,85.2000,88.0000,80.5600,84.8000,0.0000,85.5579,0.0000,-0.7579,26,129,25.20,25.00,1,10.7683,2.326,NVIDIA L4,4875190
cifar20,resnet18,layer4_last,4,95.0,0.1,1,42,85.3400,85.2000,88.0000,84.5300,85.3895,68.2000,85.5579,0.0000,-0.1684,26,26,5.08,5.00,-1,10.3542,0.399,NVIDIA L4,4875190
cifar20,resnet18,layer4_last,4,95.0,0.1,10,42,85.3400,85.2000,88.0000,80.3100,84.5368,0.0000,85.5579,0.0000,-1.0211,26,202,39.45,50.00,9,10.3542,4.089,NVIDIA L4,4875190
cifar20,resnet18,layer4_last,4,95.0,0.1,20,42,85.3400,85.2000,88.0000,79.2700,83.4421,0.0000,85.5579,0.0000,-2.1158,26,250,48.83,100.00,20,10.3542,8.021,NVIDIA L4,4875190
cifar20,resnet18,layer4_last,4,95.0,0.1,5,42,85.3400,85.2000,88.0000,80.5300,84.7684,0.0000,85.5579,0.0000,-0.7895,26,128,25.00,25.00,1,10.3542,2.060,NVIDIA L4,4875190
cifar20,resnet18,layer4_last,4,95.0,0.3,1,42,85.3400,85.2000,88.0000,84.6900,85.4316,70.6000,85.5579,0.0000,-0.1263,26,26,5.08,5.00,-1,9.0702,0.328,NVIDIA L4,4875190
cifar20,resnet18,layer4_last,4,95.0,0.3,10,42,85.3400,85.2000,88.0000,80.5900,84.8316,0.0000,85.5579,0.0000,-0.7263,26,166,32.42,50.00,3,9.0702,4.029,NVIDIA L4,4875190
cifar20,resnet18,layer4_last,4,95.0,0.3,20,42,85.3400,85.2000,88.0000,80.1000,84.3158,0.0000,85.5579,0.0000,-1.2421,26,219,42.77,100.00,13,9.0702,8.184,NVIDIA L4,4875190
cifar20,resnet18,layer4_last,4,95.0,0.3,5,42,85.3400,85.2000,88.0000,80.7600,84.8737,2.6000,85.5579,0.0000,-0.6842,26,119,23.24,25.00,0,9.0702,2.052,NVIDIA L4,4875190
cifar20,resnet18,layer4_last,4,95.0,0.5,1,42,85.3400,85.2000,88.0000,84.9800,85.4526,76.0000,85.5579,0.0000,-0.1053,26,26,5.08,5.00,-1,7.8277,0.307,NVIDIA L4,4875190
cifar20,resnet18,layer4_last,4,95.0,0.5,10,42,85.3400,85.2000,88.0000,80.7300,84.9158,1.2000,85.5579,0.0000,-0.6421,26,138,26.95,50.00,2,7.8277,3.923,NVIDIA L4,4875190
cifar20,resnet18,layer4_last,4,95.0,0.5,20,42,85.3400,85.2000,88.0000,80.5100,84.7474,0.0000,85.5579,0.0000,-0.8105,26,189,36.91,100.00,11,7.8277,8.025,NVIDIA L4,4875190
cifar20,resnet18,layer4_last,4,95.0,0.5,5,42,85.3400,85.2000,88.0000,82.5500,85.1474,33.2000,85.5579,0.0000,-0.4105,26,104,20.31,25.00,0,7.8277,1.936,NVIDIA L4,4875190
cifar20,resnet18,layer4_last,4,99.0,0.01,1,42,85.3400,85.2000,88.0000,85.2100,85.4105,81.4000,85.5579,0.0000,-0.1474,6,6,1.17,1.00,-1,4.9700,0.330,NVIDIA L4,4875190
cifar20,resnet18,layer4_last,4,99.0,0.01,10,42,85.3400,85.2000,88.0000,82.3000,85.2000,27.2000,85.5579,0.0000,-0.3579,6,60,11.72,10.00,0,4.9700,3.696,NVIDIA L4,4875190
cifar20,resnet18,layer4_last,4,99.0,0.01,20,42,85.3400,85.2000,88.0000,80.5100,84.7474,0.0000,85.5579,0.0000,-0.8105,6,120,23.44,20.00,0,4.9700,7.627,NVIDIA L4,4875190
cifar20,resnet18,layer4_last,4,99.0,0.01,5,42,85.3400,85.2000,88.0000,84.2400,85.4316,61.6000,85.5579,0.0000,-0.1263,6,30,5.86,5.00,0,4.9700,1.706,NVIDIA L4,4875190
cifar20,resnet18,layer4_last,4,99.0,0.03,1,42,85.3400,85.2000,88.0000,85.2100,85.4105,81.4000,85.5579,0.0000,-0.1474,6,6,1.17,1.00,-1,4.9700,0.342,NVIDIA L4,4875190
cifar20,resnet18,layer4_last,4,99.0,0.03,10,42,85.3400,85.2000,88.0000,82.3500,85.2000,28.2000,85.5579,0.0000,-0.3579,6,60,11.72,10.00,0,4.9700,4.108,NVIDIA L4,4875190
cifar20,resnet18,layer4_last,4,99.0,0.03,20,42,85.3400,85.2000,88.0000,80.5200,84.7579,0.0000,85.5579,0.0000,-0.8000,6,120,23.44,20.00,0,4.9700,8.198,NVIDIA L4,4875190
cifar20,resnet18,layer4_last,4,99.0,0.03,5,42,85.3400,85.2000,88.0000,84.2400,85.4316,61.6000,85.5579,0.0000,-0.1263,6,30,5.86,5.00,0,4.9700,2.061,NVIDIA L4,4875190
cifar20,resnet18,layer4_last,4,99.0,0.1,1,42,85.3400,85.2000,88.0000,85.2100,85.4105,81.4000,85.5579,0.0000,-0.1474,6,6,1.17,1.00,-1,4.9700,0.369,NVIDIA L4,4875190
cifar20,resnet18,layer4_last,4,99.0,0.1,10,42,85.3400,85.2000,88.0000,82.5000,85.2105,31.0000,85.5579,0.0000,-0.3474,6,60,11.72,10.00,0,4.9700,4.029,NVIDIA L4,4875190
cifar20,resnet18,layer4_last,4,99.0,0.1,20,42,85.3400,85.2000,88.0000,80.5000,84.7368,0.0000,85.5579,0.0000,-0.8211,6,120,23.44,20.00,0,4.9700,7.736,NVIDIA L4,4875190
cifar20,resnet18,layer4_last,4,99.0,0.1,5,42,85.3400,85.2000,88.0000,84.2600,85.4211,62.2000,85.5579,0.0000,-0.1368,6,30,5.86,5.00,0,4.9700,1.823,NVIDIA L4,4875190
cifar20,resnet18,layer4_last,4,99.0,0.3,1,42,85.3400,85.2000,88.0000,85.2500,85.4105,82.2000,85.5579,0.0000,-0.1474,6,6,1.17,1.00,-1,4.7215,0.488,NVIDIA L4,4875190
cifar20,resnet18,layer4_last,4,99.0,0.3,10,42,85.3400,85.2000,88.0000,83.1800,85.2000,44.8000,85.5579,0.0000,-0.3579,6,60,11.72,10.00,0,4.7215,3.855,NVIDIA L4,4875190
cifar20,resnet18,layer4_last,4,99.0,0.3,20,42,85.3400,85.2000,88.0000,80.9600,84.9053,6.0000,85.5579,0.0000,-0.6526,6,114,22.27,20.00,0,4.7215,8.113,NVIDIA L4,4875190
cifar20,resnet18,layer4_last,4,99.0,0.3,5,42,85.3400,85.2000,88.0000,84.5600,85.4526,67.6000,85.5579,0.0000,-0.1053,6,30,5.86,5.00,0,4.7215,1.977,NVIDIA L4,4875190
cifar20,resnet18,layer4_last,4,99.0,0.5,1,42,85.3400,85.2000,88.0000,85.2800,85.4105,82.8000,85.5579,0.0000,-0.1474,6,6,1.17,1.00,-1,4.0588,0.586,NVIDIA L4,4875190
cifar20,resnet18,layer4_last,4,99.0,0.5,10,42,85.3400,85.2000,88.0000,84.2300,85.4000,62.0000,85.5579,0.0000,-0.1579,6,55,10.74,10.00,0,4.0588,4.613,NVIDIA L4,4875190
cifar20,resnet18,layer4_last,4,99.0,0.5,20,42,85.3400,85.2000,88.0000,82.7800,85.1684,37.4000,85.5579,0.0000,-0.3895,6,98,19.14,20.00,0,4.0588,8.844,NVIDIA L4,4875190
cifar20,resnet18,layer4_last,4,99.0,0.5,5,42,85.3400,85.2000,88.0000,84.9800,85.4842,75.4000,85.5579,0.0000,-0.0737,6,30,5.86,5.00,0,4.0588,2.462,NVIDIA L4,4875190
