dataset,arch,forget_class,alpha,lambda,batch_size,seed,base_retain,base_forget,post_retain,post_forget,gold_retain,gold_forget,gap_retain,gap_forget,score,params_damped_pct,importance_time_s,modify_time_s,method_time_s,eval_device,git_commit
cifar10,resnet18,0,10.0,0.1,256,42,94.8667,95.9000,94.8667,95.9000,95.1222,0.0000,-0.2556,+95.9000,96.1556,0.0000,38.554,0.285,38.839,NVIDIA L4,4875190
cifar10,resnet18,0,10.0,0.1,512,42,94.8667,95.9000,94.8667,95.9000,95.1222,0.0000,-0.2556,+95.9000,96.1556,0.0000,41.744,0.744,42.488,NVIDIA L4,4875190
cifar10,resnet18,0,10.0,0.1,64,42,94.8667,95.9000,94.8667,95.9000,95.1222,0.0000,-0.2556,+95.9000,96.1556,0.0000,36.570,0.147,36.717,NVIDIA L4,4875190
cifar10,resnet18,0,10.0,0.5,256,42,94.8667,95.9000,94.8667,95.9000,95.1222,0.0000,-0.2556,+95.9000,96.1556,0.0000,38.554,0.225,38.779,NVIDIA L4,4875190
cifar10,resnet18,0,10.0,0.5,512,42,94.8667,95.9000,94.8667,95.9000,95.1222,0.0000,-0.2556,+95.9000,96.1556,0.0000,41.744,0.731,42.475,NVIDIA L4,4875190
cifar10,resnet18,0,10.0,0.5,64,42,94.8667,95.9000,94.8667,95.9000,95.1222,0.0000,-0.2556,+95.9000,96.1556,0.0000,36.570,0.213,36.784,NVIDIA L4,4875190
cifar10,resnet18,0,10.0,1.0,256,42,94.8667,95.9000,94.8667,95.9000,95.1222,0.0000,-0.2556,+95.9000,96.1556,0.0000,38.554,0.191,38.746,NVIDIA L4,4875190
cifar10,resnet18,0,10.0,1.0,512,42,94.8667,95.9000,94.8667,95.9000,95.1222,0.0000,-0.2556,+95.9000,96.1556,0.0000,41.744,0.693,42.437,NVIDIA L4,4875190
cifar10,resnet18,0,10.0,1.0,64,42,94.8667,95.9000,94.8667,95.9000,95.1222,0.0000,-0.2556,+95.9000,96.1556,0.0000,36.570,0.187,36.757,NVIDIA L4,4875190
cifar10,resnet18,0,12.0,0.1,256,42,94.8667,95.9000,94.8667,95.9000,95.1222,0.0000,-0.2556,+95.9000,96.1556,0.0000,38.554,0.204,38.758,NVIDIA L4,4875190
cifar10,resnet18,0,12.0,0.1,512,42,94.8667,95.9000,94.8667,95.9000,95.1222,0.0000,-0.2556,+95.9000,96.1556,0.0000,41.744,0.729,42.473,NVIDIA L4,4875190
cifar10,resnet18,0,12.0,0.1,64,42,94.8667,95.9000,94.8667,95.9000,95.1222,0.0000,-0.2556,+95.9000,96.1556,0.0000,36.570,0.183,36.753,NVIDIA L4,4875190
cifar10,resnet18,0,12.0,0.5,256,42,94.8667,95.9000,94.8667,95.9000,95.1222,0.0000,-0.2556,+95.9000,96.1556,0.0000,38.554,0.141,38.695,NVIDIA L4,4875190
cifar10,resnet18,0,12.0,0.5,512,42,94.8667,95.9000,94.8667,95.9000,95.1222,0.0000,-0.2556,+95.9000,96.1556,0.0000,41.744,0.716,42.460,NVIDIA L4,4875190
cifar10,resnet18,0,12.0,0.5,64,42,94.8667,95.9000,94.8667,95.9000,95.1222,0.0000,-0.2556,+95.9000,96.1556,0.0000,36.570,0.249,36.820,NVIDIA L4,4875190
cifar10,resnet18,0,12.0,1.0,256,42,94.8667,95.9000,94.8667,95.9000,95.1222,0.0000,-0.2556,+95.9000,96.1556,0.0000,38.554,0.169,38.724,NVIDIA L4,4875190
cifar10,resnet18,0,12.0,1.0,512,42,94.8667,95.9000,94.8667,95.9000,95.1222,0.0000,-0.2556,+95.9000,96.1556,0.0000,41.744,0.675,42.419,NVIDIA L4,4875190
cifar10,resnet18,0,12.0,1.0,64,42,94.8667,95.9000,94.8667,95.9000,95.1222,0.0000,-0.2556,+95.9000,96.1556,0.0000,36.570,0.157,36.727,NVIDIA L4,4875190
cifar10,resnet18,0,15.0,0.1,256,42,94.8667,95.9000,94.8667,95.9000,95.1222,0.0000,-0.2556,+95.9000,96.1556,0.0000,38.554,0.206,38.760,NVIDIA L4,4875190
cifar10,resnet18,0,15.0,0.1,512,42,94.8667,95.9000,94.8667,95.9000,95.1222,0.0000,-0.2556,+95.9000,96.1556,0.0000,41.744,0.650,42.395,NVIDIA L4,4875190
cifar10,resnet18,0,15.0,0.1,64,42,94.8667,95.9000,94.8667,95.9000,95.1222,0.0000,-0.2556,+95.9000,96.1556,0.0000,36.570,0.204,36.774,NVIDIA L4,4875190
cifar10,resnet18,0,15.0,0.5,256,42,94.8667,95.9000,94.8667,95.9000,95.1222,0.0000,-0.2556,+95.9000,96.1556,0.0000,38.554,0.185,38.739,NVIDIA L4,4875190
cifar10,resnet18,0,15.0,0.5,512,42,94.8667,95.9000,94.8667,95.9000,95.1222,0.0000,-0.2556,+95.9000,96.1556,0.0000,41.744,0.654,42.399,NVIDIA L4,4875190
cifar10,resnet18,0,15.0,0.5,64,42,94.8667,95.9000,94.8667,95.9000,95.1222,0.0000,-0.2556,+95.9000,96.1556,0.0000,36.570,0.209,36.779,NVIDIA L4,4875190
cifar10,resnet18,0,15.0,1.0,256,42,94.8667,95.9000,94.8667,95.9000,95.1222,0.0000,-0.2556,+95.9000,96.1556,0.0000,38.554,0.200,38.754,NVIDIA L4,4875190
cifar10,resnet18,0,15.0,1.0,512,42,94.8667,95.9000,94.8667,95.9000,95.1222,0.0000,-0.2556,+95.9000,96.1556,0.0000,41.744,0.658,42.403,NVIDIA L4,4875190
cifar10,resnet18,0,15.0,1.0,64,42,94.8667,95.9000,94.8667,95.9000,95.1222,0.0000,-0.2556,+95.9000,96.1556,0.0000,36.570,0.200,36.771,NVIDIA L4,4875190
cifar10,resnet18,0,2.0,0.1,256,42,94.8667,95.9000,11.1333,0.0000,95.1222,0.0000,-83.9889,+0.0000,83.9889,24.9064,38.554,0.173,38.727,NVIDIA L4,4875190
cifar10,resnet18,0,2.0,0.1,512,42,94.8667,95.9000,11.1111,0.0000,95.1222,0.0000,-84.0111,+0.0000,84.0111,26.5782,41.744,0.200,41.944,NVIDIA L4,4875190
cifar10,resnet18,0,2.0,0.1,64,42,94.8667,95.9000,13.4111,0.0000,95.1222,0.0000,-81.7111,+0.0000,81.7111,19.8345,36.570,0.217,36.788,NVIDIA L4,4875190
cifar10,resnet18,0,2.0,0.5,256,42,94.8667,95.9000,11.1111,0.0000,95.1222,0.0000,-84.0111,+0.0000,84.0111,24.9064,38.554,0.210,38.765,NVIDIA L4,4875190
cifar10,resnet18,0,2.0,0.5,512,42,94.8667,95.9000,10.6778,0.0000,95.1222,0.0000,-84.4444,+0.0000,84.4444,26.5782,41.744,0.660,42.404,NVIDIA L4,4875190
cifar10,resnet18,0,2.0,0.5,64,42,94.8667,95.9000,13.5667,0.0000,95.1222,0.0000,-81.5556,+0.0000,81.5556,19.8345,36.570,0.212,36.782,NVIDIA L4,4875190
cifar10,resnet18,0,2.0,1.0,256,42,94.8667,95.9000,11.1111,0.0000,95.1222,0.0000,-84.0111,+0.0000,84.0111,24.9064,38.554,0.185,38.739,NVIDIA L4,4875190
cifar10,resnet18,0,2.0,1.0,512,42,94.8667,95.9000,11.1111,0.0000,95.1222,0.0000,-84.0111,+0.0000,84.0111,26.5782,41.744,0.681,42.425,NVIDIA L4,4875190
cifar10,resnet18,0,2.0,1.0,64,42,94.8667,95.9000,16.6778,0.0000,95.1222,0.0000,-78.4444,+0.0000,78.4444,19.8345,36.570,0.254,36.824,NVIDIA L4,4875190
cifar10,resnet18,0,20.0,0.1,256,42,94.8667,95.9000,94.8667,95.9000,95.1222,0.0000,-0.2556,+95.9000,96.1556,0.0000,38.554,0.219,38.773,NVIDIA L4,4875190
cifar10,resnet18,0,20.0,0.1,512,42,94.8667,95.9000,94.8667,95.9000,95.1222,0.0000,-0.2556,+95.9000,96.1556,0.0000,41.744,0.645,42.389,NVIDIA L4,4875190
cifar10,resnet18,0,20.0,0.1,64,42,94.8667,95.9000,94.8667,95.9000,95.1222,0.0000,-0.2556,+95.9000,96.1556,0.0000,36.570,0.211,36.781,NVIDIA L4,4875190
cifar10,resnet18,0,20.0,0.5,256,42,94.8667,95.9000,94.8667,95.9000,95.1222,0.0000,-0.2556,+95.9000,96.1556,0.0000,38.554,0.211,38.766,NVIDIA L4,4875190
cifar10,resnet18,0,20.0,0.5,512,42,94.8667,95.9000,94.8667,95.9000,95.1222,0.0000,-0.2556,+95.9000,96.1556,0.0000,41.744,0.452,42.197,NVIDIA L4,4875190
cifar10,resnet18,0,20.0,0.5,64,42,94.8667,95.9000,94.8667,95.9000,95.1222,0.0000,-0.2556,+95.9000,96.1556,0.0000,36.570,0.195,36.765,NVIDIA L4,4875190
cifar10,resnet18,0,20.0,1.0,256,42,94.8667,95.9000,94.8667,95.9000,95.1222,0.0000,-0.2556,+95.9000,96.1556,0.0000,38.554,0.137,38.691,NVIDIA L4,4875190
cifar10,resnet18,0,20.0,1.0,512,42,94.8667,95.9000,94.8667,95.9000,95.1222,0.0000,-0.2556,+95.9000,96.1556,0.0000,41.744,0.157,41.902,NVIDIA L4,4875190
cifar10,resnet18,0,20.0,1.0,64,42,94.8667,95.9000,94.8667,95.9000,95.1222,0.0000,-0.2556,+95.9000,96.1556,0.0000,36.570,0.317,36.887,NVIDIA L4,4875190
cifar10,resnet18,0,30.0,0.1,256,42,94.8667,95.9000,94.8667,95.9000,95.1222,0.0000,-0.2556,+95.9000,96.1556,0.0000,38.554,0.142,38.697,NVIDIA L4,4875190
cifar10,resnet18,0,30.0,0.1,512,42,94.8667,95.9000,94.8667,95.9000,95.1222,0.0000,-0.2556,+95.9000,96.1556,0.0000,41.744,0.133,41.877,NVIDIA L4,4875190
cifar10,resnet18,0,30.0,0.1,64,42,94.8667,95.9000,94.8667,95.9000,95.1222,0.0000,-0.2556,+95.9000,96.1556,0.0000,36.570,0.723,37.294,NVIDIA L4,4875190
cifar10,resnet18,0,30.0,0.5,256,42,94.8667,95.9000,94.8667,95.9000,95.1222,0.0000,-0.2556,+95.9000,96.1556,0.0000,38.554,0.191,38.745,NVIDIA L4,4875190
cifar10,resnet18,0,30.0,0.5,512,42,94.8667,95.9000,94.8667,95.9000,95.1222,0.0000,-0.2556,+95.9000,96.1556,0.0000,41.744,0.132,41.877,NVIDIA L4,4875190
cifar10,resnet18,0,30.0,0.5,64,42,94.8667,95.9000,94.8667,95.9000,95.1222,0.0000,-0.2556,+95.9000,96.1556,0.0000,36.570,0.738,37.308,NVIDIA L4,4875190
cifar10,resnet18,0,30.0,1.0,256,42,94.8667,95.9000,94.8667,95.9000,95.1222,0.0000,-0.2556,+95.9000,96.1556,0.0000,38.554,0.194,38.748,NVIDIA L4,4875190
cifar10,resnet18,0,30.0,1.0,512,42,94.8667,95.9000,94.8667,95.9000,95.1222,0.0000,-0.2556,+95.9000,96.1556,0.0000,41.744,0.447,42.191,NVIDIA L4,4875190
cifar10,resnet18,0,30.0,1.0,64,42,94.8667,95.9000,94.8667,95.9000,95.1222,0.0000,-0.2556,+95.9000,96.1556,0.0000,36.570,0.782,37.352,NVIDIA L4,4875190
cifar10,resnet18,0,4.0,0.1,256,42,94.8667,95.9000,38.7444,0.0000,95.1222,0.0000,-56.3778,+0.0000,56.3778,8.8240,38.554,0.228,38.783,NVIDIA L4,4875190
cifar10,resnet18,0,4.0,0.1,512,42,94.8667,95.9000,18.9889,0.0000,95.1222,0.0000,-76.1333,+0.0000,76.1333,10.1824,41.744,0.693,42.437,NVIDIA L4,4875190
cifar10,resnet18,0,4.0,0.1,64,42,94.8667,95.9000,94.7444,0.0000,95.1222,0.0000,-0.3778,+0.0000,0.3778,6.5730,36.570,0.162,36.733,NVIDIA L4,4875190
cifar10,resnet18,0,4.0,0.5,256,42,94.8667,95.9000,48.8111,0.0000,95.1222,0.0000,-46.3111,+0.0000,46.3111,8.8240,38.554,0.247,38.801,NVIDIA L4,4875190
cifar10,resnet18,0,4.0,0.5,512,42,94.8667,95.9000,20.3333,0.0000,95.1222,0.0000,-74.7889,+0.0000,74.7889,10.1824,41.744,0.688,42.432,NVIDIA L4,4875190
cifar10,resnet18,0,4.0,0.5,64,42,94.8667,95.9000,94.7778,0.0000,95.1222,0.0000,-0.3444,+0.0000,0.3444,6.5730,36.570,0.165,36.736,NVIDIA L4,4875190
cifar10,resnet18,0,4.0,1.0,256,42,94.8667,95.9000,62.8667,0.0000,95.1222,0.0000,-32.2556,+0.0000,32.2556,8.8240,38.554,0.252,38.806,NVIDIA L4,4875190
cifar10,resnet18,0,4.0,1.0,512,42,94.8667,95.9000,23.0889,0.0000,95.1222,0.0000,-72.0333,+0.0000,72.0333,10.1824,41.744,0.673,42.417,NVIDIA L4,4875190
cifar10,resnet18,0,4.0,1.0,64,42,94.8667,95.9000,94.8222,0.0000,95.1222,0.0000,-0.3000,+0.0000,0.3000,6.5730,36.570,0.189,36.759,NVIDIA L4,4875190
cifar10,resnet18,0,50.0,0.1,256,42,94.8667,95.9000,94.8667,95.9000,95.1222,0.0000,-0.2556,+95.9000,96.1556,0.0000,38.554,0.189,38.744,NVIDIA L4,4875190
cifar10,resnet18,0,50.0,0.1,512,42,94.8667,95.9000,94.8667,95.9000,95.1222,0.0000,-0.2556,+95.9000,96.1556,0.0000,41.744,0.657,42.401,NVIDIA L4,4875190
cifar10,resnet18,0,50.0,0.1,64,42,94.8667,95.9000,94.8667,95.9000,95.1222,0.0000,-0.2556,+95.9000,96.1556,0.0000,36.570,0.816,37.386,NVIDIA L4,4875190
cifar10,resnet18,0,50.0,0.5,256,42,94.8667,95.9000,94.8667,95.9000,95.1222,0.0000,-0.2556,+95.9000,96.1556,0.0000,38.554,0.202,38.757,NVIDIA L4,4875190
cifar10,resnet18,0,50.0,0.5,512,42,94.8667,95.9000,94.8667,95.9000,95.1222,0.0000,-0.2556,+95.9000,96.1556,0.0000,41.744,0.146,41.891,NVIDIA L4,4875190
cifar10,resnet18,0,50.0,0.5,64,42,94.8667,95.9000,94.8667,95.9000,95.1222,0.0000,-0.2556,+95.9000,96.1556,0.0000,36.570,0.798,37.368,NVIDIA L4,4875190
cifar10,resnet18,0,50.0,1.0,256,42,94.8667,95.9000,94.8667,95.9000,95.1222,0.0000,-0.2556,+95.9000,96.1556,0.0000,38.554,0.185,38.739,NVIDIA L4,4875190
cifar10,resnet18,0,50.0,1.0,512,42,94.8667,95.9000,94.8667,95.9000,95.1222,0.0000,-0.2556,+95.9000,96.1556,0.0000,41.744,0.155,41.899,NVIDIA L4,4875190
cifar10,resnet18,0,50.0,1.0,64,42,94.8667,95.9000,94.8667,95.9000,95.1222,0.0000,-0.2556,+95.9000,96.1556,0.0000,36.570,0.779,37.349,NVIDIA L4,4875190
cifar10,resnet18,0,6.0,0.1,256,42,94.8667,95.9000,95.2333,0.0000,95.1222,0.0000,+0.1111,+0.0000,0.1111,3.5633,38.554,0.189,38.743,NVIDIA L4,4875190
cifar10,resnet18,0,6.0,0.1,512,42,94.8667,95.9000,94.8778,0.0000,95.1222,0.0000,-0.2444,+0.0000,0.2444,4.0290,41.744,0.706,42.450,NVIDIA L4,4875190
cifar10,resnet18,0,6.0,0.1,64,42,94.8667,95.9000,95.2222,0.0000,95.1222,0.0000,+0.1000,+0.0000,0.1000,2.8716,36.570,0.174,36.744,NVIDIA L4,4875190
cifar10,resnet18,0,6.0,0.5,256,42,94.8667,95.9000,95.2444,0.0000,95.1222,0.0000,+0.1222,+0.0000,0.1222,3.5633,38.554,0.264,38.818,NVIDIA L4,4875190
cifar10,resnet18,0,6.0,0.5,512,42,94.8667,95.9000,94.9000,0.0000,95.1222,0.0000,-0.2222,+0.0000,0.2222,4.0290,41.744,0.659,42.403,NVIDIA L4,4875190
cifar10,resnet18,0,6.0,0.5,64,42,94.8667,95.9000,95.2222,0.0000,95.1222,0.0000,+0.1000,+0.0000,0.1000,2.8716,36.570,0.179,36.749,NVIDIA L4,4875190
cifar10,resnet18,0,6.0,1.0,256,42,94.8667,95.9000,95.2333,0.0000,95.1222,0.0000,+0.1111,+0.0000,0.1111,3.5633,38.554,0.255,38.809,NVIDIA L4,4875190
cifar10,resnet18,0,6.0,1.0,512,42,94.8667,95.9000,94.9444,0.0000,95.1222,0.0000,-0.1778,+0.0000,0.1778,4.0290,41.744,0.732,42.476,NVIDIA L4,4875190
cifar10,resnet18,0,6.0,1.0,64,42,94.8667,95.9000,95.2444,0.0000,95.1222,0.0000,+0.1222,+0.0000,0.1222,2.8716,36.570,0.229,36.799,NVIDIA L4,4875190
cifar10,resnet18,0,8.0,0.1,256,42,94.8667,95.9000,95.3000,19.5000,95.1222,0.0000,+0.1778,+19.5000,19.6778,1.3072,38.554,0.241,38.795,NVIDIA L4,4875190
cifar10,resnet18,0,8.0,0.1,512,42,94.8667,95.9000,95.2778,11.6000,95.1222,0.0000,+0.1556,+11.6000,11.7556,1.4433,41.744,0.714,42.458,NVIDIA L4,4875190
cifar10,resnet18,0,8.0,0.1,64,42,94.8667,95.9000,95.3333,4.7000,95.1222,0.0000,+0.2111,+4.7000,4.9111,1.1311,36.570,0.232,36.802,NVIDIA L4,4875190
cifar10,resnet18,0,8.0,0.5,256,42,94.8667,95.9000,95.3000,31.1000,95.1222,0.0000,+0.1778,+31.1000,31.2778,1.3072,38.554,0.231,38.785,NVIDIA L4,4875190
cifar10,resnet18,0,8.0,0.5,512,42,94.8667,95.9000,95.3000,23.9000,95.1222,0.0000,+0.1778,+23.9000,24.0778,1.4433,41.744,0.724,42.468,NVIDIA L4,4875190
cifar10,resnet18,0,8.0,0.5,64,42,94.8667,95.9000,95.3333,12.2000,95.1222,0.0000,+0.2111,+12.2000,12.4111,1.1311,36.570,0.274,36.844,NVIDIA L4,4875190
cifar10,resnet18,0,8.0,1.0,256,42,94.8667,95.9000,95.3000,44.0000,95.1222,0.0000,+0.1778,+44.0000,44.1778,1.3072,38.554,0.246,38.801,NVIDIA L4,4875190
cifar10,resnet18,0,8.0,1.0,512,42,94.8667,95.9000,95.3111,39.1000,95.1222,0.0000,+0.1889,+39.1000,39.2889,1.4433,41.744,0.687,42.431,NVIDIA L4,4875190
cifar10,resnet18,0,8.0,1.0,64,42,94.8667,95.9000,95.3333,28.1000,95.1222,0.0000,+0.2111,+28.1000,28.3111,1.1311,36.570,0.220,36.790,NVIDIA L4,4875190
cifar10,resnet18,2,10.0,0.1,256,42,95.2000,92.9000,95.2000,92.9000,95.4889,0.0000,-0.2889,+92.9000,93.1889,0.0000,40.204,0.175,40.379,NVIDIA L4,4875190
cifar10,resnet18,2,10.0,0.1,512,42,95.2000,92.9000,95.2000,92.9000,95.4889,0.0000,-0.2889,+92.9000,93.1889,0.0000,39.431,0.732,40.163,NVIDIA L4,4875190
cifar10,resnet18,2,10.0,0.1,64,42,95.2000,92.9000,95.2000,92.9000,95.4889,0.0000,-0.2889,+92.9000,93.1889,0.0000,35.922,0.241,36.163,NVIDIA L4,4875190
cifar10,resnet18,2,10.0,0.5,256,42,95.2000,92.9000,95.2000,92.9000,95.4889,0.0000,-0.2889,+92.9000,93.1889,0.0000,40.204,0.186,40.390,NVIDIA L4,4875190
cifar10,resnet18,2,10.0,0.5,512,42,95.2000,92.9000,95.2000,92.9000,95.4889,0.0000,-0.2889,+92.9000,93.1889,0.0000,39.431,0.714,40.146,NVIDIA L4,4875190
cifar10,resnet18,2,10.0,0.5,64,42,95.2000,92.9000,95.2000,92.9000,95.4889,0.0000,-0.2889,+92.9000,93.1889,0.0000,35.922,0.278,36.199,NVIDIA L4,4875190
cifar10,resnet18,2,10.0,1.0,256,42,95.2000,92.9000,95.2000,92.9000,95.4889,0.0000,-0.2889,+92.9000,93.1889,0.0000,40.204,0.257,40.461,NVIDIA L4,4875190
cifar10,resnet18,2,10.0,1.0,512,42,95.2000,92.9000,95.2000,92.9000,95.4889,0.0000,-0.2889,+92.9000,93.1889,0.0000,39.431,0.778,40.209,NVIDIA L4,4875190
cifar10,resnet18,2,10.0,1.0,64,42,95.2000,92.9000,95.2000,92.9000,95.4889,0.0000,-0.2889,+92.9000,93.1889,0.0000,35.922,0.267,36.188,NVIDIA L4,4875190
cifar10,resnet18,2,12.0,0.1,256,42,95.2000,92.9000,95.2000,92.9000,95.4889,0.0000,-0.2889,+92.9000,93.1889,0.0000,40.204,0.163,40.367,NVIDIA L4,4875190
cifar10,resnet18,2,12.0,0.1,512,42,95.2000,92.9000,95.2000,92.9000,95.4889,0.0000,-0.2889,+92.9000,93.1889,0.0000,39.431,0.773,40.204,NVIDIA L4,4875190
cifar10,resnet18,2,12.0,0.1,64,42,95.2000,92.9000,95.2000,92.9000,95.4889,0.0000,-0.2889,+92.9000,93.1889,0.0000,35.922,0.185,36.107,NVIDIA L4,4875190
cifar10,resnet18,2,12.0,0.5,256,42,95.2000,92.9000,95.2000,92.9000,95.4889,0.0000,-0.2889,+92.9000,93.1889,0.0000,40.204,0.179,40.383,NVIDIA L4,4875190
cifar10,resnet18,2,12.0,0.5,512,42,95.2000,92.9000,95.2000,92.9000,95.4889,0.0000,-0.2889,+92.9000,93.1889,0.0000,39.431,0.749,40.180,NVIDIA L4,4875190
cifar10,resnet18,2,12.0,0.5,64,42,95.2000,92.9000,95.2000,92.9000,95.4889,0.0000,-0.2889,+92.9000,93.1889,0.0000,35.922,0.186,36.108,NVIDIA L4,4875190
cifar10,resnet18,2,12.0,1.0,256,42,95.2000,92.9000,95.2000,92.9000,95.4889,0.0000,-0.2889,+92.9000,93.1889,0.0000,40.204,0.262,40.466,NVIDIA L4,4875190
cifar10,resnet18,2,12.0,1.0,512,42,95.2000,92.9000,95.2000,92.9000,95.4889,0.0000,-0.2889,+92.9000,93.1889,0.0000,39.431,0.741,40.172,NVIDIA L4,4875190
cifar10,resnet18,2,12.0,1.0,64,42,95.2000,92.9000,95.2000,92.9000,95.4889,0.0000,-0.2889,+92.9000,93.1889,0.0000,35.922,0.197,36.118,NVIDIA L4,4875190
cifar10,resnet18,2,15.0,0.1,256,42,95.2000,92.9000,95.2000,92.9000,95.4889,0.0000,-0.2889,+92.9000,93.1889,0.0000,40.204,0.304,40.508,NVIDIA L4,4875190
cifar10,resnet18,2,15.0,0.1,512,42,95.2000,92.9000,95.2000,92.9000,95.4889,0.0000,-0.2889,+92.9000,93.1889,0.0000,39.431,0.736,40.167,NVIDIA L4,4875190
cifar10,resnet18,2,15.0,0.1,64,42,95.2000,92.9000,95.2000,92.9000,95.4889,0.0000,-0.2889,+92.9000,93.1889,0.0000,35.922,0.277,36.199,NVIDIA L4,4875190
cifar10,resnet18,2,15.0,0.5,256,42,95.2000,92.9000,95.2000,92.9000,95.4889,0.0000,-0.2889,+92.9000,93.1889,0.0000,40.204,0.241,40.445,NVIDIA L4,4875190
cifar10,resnet18,2,15.0,0.5,512,42,95.2000,92.9000,95.2000,92.9000,95.4889,0.0000,-0.2889,+92.9000,93.1889,0.0000,39.431,0.713,40.145,NVIDIA L4,4875190
cifar10,resnet18,2,15.0,0.5,64,42,95.2000,92.9000,95.2000,92.9000,95.4889,0.0000,-0.2889,+92.9000,93.1889,0.0000,35.922,0.245,36.167,NVIDIA L4,4875190
cifar10,resnet18,2,15.0,1.0,256,42,95.2000,92.9000,95.2000,92.9000,95.4889,0.0000,-0.2889,+92.9000,93.1889,0.0000,40.204,0.260,40.464,NVIDIA L4,4875190
cifar10,resnet18,2,15.0,1.0,512,42,95.2000,92.9000,95.2000,92.9000,95.4889,0.0000,-0.2889,+92.9000,93.1889,0.0000,39.431,0.195,39.627,NVIDIA L4,4875190
cifar10,resnet18,2,15.0,1.0,64,42,95.2000,92.9000,95.2000,92.9000,95.4889,0.0000,-0.2889,+92.9000,93.1889,0.0000,35.922,0.230,36.152,NVIDIA L4,4875190
cifar10,resnet18,2,2.0,0.1,256,42,95.2000,92.9000,11.1889,0.0000,95.4889,0.0000,-84.3000,+0.0000,84.3000,32.3902,40.204,0.158,40.362,NVIDIA L4,4875190
cifar10,resnet18,2,2.0,0.1,512,42,95.2000,92.9000,11.1111,0.0000,95.4889,0.0000,-84.3778,+0.0000,84.3778,34.0356,39.431,0.183,39.614,NVIDIA L4,4875190
cifar10,resnet18,2,2.0,0.1,64,42,95.2000,92.9000,11.3222,0.0000,95.4889,0.0000,-84.1667,+0.0000,84.1667,26.6551,35.922,0.172,36.093,NVIDIA L4,4875190
cifar10,resnet18,2,2.0,0.5,256,42,95.2000,92.9000,14.8889,0.0000,95.4889,0.0000,-80.6000,+0.0000,80.6000,32.3902,40.204,0.170,40.374,NVIDIA L4,4875190
cifar10,resnet18,2,2.0,0.5,512,42,95.2000,92.9000,11.1111,0.0000,95.4889,0.0000,-84.3778,+0.0000,84.3778,34.0356,39.431,0.169,39.600,NVIDIA L4,4875190
cifar10,resnet18,2,2.0,0.5,64,42,95.2000,92.9000,12.5000,0.0000,95.4889,0.0000,-82.9889,+0.0000,82.9889,26.6551,35.922,0.187,36.108,NVIDIA L4,4875190
cifar10,resnet18,2,2.0,1.0,256,42,95.2000,92.9000,12.8000,0.0000,95.4889,0.0000,-82.6889,+0.0000,82.6889,32.3902,40.204,0.123,40.327,NVIDIA L4,4875190
cifar10,resnet18,2,2.0,1.0,512,42,95.2000,92.9000,11.5222,0.0000,95.4889,0.0000,-83.9667,+0.0000,83.9667,34.0356,39.431,0.213,39.645,NVIDIA L4,4875190
cifar10,resnet18,2,2.0,1.0,64,42,95.2000,92.9000,24.6000,0.0000,95.4889,0.0000,-70.8889,+0.0000,70.8889,26.6551,35.922,0.183,36.105,NVIDIA L4,4875190
cifar10,resnet18,2,20.0,0.1,256,42,95.2000,92.9000,95.2000,92.9000,95.4889,0.0000,-0.2889,+92.9000,93.1889,0.0000,40.204,0.291,40.495,NVIDIA L4,4875190
cifar10,resnet18,2,20.0,0.1,512,42,95.2000,92.9000,95.2000,92.9000,95.4889,0.0000,-0.2889,+92.9000,93.1889,0.0000,39.431,0.750,40.181,NVIDIA L4,4875190
cifar10,resnet18,2,20.0,0.1,64,42,95.2000,92.9000,95.2000,92.9000,95.4889,0.0000,-0.2889,+92.9000,93.1889,0.0000,35.922,0.162,36.084,NVIDIA L4,4875190
cifar10,resnet18,2,20.0,0.5,256,42,95.2000,92.9000,95.2000,92.9000,95.4889,0.0000,-0.2889,+92.9000,93.1889,0.0000,40.204,0.273,40.477,NVIDIA L4,4875190
cifar10,resnet18,2,20.0,0.5,512,42,95.2000,92.9000,95.2000,92.9000,95.4889,0.0000,-0.2889,+92.9000,93.1889,0.0000,39.431,0.726,40.157,NVIDIA L4,4875190
cifar10,resnet18,2,20.0,0.5,64,42,95.2000,92.9000,95.2000,92.9000,95.4889,0.0000,-0.2889,+92.9000,93.1889,0.0000,35.922,0.156,36.078,NVIDIA L4,4875190
cifar10,resnet18,2,20.0,1.0,256,42,95.2000,92.9000,95.2000,92.9000,95.4889,0.0000,-0.2889,+92.9000,93.1889,0.0000,40.204,0.178,40.382,NVIDIA L4,4875190
cifar10,resnet18,2,20.0,1.0,512,42,95.2000,92.9000,95.2000,92.9000,95.4889,0.0000,-0.2889,+92.9000,93.1889,0.0000,39.431,0.708,40.139,NVIDIA L4,4875190
cifar10,resnet18,2,20.0,1.0,64,42,95.2000,92.9000,95.2000,92.9000,95.4889,0.0000,-0.2889,+92.9000,93.1889,0.0000,35.922,0.174,36.096,NVIDIA L4,4875190
cifar10,resnet18,2,30.0,0.1,256,42,95.2000,92.9000,95.2000,92.9000,95.4889,0.0000,-0.2889,+92.9000,93.1889,0.0000,40.204,0.172,40.376,NVIDIA L4,4875190
cifar10,resnet18,2,30.0,0.1,512,42,95.2000,92.9000,95.2000,92.9000,95.4889,0.0000,-0.2889,+92.9000,93.1889,0.0000,39.431,1.089,40.520,NVIDIA L4,4875190
cifar10,resnet18,2,30.0,0.1,64,42,95.2000,92.9000,95.2000,92.9000,95.4889,0.0000,-0.2889,+92.9000,93.1889,0.0000,35.922,0.209,36.131,NVIDIA L4,4875190
cifar10,resnet18,2,30.0,0.5,256,42,95.2000,92.9000,95.2000,92.9000,95.4889,0.0000,-0.2889,+92.9000,93.1889,0.0000,40.204,0.215,40.419,NVIDIA L4,4875190
cifar10,resnet18,2,30.0,0.5,512,42,95.2000,92.9000,95.2000,92.9000,95.4889,0.0000,-0.2889,+92.9000,93.1889,0.0000,39.431,1.125,40.557,NVIDIA L4,4875190
cifar10,resnet18,2,30.0,0.5,64,42,95.2000,92.9000,95.2000,92.9000,95.4889,0.0000,-0.2889,+92.9000,93.1889,0.0000,35.922,0.196,36.117,NVIDIA L4,4875190
cifar10,resnet18,2,30.0,1.0,256,42,95.2000,92.9000,95.2000,92.9000,95.4889,0.0000,-0.2889,+92.9000,93.1889,0.0000,40.204,0.223,40.427,NVIDIA L4,4875190
cifar10,resnet18,2,30.0,1.0,512,42,95.2000,92.9000,95.2000,92.9000,95.4889,0.0000,-0.2889,+92.9000,93.1889,0.0000,39.431,1.187,40.618,NVIDIA L4,4875190
cifar10,resnet18,2,30.0,1.0,64,42,95.2000,92.9000,95.2000,92.9000,95.4889,0.0000,-0.2889,+92.9000,93.1889,0.0000,35.922,0.139,36.061,NVIDIA L4,4875190
cifar10,resnet18,2,4.0,0.1,256,42,95.2000,92.9000,79.2333,0.0000,95.4889,0.0000,-16.2556,+0.0000,16.2556,11.1621,40.204,0.185,40.389,NVIDIA L4,4875190
cifar10,resnet18,2,4.0,0.1,512,42,95.2000,92.9000,38.3778,0.0000,95.4889,0.0000,-57.1111,+0.0000,57.1111,12.8140,39.431,0.247,39.678,NVIDIA L4,4875190
cifar10,resnet18,2,4.0,0.1,64,42,95.2000,92.9000,94.8222,0.0000,95.4889,0.0000,-0.6667,+0.0000,0.6667,8.3957,35.922,0.208,36.130,NVIDIA L4,4875190
cifar10,resnet18,2,4.0,0.5,256,42,95.2000,92.9000,81.4111,0.0000,95.4889,0.0000,-14.0778,+0.0000,14.0778,11.1621,40.204,0.196,40.400,NVIDIA L4,4875190
cifar10,resnet18,2,4.0,0.5,512,42,95.2000,92.9000,44.0778,0.0000,95.4889,0.0000,-51.4111,+0.0000,51.4111,12.8140,39.431,0.164,39.595,NVIDIA L4,4875190
cifar10,resnet18,2,4.0,0.5,64,42,95.2000,92.9000,94.8556,0.0000,95.4889,0.0000,-0.6333,+0.0000,0.6333,8.3957,35.922,0.193,36.115,NVIDIA L4,4875190
cifar10,resnet18,2,4.0,1.0,256,42,95.2000,92.9000,83.8556,0.0000,95.4889,0.0000,-11.6333,+0.0000,11.6333,11.1621,40.204,0.184,40.388,NVIDIA L4,4875190
cifar10,resnet18,2,4.0,1.0,512,42,95.2000,92.9000,53.6222,0.0000,95.4889,0.0000,-41.8667,+0.0000,41.8667,12.8140,39.431,0.213,39.644,NVIDIA L4,4875190
cifar10,resnet18,2,4.0,1.0,64,42,95.2000,92.9000,94.9444,0.0000,95.4889,0.0000,-0.5444,+0.0000,0.5444,8.3957,35.922,0.191,36.113,NVIDIA L4,4875190
cifar10,resnet18,2,50.0,0.1,256,42,95.2000,92.9000,95.2000,92.9000,95.4889,0.0000,-0.2889,+92.9000,93.1889,0.0000,40.204,0.177,40.381,NVIDIA L4,4875190
cifar10,resnet18,2,50.0,0.1,512,42,95.2000,92.9000,95.2000,92.9000,95.4889,0.0000,-0.2889,+92.9000,93.1889,0.0000,39.431,1.124,40.555,NVIDIA L4,4875190
cifar10,resnet18,2,50.0,0.1,64,42,95.2000,92.9000,95.2000,92.9000,95.4889,0.0000,-0.2889,+92.9000,93.1889,0.0000,35.922,0.193,36.115,NVIDIA L4,4875190
cifar10,resnet18,2,50.0,0.5,256,42,95.2000,92.9000,95.2000,92.9000,95.4889,0.0000,-0.2889,+92.9000,93.1889,0.0000,40.204,0.222,40.426,NVIDIA L4,4875190
cifar10,resnet18,2,50.0,0.5,512,42,95.2000,92.9000,95.2000,92.9000,95.4889,0.0000,-0.2889,+92.9000,93.1889,0.0000,39.431,1.147,40.578,NVIDIA L4,4875190
cifar10,resnet18,2,50.0,0.5,64,42,95.2000,92.9000,95.2000,92.9000,95.4889,0.0000,-0.2889,+92.9000,93.1889,0.0000,35.922,0.189,36.110,NVIDIA L4,4875190
cifar10,resnet18,2,50.0,1.0,256,42,95.2000,92.9000,95.2000,92.9000,95.4889,0.0000,-0.2889,+92.9000,93.1889,0.0000,40.204,0.215,40.419,NVIDIA L4,4875190
cifar10,resnet18,2,50.0,1.0,512,42,95.2000,92.9000,95.2000,92.9000,95.4889,0.0000,-0.2889,+92.9000,93.1889,0.0000,39.431,1.111,40.542,NVIDIA L4,4875190
cifar10,resnet18,2,50.0,1.0,64,42,95.2000,92.9000,95.2000,92.9000,95.4889,0.0000,-0.2889,+92.9000,93.1889,0.0000,35.922,0.244,36.166,NVIDIA L4,4875190
cifar10,resnet18,2,6.0,0.1,256,42,95.2000,92.9000,95.4667,0.0000,95.4889,0.0000,-0.0222,+0.0000,0.0222,4.3411,40.204,0.187,40.391,NVIDIA L4,4875190
cifar10,resnet18,2,6.0,0.1,512,42,95.2000,92.9000,94.8889,0.0000,95.4889,0.0000,-0.6000,+0.0000,0.6000,4.9160,39.431,0.172,39.604,NVIDIA L4,4875190
cifar10,resnet18,2,6.0,0.1,64,42,95.2000,92.9000,95.7111,0.0000,95.4889,0.0000,+0.2222,+0.0000,0.2222,3.4609,35.922,0.386,36.308,NVIDIA L4,4875190
cifar10,resnet18,2,6.0,0.5,256,42,95.2000,92.9000,95.4667,0.0000,95.4889,0.0000,-0.0222,+0.0000,0.0222,4.3411,40.204,0.241,40.445,NVIDIA L4,4875190
cifar10,resnet18,2,6.0,0.5,512,42,95.2000,92.9000,94.9111,0.0000,95.4889,0.0000,-0.5778,+0.0000,0.5778,4.9160,39.431,0.220,39.652,NVIDIA L4,4875190
cifar10,resnet18,2,6.0,0.5,64,42,95.2000,92.9000,95.6778,0.1000,95.4889,0.0000,+0.1889,+0.1000,0.2889,3.4609,35.922,0.673,36.595,NVIDIA L4,4875190
cifar10,resnet18,2,6.0,1.0,256,42,95.2000,92.9000,95.5222,4.6000,95.4889,0.0000,+0.0333,+4.6000,4.6333,4.3411,40.204,0.181,40.385,NVIDIA L4,4875190
cifar10,resnet18,2,6.0,1.0,512,42,95.2000,92.9000,95.0000,1.9000,95.4889,0.0000,-0.4889,+1.9000,2.3889,4.9160,39.431,0.694,40.126,NVIDIA L4,4875190
cifar10,resnet18,2,6.0,1.0,64,42,95.2000,92.9000,95.6667,5.2000,95.4889,0.0000,+0.1778,+5.2000,5.3778,3.4609,35.922,0.678,36.600,NVIDIA L4,4875190
cifar10,resnet18,2,8.0,0.1,256,42,95.2000,92.9000,95.6000,15.8000,95.4889,0.0000,+0.1111,+15.8000,15.9111,1.4482,40.204,0.163,40.367,NVIDIA L4,4875190
cifar10,resnet18,2,8.0,0.1,512,42,95.2000,92.9000,95.5778,17.7000,95.4889,0.0000,+0.0889,+17.7000,17.7889,1.6184,39.431,0.712,40.143,NVIDIA L4,4875190
cifar10,resnet18,2,8.0,0.1,64,42,95.2000,92.9000,95.6333,11.3000,95.4889,0.0000,+0.1444,+11.3000,11.4444,1.2281,35.922,0.545,36.467,NVIDIA L4,4875190
cifar10,resnet18,2,8.0,0.5,256,42,95.2000,92.9000,95.6000,28.9000,95.4889,0.0000,+0.1111,+28.9000,29.0111,1.4482,40.204,0.209,40.413,NVIDIA L4,4875190
cifar10,resnet18,2,8.0,0.5,512,42,95.2000,92.9000,95.5889,30.1000,95.4889,0.0000,+0.1000,+30.1000,30.2000,1.6184,39.431,0.726,40.157,NVIDIA L4,4875190
cifar10,resnet18,2,8.0,0.5,64,42,95.2000,92.9000,95.6333,24.8000,95.4889,0.0000,+0.1444,+24.8000,24.9444,1.2281,35.922,0.195,36.117,NVIDIA L4,4875190
cifar10,resnet18,2,8.0,1.0,256,42,95.2000,92.9000,95.6000,43.4000,95.4889,0.0000,+0.1111,+43.4000,43.5111,1.4482,40.204,0.243,40.447,NVIDIA L4,4875190
cifar10,resnet18,2,8.0,1.0,512,42,95.2000,92.9000,95.6000,46.2000,95.4889,0.0000,+0.1111,+46.2000,46.3111,1.6184,39.431,0.697,40.129,NVIDIA L4,4875190
cifar10,resnet18,2,8.0,1.0,64,42,95.2000,92.9000,95.6222,38.4000,95.4889,0.0000,+0.1333,+38.4000,38.5333,1.2281,35.922,0.212,36.133,NVIDIA L4,4875190
cifar10,resnet18,3,10.0,0.1,256,42,95.7111,88.3000,95.7111,88.3000,96.4556,0.0000,-0.7444,+88.3000,89.0444,0.0000,108.404,1.146,109.550,NVIDIA L4,4875190
cifar10,resnet18,3,10.0,0.1,512,42,95.7111,88.3000,95.7111,88.3000,96.4556,0.0000,-0.7444,+88.3000,89.0444,0.0000,89.843,1.160,91.003,NVIDIA L4,4875190
cifar10,resnet18,3,10.0,0.1,64,42,95.7111,88.3000,95.7111,88.3000,96.4556,0.0000,-0.7444,+88.3000,89.0444,0.0000,84.221,1.124,85.344,NVIDIA L4,4875190
cifar10,resnet18,3,10.0,0.5,256,42,95.7111,88.3000,95.7111,88.3000,96.4556,0.0000,-0.7444,+88.3000,89.0444,0.0000,108.404,1.164,109.568,NVIDIA L4,4875190
cifar10,resnet18,3,10.0,0.5,512,42,95.7111,88.3000,95.7111,88.3000,96.4556,0.0000,-0.7444,+88.3000,89.0444,0.0000,89.843,0.851,90.694,NVIDIA L4,4875190
cifar10,resnet18,3,10.0,0.5,64,42,95.7111,88.3000,95.7111,88.3000,96.4556,0.0000,-0.7444,+88.3000,89.0444,0.0000,84.221,1.127,85.348,NVIDIA L4,4875190
cifar10,resnet18,3,10.0,1.0,256,42,95.7111,88.3000,95.7111,88.3000,96.4556,0.0000,-0.7444,+88.3000,89.0444,0.0000,108.404,1.168,109.572,NVIDIA L4,4875190
cifar10,resnet18,3,10.0,1.0,512,42,95.7111,88.3000,95.7111,88.3000,96.4556,0.0000,-0.7444,+88.3000,89.0444,0.0000,89.843,1.165,91.008,NVIDIA L4,4875190
cifar10,resnet18,3,10.0,1.0,64,42,95.7111,88.3000,95.7111,88.3000,96.4556,0.0000,-0.7444,+88.3000,89.0444,0.0000,84.221,1.142,85.362,NVIDIA L4,4875190
cifar10,resnet18,3,12.0,0.1,256,42,95.7111,88.3000,95.7111,88.3000,96.4556,0.0000,-0.7444,+88.3000,89.0444,0.0000,108.404,1.126,109.530,NVIDIA L4,4875190
cifar10,resnet18,3,12.0,0.1,512,42,95.7111,88.3000,95.7111,88.3000,96.4556,0.0000,-0.7444,+88.3000,89.0444,0.0000,89.843,1.139,90.983,NVIDIA L4,4875190
cifar10,resnet18,3,12.0,0.1,64,42,95.7111,88.3000,95.7111,88.3000,96.4556,0.0000,-0.7444,+88.3000,89.0444,0.0000,84.221,0.728,84.949,NVIDIA L4,4875190
cifar10,resnet18,3,12.0,0.5,256,42,95.7111,88.3000,95.7111,88.3000,96.4556,0.0000,-0.7444,+88.3000,89.0444,0.0000,108.404,1.172,109.576,NVIDIA L4,4875190
cifar10,resnet18,3,12.0,0.5,512,42,95.7111,88.3000,95.7111,88.3000,96.4556,0.0000,-0.7444,+88.3000,89.0444,0.0000,89.843,1.152,90.996,NVIDIA L4,4875190
cifar10,resnet18,3,12.0,0.5,64,42,95.7111,88.3000,95.7111,88.3000,96.4556,0.0000,-0.7444,+88.3000,89.0444,0.0000,84.221,0.778,84.999,NVIDIA L4,4875190
cifar10,resnet18,3,12.0,1.0,256,42,95.7111,88.3000,95.7111,88.3000,96.4556,0.0000,-0.7444,+88.3000,89.0444,0.0000,108.404,1.130,109.534,NVIDIA L4,4875190
cifar10,resnet18,3,12.0,1.0,512,42,95.7111,88.3000,95.7111,88.3000,96.4556,0.0000,-0.7444,+88.3000,89.0444,0.0000,89.843,1.113,90.956,NVIDIA L4,4875190
cifar10,resnet18,3,12.0,1.0,64,42,95.7111,88.3000,95.7111,88.3000,96.4556,0.0000,-0.7444,+88.3000,89.0444,0.0000,84.221,1.166,85.387,NVIDIA L4,4875190
cifar10,resnet18,3,15.0,0.1,256,42,95.7111,88.3000,95.7111,88.3000,96.4556,0.0000,-0.7444,+88.3000,89.0444,0.0000,108.404,1.174,109.578,NVIDIA L4,4875190
cifar10,resnet18,3,15.0,0.1,512,42,95.7111,88.3000,95.7111,88.3000,96.4556,0.0000,-0.7444,+88.3000,89.0444,0.0000,89.843,1.138,90.981,NVIDIA L4,4875190
cifar10,resnet18,3,15.0,0.1,64,42,95.7111,88.3000,95.7111,88.3000,96.4556,0.0000,-0.7444,+88.3000,89.0444,0.0000,84.221,1.173,85.394,NVIDIA L4,4875190
cifar10,resnet18,3,15.0,0.5,256,42,95.7111,88.3000,95.7111,88.3000,96.4556,0.0000,-0.7444,+88.3000,89.0444,0.0000,108.404,1.156,109.560,NVIDIA L4,4875190
cifar10,resnet18,3,15.0,0.5,512,42,95.7111,88.3000,95.7111,88.3000,96.4556,0.0000,-0.7444,+88.3000,89.0444,0.0000,89.843,1.134,90.978,NVIDIA L4,4875190
cifar10,resnet18,3,15.0,0.5,64,42,95.7111,88.3000,95.7111,88.3000,96.4556,0.0000,-0.7444,+88.3000,89.0444,0.0000,84.221,1.228,85.449,NVIDIA L4,4875190
cifar10,resnet18,3,15.0,1.0,256,42,95.7111,88.3000,95.7111,88.3000,96.4556,0.0000,-0.7444,+88.3000,89.0444,0.0000,108.404,1.179,109.583,NVIDIA L4,4875190
cifar10,resnet18,3,15.0,1.0,512,42,95.7111,88.3000,95.7111,88.3000,96.4556,0.0000,-0.7444,+88.3000,89.0444,0.0000,89.843,1.173,91.017,NVIDIA L4,4875190
cifar10,resnet18,3,15.0,1.0,64,42,95.7111,88.3000,95.7111,88.3000,96.4556,0.0000,-0.7444,+88.3000,89.0444,0.0000,84.221,1.211,85.432,NVIDIA L4,4875190
cifar10,resnet18,3,2.0,0.1,256,42,95.7111,88.3000,12.3444,0.0000,96.4556,0.0000,-84.1111,+0.0000,84.1111,31.1299,108.404,1.694,110.098,NVIDIA L4,4875190
cifar10,resnet18,3,2.0,0.1,512,42,95.7111,88.3000,11.1111,0.0000,96.4556,0.0000,-85.3444,+0.0000,85.3444,32.6856,89.843,1.182,91.025,NVIDIA L4,4875190
cifar10,resnet18,3,2.0,0.1,64,42,95.7111,88.3000,11.1111,0.0000,96.4556,0.0000,-85.3444,+0.0000,85.3444,25.5821,84.221,1.261,85.482,NVIDIA L4,4875190
cifar10,resnet18,3,2.0,0.5,256,42,95.7111,88.3000,11.0556,0.0000,96.4556,0.0000,-85.4000,+0.0000,85.4000,31.1299,108.404,1.721,110.125,NVIDIA L4,4875190
cifar10,resnet18,3,2.0,0.5,512,42,95.7111,88.3000,11.1111,0.0000,96.4556,0.0000,-85.3444,+0.0000,85.3444,32.6856,89.843,0.779,90.623,NVIDIA L4,4875190
cifar10,resnet18,3,2.0,0.5,64,42,95.7111,88.3000,11.0667,0.0000,96.4556,0.0000,-85.3889,+0.0000,85.3889,25.5821,84.221,1.221,85.442,NVIDIA L4,4875190
cifar10,resnet18,3,2.0,1.0,256,42,95.7111,88.3000,11.2333,0.0000,96.4556,0.0000,-85.2222,+0.0000,85.2222,31.1299,108.404,1.652,110.056,NVIDIA L4,4875190
cifar10,resnet18,3,2.0,1.0,512,42,95.7111,88.3000,11.1000,0.0000,96.4556,0.0000,-85.3556,+0.0000,85.3556,32.6856,89.843,1.249,91.092,NVIDIA L4,4875190
cifar10,resnet18,3,2.0,1.0,64,42,95.7111,88.3000,13.5556,0.0000,96.4556,0.0000,-82.9000,+0.0000,82.9000,25.5821,84.221,1.008,85.229,NVIDIA L4,4875190
cifar10,resnet18,3,20.0,0.1,256,42,95.7111,88.3000,95.7111,88.3000,96.4556,0.0000,-0.7444,+88.3000,89.0444,0.0000,108.404,0.724,109.128,NVIDIA L4,4875190
cifar10,resnet18,3,20.0,0.1,512,42,95.7111,88.3000,95.7111,88.3000,96.4556,0.0000,-0.7444,+88.3000,89.0444,0.0000,89.843,1.156,90.999,NVIDIA L4,4875190
cifar10,resnet18,3,20.0,0.1,64,42,95.7111,88.3000,95.7111,88.3000,96.4556,0.0000,-0.7444,+88.3000,89.0444,0.0000,84.221,1.225,85.446,NVIDIA L4,4875190
cifar10,resnet18,3,20.0,0.5,256,42,95.7111,88.3000,95.7111,88.3000,96.4556,0.0000,-0.7444,+88.3000,89.0444,0.0000,108.404,0.868,109.272,NVIDIA L4,4875190
cifar10,resnet18,3,20.0,0.5,512,42,95.7111,88.3000,95.7111,88.3000,96.4556,0.0000,-0.7444,+88.3000,89.0444,0.0000,89.843,1.196,91.040,NVIDIA L4,4875190
cifar10,resnet18,3,20.0,0.5,64,42,95.7111,88.3000,95.7111,88.3000,96.4556,0.0000,-0.7444,+88.3000,89.0444,0.0000,84.221,1.189,85.410,NVIDIA L4,4875190
cifar10,resnet18,3,20.0,1.0,256,42,95.7111,88.3000,95.7111,88.3000,96.4556,0.0000,-0.7444,+88.3000,89.0444,0.0000,108.404,1.213,109.617,NVIDIA L4,4875190
cifar10,resnet18,3,20.0,1.0,512,42,95.7111,88.3000,95.7111,88.3000,96.4556,0.0000,-0.7444,+88.3000,89.0444,0.0000,89.843,1.173,91.016,NVIDIA L4,4875190
cifar10,resnet18,3,20.0,1.0,64,42,95.7111,88.3000,95.7111,88.3000,96.4556,0.0000,-0.7444,+88.3000,89.0444,0.0000,84.221,1.217,85.438,NVIDIA L4,4875190
cifar10,resnet18,3,30.0,0.1,256,42,95.7111,88.3000,95.7111,88.3000,96.4556,0.0000,-0.7444,+88.3000,89.0444,0.0000,108.404,1.218,109.622,NVIDIA L4,4875190
cifar10,resnet18,3,30.0,0.1,512,42,95.7111,88.3000,95.7111,88.3000,96.4556,0.0000,-0.7444,+88.3000,89.0444,0.0000,89.843,1.156,90.999,NVIDIA L4,4875190
cifar10,resnet18,3,30.0,0.1,64,42,95.7111,88.3000,95.7111,88.3000,96.4556,0.0000,-0.7444,+88.3000,89.0444,0.0000,84.221,1.233,85.454,NVIDIA L4,4875190
cifar10,resnet18,3,30.0,0.5,256,42,95.7111,88.3000,95.7111,88.3000,96.4556,0.0000,-0.7444,+88.3000,89.0444,0.0000,108.404,1.232,109.637,NVIDIA L4,4875190
cifar10,resnet18,3,30.0,0.5,512,42,95.7111,88.3000,95.7111,88.3000,96.4556,0.0000,-0.7444,+88.3000,89.0444,0.0000,89.843,0.799,90.643,NVIDIA L4,4875190
cifar10,resnet18,3,30.0,0.5,64,42,95.7111,88.3000,95.7111,88.3000,96.4556,0.0000,-0.7444,+88.3000,89.0444,0.0000,84.221,1.218,85.439,NVIDIA L4,4875190
cifar10,resnet18,3,30.0,1.0,256,42,95.7111,88.3000,95.7111,88.3000,96.4556,0.0000,-0.7444,+88.3000,89.0444,0.0000,108.404,1.228,109.632,NVIDIA L4,4875190
cifar10,resnet18,3,30.0,1.0,512,42,95.7111,88.3000,95.7111,88.3000,96.4556,0.0000,-0.7444,+88.3000,89.0444,0.0000,89.843,0.774,90.617,NVIDIA L4,4875190
cifar10,resnet18,3,30.0,1.0,64,42,95.7111,88.3000,95.7111,88.3000,96.4556,0.0000,-0.7444,+88.3000,89.0444,0.0000,84.221,1.236,85.457,NVIDIA L4,4875190
cifar10,resnet18,3,4.0,0.1,256,42,95.7111,88.3000,13.0444,0.0000,96.4556,0.0000,-83.4111,+0.0000,83.4111,10.6491,108.404,1.659,110.063,NVIDIA L4,4875190
cifar10,resnet18,3,4.0,0.1,512,42,95.7111,88.3000,11.2222,0.0000,96.4556,0.0000,-85.2333,+0.0000,85.2333,12.5529,89.843,1.183,91.027,NVIDIA L4,4875190
cifar10,resnet18,3,4.0,0.1,64,42,95.7111,88.3000,68.0667,0.0000,96.4556,0.0000,-28.3889,+0.0000,28.3889,6.9476,84.221,1.201,85.422,NVIDIA L4,4875190
cifar10,resnet18,3,4.0,0.5,256,42,95.7111,88.3000,13.6444,0.0000,96.4556,0.0000,-82.8111,+0.0000,82.8111,10.6491,108.404,1.644,110.048,NVIDIA L4,4875190
cifar10,resnet18,3,4.0,0.5,512,42,95.7111,88.3000,14.3556,0.0000,96.4556,0.0000,-82.1000,+0.0000,82.1000,12.5529,89.843,1.193,91.036,NVIDIA L4,4875190
cifar10,resnet18,3,4.0,0.5,64,42,95.7111,88.3000,74.0111,0.0000,96.4556,0.0000,-22.4444,+0.0000,22.4444,6.9476,84.221,1.137,85.358,NVIDIA L4,4875190
cifar10,resnet18,3,4.0,1.0,256,42,95.7111,88.3000,14.3333,0.0000,96.4556,0.0000,-82.1222,+0.0000,82.1222,10.6491,108.404,1.681,110.085,NVIDIA L4,4875190
cifar10,resnet18,3,4.0,1.0,512,42,95.7111,88.3000,15.1000,0.0000,96.4556,0.0000,-81.3556,+0.0000,81.3556,12.5529,89.843,1.198,91.041,NVIDIA L4,4875190
cifar10,resnet18,3,4.0,1.0,64,42,95.7111,88.3000,80.2333,0.0000,96.4556,0.0000,-16.2222,+0.0000,16.2222,6.9476,84.221,1.159,85.380,NVIDIA L4,4875190
cifar10,resnet18,3,50.0,0.1,256,42,95.7111,88.3000,95.7111,88.3000,96.4556,0.0000,-0.7444,+88.3000,89.0444,0.0000,108.404,1.208,109.612,NVIDIA L4,4875190
cifar10,resnet18,3,50.0,0.1,512,42,95.7111,88.3000,95.7111,88.3000,96.4556,0.0000,-0.7444,+88.3000,89.0444,0.0000,89.843,0.753,90.596,NVIDIA L4,4875190
cifar10,resnet18,3,50.0,0.1,64,42,95.7111,88.3000,95.7111,88.3000,96.4556,0.0000,-0.7444,+88.3000,89.0444,0.0000,84.221,1.218,85.439,NVIDIA L4,4875190
cifar10,resnet18,3,50.0,0.5,256,42,95.7111,88.3000,95.7111,88.3000,96.4556,0.0000,-0.7444,+88.3000,89.0444,0.0000,108.404,1.202,109.606,NVIDIA L4,4875190
cifar10,resnet18,3,50.0,0.5,512,42,95.7111,88.3000,95.7111,88.3000,96.4556,0.0000,-0.7444,+88.3000,89.0444,0.0000,89.843,0.756,90.600,NVIDIA L4,4875190
cifar10,resnet18,3,50.0,0.5,64,42,95.7111,88.3000,95.7111,88.3000,96.4556,0.0000,-0.7444,+88.3000,89.0444,0.0000,84.221,1.211,85.432,NVIDIA L4,4875190
cifar10,resnet18,3,50.0,1.0,256,42,95.7111,88.3000,95.7111,88.3000,96.4556,0.0000,-0.7444,+88.3000,89.0444,0.0000,108.404,1.214,109.618,NVIDIA L4,4875190
cifar10,resnet18,3,50.0,1.0,512,42,95.7111,88.3000,95.7111,88.3000,96.4556,0.0000,-0.7444,+88.3000,89.0444,0.0000,89.843,0.742,90.585,NVIDIA L4,4875190
cifar10,resnet18,3,50.0,1.0,64,42,95.7111,88.3000,95.7111,88.3000,96.4556,0.0000,-0.7444,+88.3000,89.0444,0.0000,84.221,1.131,85.352,NVIDIA L4,4875190
cifar10,resnet18,3,6.0,0.1,256,42,95.7111,88.3000,94.8000,0.0000,96.4556,0.0000,-1.6556,+0.0000,1.6556,3.3349,108.404,1.669,110.073,NVIDIA L4,4875190
cifar10,resnet18,3,6.0,0.1,512,42,95.7111,88.3000,81.0222,0.0000,96.4556,0.0000,-15.4333,+0.0000,15.4333,4.1089,89.843,1.246,91.089,NVIDIA L4,4875190
cifar10,resnet18,3,6.0,0.1,64,42,95.7111,88.3000,96.3889,0.0000,96.4556,0.0000,-0.0667,+0.0000,0.0667,2.4621,84.221,1.137,85.358,NVIDIA L4,4875190
cifar10,resnet18,3,6.0,0.5,256,42,95.7111,88.3000,94.8778,0.0000,96.4556,0.0000,-1.5778,+0.0000,1.5778,3.3349,108.404,1.195,109.599,NVIDIA L4,4875190
cifar10,resnet18,3,6.0,0.5,512,42,95.7111,88.3000,83.1000,0.0000,96.4556,0.0000,-13.3556,+0.0000,13.3556,4.1089,89.843,1.240,91.083,NVIDIA L4,4875190
cifar10,resnet18,3,6.0,0.5,64,42,95.7111,88.3000,96.3889,0.2000,96.4556,0.0000,-0.0667,+0.2000,0.2667,2.4621,84.221,1.151,85.372,NVIDIA L4,4875190
cifar10,resnet18,3,6.0,1.0,256,42,95.7111,88.3000,95.0889,1.2000,96.4556,0.0000,-1.3667,+1.2000,2.5667,3.3349,108.404,1.124,109.528,NVIDIA L4,4875190
cifar10,resnet18,3,6.0,1.0,512,42,95.7111,88.3000,85.7667,0.0000,96.4556,0.0000,-10.6889,+0.0000,10.6889,4.1089,89.843,1.245,91.088,NVIDIA L4,4875190
cifar10,resnet18,3,6.0,1.0,64,42,95.7111,88.3000,96.4222,3.4000,96.4556,0.0000,-0.0333,+3.4000,3.4333,2.4621,84.221,1.162,85.383,NVIDIA L4,4875190
cifar10,resnet18,3,8.0,0.1,256,42,95.7111,88.3000,96.5000,5.1000,96.4556,0.0000,+0.0444,+5.1000,5.1444,1.0021,108.404,1.112,109.516,NVIDIA L4,4875190
cifar10,resnet18,3,8.0,0.1,512,42,95.7111,88.3000,96.5444,6.2000,96.4556,0.0000,+0.0889,+6.2000,6.2889,1.1311,89.843,1.220,91.063,NVIDIA L4,4875190
cifar10,resnet18,3,8.0,0.1,64,42,95.7111,88.3000,96.4889,2.6000,96.4556,0.0000,+0.0333,+2.6000,2.6333,0.8430,84.221,1.094,85.314,NVIDIA L4,4875190
cifar10,resnet18,3,8.0,0.5,256,42,95.7111,88.3000,96.5000,15.2000,96.4556,0.0000,+0.0444,+15.2000,15.2444,1.0021,108.404,1.113,109.517,NVIDIA L4,4875190
cifar10,resnet18,3,8.0,0.5,512,42,95.7111,88.3000,96.5222,15.7000,96.4556,0.0000,+0.0667,+15.7000,15.7667,1.1311,89.843,1.215,91.059,NVIDIA L4,4875190
cifar10,resnet18,3,8.0,0.5,64,42,95.7111,88.3000,96.4889,11.0000,96.4556,0.0000,+0.0333,+11.0000,11.0333,0.8430,84.221,1.120,85.341,NVIDIA L4,4875190
cifar10,resnet18,3,8.0,1.0,256,42,95.7111,88.3000,96.5000,27.8000,96.4556,0.0000,+0.0444,+27.8000,27.8444,1.0021,108.404,1.118,109.522,NVIDIA L4,4875190
cifar10,resnet18,3,8.0,1.0,512,42,95.7111,88.3000,96.5222,27.9000,96.4556,0.0000,+0.0667,+27.9000,27.9667,1.1311,89.843,1.195,91.039,NVIDIA L4,4875190
cifar10,resnet18,3,8.0,1.0,64,42,95.7111,88.3000,96.4889,23.0000,96.4556,0.0000,+0.0333,+23.0000,23.0333,0.8430,84.221,1.120,85.341,NVIDIA L4,4875190
cifar10,resnet18,5,10.0,0.1,256,42,95.2333,92.6000,95.2333,92.6000,95.9444,0.0000,-0.7111,+92.6000,93.3111,0.0000,28.109,0.011,28.121,NVIDIA L4,6e3d1db
cifar10,resnet18,5,10.0,0.1,512,42,95.2333,92.6000,95.2333,92.6000,95.9444,0.0000,-0.7111,+92.6000,93.3111,0.0000,31.663,0.011,31.674,NVIDIA L4,6e3d1db
cifar10,resnet18,5,10.0,0.1,64,42,95.2333,92.6000,95.2333,92.6000,95.9444,0.0000,-0.7111,+92.6000,93.3111,0.0000,62.591,0.785,63.376,NVIDIA L4,4875190
cifar10,resnet18,5,10.0,0.5,256,42,95.2333,92.6000,95.2333,92.6000,95.9444,0.0000,-0.7111,+92.6000,93.3111,0.0000,28.109,0.011,28.120,NVIDIA L4,6e3d1db
cifar10,resnet18,5,10.0,0.5,512,42,95.2333,92.6000,95.2333,92.6000,95.9444,0.0000,-0.7111,+92.6000,93.3111,0.0000,31.663,0.011,31.674,NVIDIA L4,6e3d1db
cifar10,resnet18,5,10.0,0.5,64,42,95.2333,92.6000,95.2333,92.6000,95.9444,0.0000,-0.7111,+92.6000,93.3111,0.0000,62.591,0.811,63.403,NVIDIA L4,4875190
cifar10,resnet18,5,10.0,1.0,256,42,95.2333,92.6000,95.2333,92.6000,95.9444,0.0000,-0.7111,+92.6000,93.3111,0.0000,28.109,0.011,28.120,NVIDIA L4,6e3d1db
cifar10,resnet18,5,10.0,1.0,512,42,95.2333,92.6000,95.2333,92.6000,95.9444,0.0000,-0.7111,+92.6000,93.3111,0.0000,31.663,0.011,31.674,NVIDIA L4,6e3d1db
cifar10,resnet18,5,10.0,1.0,64,42,95.2333,92.6000,95.2333,92.6000,95.9444,0.0000,-0.7111,+92.6000,93.3111,0.0000,62.591,0.777,63.368,NVIDIA L4,4875190
cifar10,resnet18,5,12.0,0.1,256,42,95.2333,92.6000,95.2333,92.6000,95.9444,0.0000,-0.7111,+92.6000,93.3111,0.0000,28.109,0.012,28.121,NVIDIA L4,6e3d1db
cifar10,resnet18,5,12.0,0.1,512,42,95.2333,92.6000,95.2333,92.6000,95.9444,0.0000,-0.7111,+92.6000,93.3111,0.0000,31.663,0.012,31.676,NVIDIA L4,6e3d1db
cifar10,resnet18,5,12.0,0.1,64,42,95.2333,92.6000,95.2333,92.6000,95.9444,0.0000,-0.7111,+92.6000,93.3111,0.0000,62.591,0.743,63.334,NVIDIA L4,4875190
cifar10,resnet18,5,12.0,0.5,256,42,95.2333,92.6000,95.2333,92.6000,95.9444,0.0000,-0.7111,+92.6000,93.3111,0.0000,28.109,0.011,28.120,NVIDIA L4,6e3d1db
cifar10,resnet18,5,12.0,0.5,512,42,95.2333,92.6000,95.2333,92.6000,95.9444,0.0000,-0.7111,+92.6000,93.3111,0.0000,31.663,0.012,31.675,NVIDIA L4,6e3d1db
cifar10,resnet18,5,12.0,0.5,64,42,95.2333,92.6000,95.2333,92.6000,95.9444,0.0000,-0.7111,+92.6000,93.3111,0.0000,62.591,0.661,63.253,NVIDIA L4,4875190
cifar10,resnet18,5,12.0,1.0,256,42,95.2333,92.6000,95.2333,92.6000,95.9444,0.0000,-0.7111,+92.6000,93.3111,0.0000,28.109,0.012,28.121,NVIDIA L4,6e3d1db
cifar10,resnet18,5,12.0,1.0,512,42,95.2333,92.6000,95.2333,92.6000,95.9444,0.0000,-0.7111,+92.6000,93.3111,0.0000,31.663,0.011,31.674,NVIDIA L4,6e3d1db
cifar10,resnet18,5,12.0,1.0,64,42,95.2333,92.6000,95.2333,92.6000,95.9444,0.0000,-0.7111,+92.6000,93.3111,0.0000,62.591,0.683,63.274,NVIDIA L4,4875190
cifar10,resnet18,5,15.0,0.1,256,42,95.2333,92.6000,95.2333,92.6000,95.9444,0.0000,-0.7111,+92.6000,93.3111,0.0000,28.109,0.012,28.121,NVIDIA L4,6e3d1db
cifar10,resnet18,5,15.0,0.1,512,42,95.2333,92.6000,95.2333,92.6000,95.9444,0.0000,-0.7111,+92.6000,93.3111,0.0000,31.663,0.013,31.676,NVIDIA L4,6e3d1db
cifar10,resnet18,5,15.0,0.1,64,42,95.2333,92.6000,95.2333,92.6000,95.9444,0.0000,-0.7111,+92.6000,93.3111,0.0000,62.591,0.709,63.300,NVIDIA L4,4875190
cifar10,resnet18,5,15.0,0.5,256,42,95.2333,92.6000,95.2333,92.6000,95.9444,0.0000,-0.7111,+92.6000,93.3111,0.0000,28.109,0.011,28.120,NVIDIA L4,6e3d1db
cifar10,resnet18,5,15.0,0.5,512,42,95.2333,92.6000,95.2333,92.6000,95.9444,0.0000,-0.7111,+92.6000,93.3111,0.0000,31.663,0.011,31.674,NVIDIA L4,6e3d1db
cifar10,resnet18,5,15.0,0.5,64,42,95.2333,92.6000,95.2333,92.6000,95.9444,0.0000,-0.7111,+92.6000,93.3111,0.0000,62.591,0.693,63.284,NVIDIA L4,4875190
cifar10,resnet18,5,15.0,1.0,256,42,95.2333,92.6000,95.2333,92.6000,95.9444,0.0000,-0.7111,+92.6000,93.3111,0.0000,28.109,0.011,28.121,NVIDIA L4,6e3d1db
cifar10,resnet18,5,15.0,1.0,512,42,95.2333,92.6000,95.2333,92.6000,95.9444,0.0000,-0.7111,+92.6000,93.3111,0.0000,31.663,0.011,31.675,NVIDIA L4,6e3d1db
cifar10,resnet18,5,15.0,1.0,64,42,95.2333,92.6000,95.2333,92.6000,95.9444,0.0000,-0.7111,+92.6000,93.3111,0.0000,62.591,0.674,63.265,NVIDIA L4,4875190
cifar10,resnet18,5,2.0,0.1,256,42,95.2333,92.6000,11.1111,0.0000,95.9444,0.0000,-84.8333,+0.0000,84.8333,30.5176,28.109,0.035,28.144,NVIDIA L4,6e3d1db
cifar10,resnet18,5,2.0,0.1,512,42,95.2333,92.6000,11.1111,0.0000,95.9444,0.0000,-84.8333,+0.0000,84.8333,31.9482,31.663,0.018,31.681,NVIDIA L4,6e3d1db
cifar10,resnet18,5,2.0,0.1,64,42,95.2333,92.6000,11.1222,0.0000,95.9444,0.0000,-84.8222,+0.0000,84.8222,25.2961,62.591,0.713,63.305,NVIDIA L4,4875190
cifar10,resnet18,5,2.0,0.5,256,42,95.2333,92.6000,11.1111,0.0000,95.9444,0.0000,-84.8333,+0.0000,84.8333,30.5176,28.109,0.014,28.123,NVIDIA L4,6e3d1db
cifar10,resnet18,5,2.0,0.5,512,42,95.2333,92.6000,11.1111,0.0000,95.9444,0.0000,-84.8333,+0.0000,84.8333,31.9482,31.663,0.015,31.678,NVIDIA L4,6e3d1db
cifar10,resnet18,5,2.0,0.5,64,42,95.2333,92.6000,11.1111,0.0000,95.9444,0.0000,-84.8333,+0.0000,84.8333,25.2961,62.591,0.742,63.333,NVIDIA L4,4875190
cifar10,resnet18,5,2.0,1.0,256,42,95.2333,92.6000,11.1111,0.0000,95.9444,0.0000,-84.8333,+0.0000,84.8333,30.5176,28.109,0.013,28.123,NVIDIA L4,6e3d1db
cifar10,resnet18,5,2.0,1.0,512,42,95.2333,92.6000,11.1111,0.0000,95.9444,0.0000,-84.8333,+0.0000,84.8333,31.9482,31.663,0.013,31.676,NVIDIA L4,6e3d1db
cifar10,resnet18,5,2.0,1.0,64,42,95.2333,92.6000,11.1111,0.0000,95.9444,0.0000,-84.8333,+0.0000,84.8333,25.2961,62.591,0.726,63.317,NVIDIA L4,4875190
cifar10,resnet18,5,20.0,0.1,256,42,95.2333,92.6000,95.2333,92.6000,95.9444,0.0000,-0.7111,+92.6000,93.3111,0.0000,28.109,0.011,28.121,NVIDIA L4,6e3d1db
cifar10,resnet18,5,20.0,0.1,512,42,95.2333,92.6000,95.2333,92.6000,95.9444,0.0000,-0.7111,+92.6000,93.3111,0.0000,31.663,0.011,31.674,NVIDIA L4,6e3d1db
cifar10,resnet18,5,20.0,0.1,64,42,95.2333,92.6000,95.2333,92.6000,95.9444,0.0000,-0.7111,+92.6000,93.3111,0.0000,62.591,0.661,63.253,NVIDIA L4,4875190
cifar10,resnet18,5,20.0,0.5,256,42,95.2333,92.6000,95.2333,92.6000,95.9444,0.0000,-0.7111,+92.6000,93.3111,0.0000,28.109,0.011,28.120,NVIDIA L4,6e3d1db
cifar10,resnet18,5,20.0,0.5,512,42,95.2333,92.6000,95.2333,92.6000,95.9444,0.0000,-0.7111,+92.6000,93.3111,0.0000,31.663,0.011,31.674,NVIDIA L4,6e3d1db
cifar10,resnet18,5,20.0,0.5,64,42,95.2333,92.6000,95.2333,92.6000,95.9444,0.0000,-0.7111,+92.6000,93.3111,0.0000,62.591,0.699,63.291,NVIDIA L4,4875190
cifar10,resnet18,5,20.0,1.0,256,42,95.2333,92.6000,95.2333,92.6000,95.9444,0.0000,-0.7111,+92.6000,93.3111,0.0000,28.109,0.010,28.120,NVIDIA L4,6e3d1db
cifar10,resnet18,5,20.0,1.0,512,42,95.2333,92.6000,95.2333,92.6000,95.9444,0.0000,-0.7111,+92.6000,93.3111,0.0000,31.663,0.011,31.674,NVIDIA L4,6e3d1db
cifar10,resnet18,5,20.0,1.0,64,42,95.2333,92.6000,95.2333,92.6000,95.9444,0.0000,-0.7111,+92.6000,93.3111,0.0000,62.591,0.705,63.296,NVIDIA L4,4875190
cifar10,resnet18,5,30.0,0.1,256,42,95.2333,92.6000,95.2333,92.6000,95.9444,0.0000,-0.7111,+92.6000,93.3111,0.0000,28.109,0.011,28.121,NVIDIA L4,6e3d1db
cifar10,resnet18,5,30.0,0.1,512,42,95.2333,92.6000,95.2333,92.6000,95.9444,0.0000,-0.7111,+92.6000,93.3111,0.0000,31.663,0.011,31.674,NVIDIA L4,6e3d1db
cifar10,resnet18,5,30.0,0.1,64,42,95.2333,92.6000,95.2333,92.6000,95.9444,0.0000,-0.7111,+92.6000,93.3111,0.0000,62.591,0.704,63.295,NVIDIA L4,4875190
cifar10,resnet18,5,30.0,0.5,256,42,95.2333,92.6000,95.2333,92.6000,95.9444,0.0000,-0.7111,+92.6000,93.3111,0.0000,28.109,0.011,28.121,NVIDIA L4,6e3d1db
cifar10,resnet18,5,30.0,0.5,512,42,95.2333,92.6000,95.2333,92.6000,95.9444,0.0000,-0.7111,+92.6000,93.3111,0.0000,31.663,0.011,31.674,NVIDIA L4,6e3d1db
cifar10,resnet18,5,30.0,0.5,64,42,95.2333,92.6000,95.2333,92.6000,95.9444,0.0000,-0.7111,+92.6000,93.3111,0.0000,62.591,0.707,63.298,NVIDIA L4,4875190
cifar10,resnet18,5,30.0,1.0,256,42,95.2333,92.6000,95.2333,92.6000,95.9444,0.0000,-0.7111,+92.6000,93.3111,0.0000,28.109,0.014,28.124,NVIDIA L4,6e3d1db
cifar10,resnet18,5,30.0,1.0,512,42,95.2333,92.6000,95.2333,92.6000,95.9444,0.0000,-0.7111,+92.6000,93.3111,0.0000,31.663,0.011,31.674,NVIDIA L4,6e3d1db
cifar10,resnet18,5,30.0,1.0,64,42,95.2333,92.6000,95.2333,92.6000,95.9444,0.0000,-0.7111,+92.6000,93.3111,0.0000,62.591,0.728,63.319,NVIDIA L4,4875190
cifar10,resnet18,5,4.0,0.1,256,42,95.2333,92.6000,12.0667,0.0000,95.9444,0.0000,-83.8778,+0.0000,83.8778,11.6623,28.109,0.013,28.122,NVIDIA L4,6e3d1db
cifar10,resnet18,5,4.0,0.1,512,42,95.2333,92.6000,11.1111,0.0000,95.9444,0.0000,-84.8333,+0.0000,84.8333,13.3378,31.663,0.015,31.678,NVIDIA L4,6e3d1db
cifar10,resnet18,5,4.0,0.1,64,42,95.2333,92.6000,73.7778,0.0000,95.9444,0.0000,-22.1667,+0.0000,22.1667,8.1986,62.591,0.736,63.327,NVIDIA L4,4875190
cifar10,resnet18,5,4.0,0.5,256,42,95.2333,92.6000,12.7667,0.0000,95.9444,0.0000,-83.1778,+0.0000,83.1778,11.6623,28.109,0.016,28.126,NVIDIA L4,6e3d1db
cifar10,resnet18,5,4.0,0.5,512,42,95.2333,92.6000,11.1111,0.0000,95.9444,0.0000,-84.8333,+0.0000,84.8333,13.3378,31.663,0.013,31.677,NVIDIA L4,6e3d1db
cifar10,resnet18,5,4.0,0.5,64,42,95.2333,92.6000,78.7778,0.0000,95.9444,0.0000,-17.1667,+0.0000,17.1667,8.1986,62.591,0.731,63.323,NVIDIA L4,4875190
cifar10,resnet18,5,4.0,1.0,256,42,95.2333,92.6000,14.2889,0.0000,95.9444,0.0000,-81.6556,+0.0000,81.6556,11.6623,28.109,0.016,28.126,NVIDIA L4,6e3d1db
cifar10,resnet18,5,4.0,1.0,512,42,95.2333,92.6000,11.1889,0.0000,95.9444,0.0000,-84.7556,+0.0000,84.7556,13.3378,31.663,0.014,31.678,NVIDIA L4,6e3d1db
cifar10,resnet18,5,4.0,1.0,64,42,95.2333,92.6000,83.8000,0.0000,95.9444,0.0000,-12.1444,+0.0000,12.1444,8.1986,62.591,0.716,63.307,NVIDIA L4,4875190
cifar10,resnet18,5,50.0,0.1,256,42,95.2333,92.6000,95.2333,92.6000,95.9444,0.0000,-0.7111,+92.6000,93.3111,0.0000,28.109,0.014,28.123,NVIDIA L4,6e3d1db
cifar10,resnet18,5,50.0,0.1,512,42,95.2333,92.6000,95.2333,92.6000,95.9444,0.0000,-0.7111,+92.6000,93.3111,0.0000,31.663,0.011,31.675,NVIDIA L4,6e3d1db
cifar10,resnet18,5,50.0,0.1,64,42,95.2333,92.6000,95.2333,92.6000,95.9444,0.0000,-0.7111,+92.6000,93.3111,0.0000,62.591,0.732,63.323,NVIDIA L4,4875190
cifar10,resnet18,5,50.0,0.5,256,42,95.2333,92.6000,95.2333,92.6000,95.9444,0.0000,-0.7111,+92.6000,93.3111,0.0000,28.109,0.011,28.120,NVIDIA L4,6e3d1db
cifar10,resnet18,5,50.0,0.5,512,42,95.2333,92.6000,95.2333,92.6000,95.9444,0.0000,-0.7111,+92.6000,93.3111,0.0000,31.663,0.011,31.674,NVIDIA L4,6e3d1db
cifar10,resnet18,5,50.0,0.5,64,42,95.2333,92.6000,95.2333,92.6000,95.9444,0.0000,-0.7111,+92.6000,93.3111,0.0000,62.591,0.699,63.290,NVIDIA L4,4875190
cifar10,resnet18,5,50.0,1.0,256,42,95.2333,92.6000,95.2333,92.6000,95.9444,0.0000,-0.7111,+92.6000,93.3111,0.0000,28.109,0.010,28.120,NVIDIA L4,6e3d1db
cifar10,resnet18,5,50.0,1.0,512,42,95.2333,92.6000,95.2333,92.6000,95.9444,0.0000,-0.7111,+92.6000,93.3111,0.0000,31.663,0.011,31.675,NVIDIA L4,6e3d1db
cifar10,resnet18,5,50.0,1.0,64,42,95.2333,92.6000,95.2333,92.6000,95.9444,0.0000,-0.7111,+92.6000,93.3111,0.0000,62.591,0.778,63.369,NVIDIA L4,4875190
cifar10,resnet18,5,6.0,0.1,256,42,95.2333,92.6000,94.0000,0.0000,95.9444,0.0000,-1.9444,+0.0000,1.9444,4.2728,28.109,0.012,28.122,NVIDIA L4,6e3d1db
cifar10,resnet18,5,6.0,0.1,512,42,95.2333,92.6000,80.7444,0.0000,95.9444,0.0000,-15.2000,+0.0000,15.2000,4.9957,31.663,0.013,31.676,NVIDIA L4,6e3d1db
cifar10,resnet18,5,6.0,0.1,64,42,95.2333,92.6000,95.8667,0.0000,95.9444,0.0000,-0.0778,+0.0000,0.0778,3.2613,62.591,0.772,63.363,NVIDIA L4,4875190
cifar10,resnet18,5,6.0,0.5,256,42,95.2333,92.6000,94.2889,0.0000,95.9444,0.0000,-1.6556,+0.0000,1.6556,4.2728,28.109,0.014,28.123,NVIDIA L4,6e3d1db
cifar10,resnet18,5,6.0,0.5,512,42,95.2333,92.6000,82.3000,0.0000,95.9444,0.0000,-13.6444,+0.0000,13.6444,4.9957,31.663,0.014,31.678,NVIDIA L4,6e3d1db
cifar10,resnet18,5,6.0,0.5,64,42,95.2333,92.6000,95.8111,0.0000,95.9444,0.0000,-0.1333,+0.0000,0.1333,3.2613,62.591,0.759,63.350,NVIDIA L4,4875190
cifar10,resnet18,5,6.0,1.0,256,42,95.2333,92.6000,94.5556,0.0000,95.9444,0.0000,-1.3889,+0.0000,1.3889,4.2728,28.109,0.014,28.123,NVIDIA L4,6e3d1db
cifar10,resnet18,5,6.0,1.0,512,42,95.2333,92.6000,83.9889,0.0000,95.9444,0.0000,-11.9556,+0.0000,11.9556,4.9957,31.663,0.013,31.676,NVIDIA L4,6e3d1db
cifar10,resnet18,5,6.0,1.0,64,42,95.2333,92.6000,95.8333,0.0000,95.9444,0.0000,-0.1111,+0.0000,0.1111,3.2613,62.591,0.786,63.378,NVIDIA L4,4875190
cifar10,resnet18,5,8.0,0.1,256,42,95.2333,92.6000,96.0778,0.0000,95.9444,0.0000,+0.1333,+0.0000,0.1333,1.3425,28.109,0.011,28.120,NVIDIA L4,6e3d1db
cifar10,resnet18,5,8.0,0.1,512,42,95.2333,92.6000,96.1111,0.0000,95.9444,0.0000,+0.1667,+0.0000,0.1667,1.5242,31.663,0.013,31.676,NVIDIA L4,6e3d1db
cifar10,resnet18,5,8.0,0.1,64,42,95.2333,92.6000,96.1111,0.0000,95.9444,0.0000,+0.1667,+0.0000,0.1667,1.1105,62.591,0.761,63.352,NVIDIA L4,4875190
cifar10,resnet18,5,8.0,0.5,256,42,95.2333,92.6000,96.0778,0.3000,95.9444,0.0000,+0.1333,+0.3000,0.4333,1.3425,28.109,0.011,28.120,NVIDIA L4,6e3d1db
cifar10,resnet18,5,8.0,0.5,512,42,95.2333,92.6000,96.1111,0.1000,95.9444,0.0000,+0.1667,+0.1000,0.2667,1.5242,31.663,0.012,31.675,NVIDIA L4,6e3d1db
cifar10,resnet18,5,8.0,0.5,64,42,95.2333,92.6000,96.1111,0.1000,95.9444,0.0000,+0.1667,+0.1000,0.2667,1.1105,62.591,0.770,63.361,NVIDIA L4,4875190
cifar10,resnet18,5,8.0,1.0,256,42,95.2333,92.6000,96.0778,2.8000,95.9444,0.0000,+0.1333,+2.8000,2.9333,1.3425,28.109,0.011,28.121,NVIDIA L4,6e3d1db
cifar10,resnet18,5,8.0,1.0,512,42,95.2333,92.6000,96.1222,1.8000,95.9444,0.0000,+0.1778,+1.8000,1.9778,1.5242,31.663,0.011,31.675,NVIDIA L4,6e3d1db
cifar10,resnet18,5,8.0,1.0,64,42,95.2333,92.6000,96.1111,2.1000,95.9444,0.0000,+0.1667,+2.1000,2.2667,1.1105,62.591,0.783,63.374,NVIDIA L4,4875190
cifar10,resnet18,8,10.0,0.1,256,42,94.7778,96.7000,94.7778,96.7000,95.0000,0.0000,-0.2222,+96.7000,96.9222,0.0000,35.653,0.011,35.664,NVIDIA L4,6e3d1db
cifar10,resnet18,8,10.0,0.1,512,42,94.7778,96.7000,94.7778,96.7000,95.0000,0.0000,-0.2222,+96.7000,96.9222,0.0000,36.731,0.011,36.742,NVIDIA L4,6e3d1db
cifar10,resnet18,8,10.0,0.1,64,42,94.7778,96.7000,94.7778,96.7000,95.0000,0.0000,-0.2222,+96.7000,96.9222,0.0000,34.061,0.010,34.071,NVIDIA L4,6e3d1db
cifar10,resnet18,8,10.0,0.5,256,42,94.7778,96.7000,94.7778,96.7000,95.0000,0.0000,-0.2222,+96.7000,96.9222,0.0000,35.653,0.014,35.667,NVIDIA L4,6e3d1db
cifar10,resnet18,8,10.0,0.5,512,42,94.7778,96.7000,94.7778,96.7000,95.0000,0.0000,-0.2222,+96.7000,96.9222,0.0000,36.731,0.011,36.741,NVIDIA L4,6e3d1db
cifar10,resnet18,8,10.0,0.5,64,42,94.7778,96.7000,94.7778,96.7000,95.0000,0.0000,-0.2222,+96.7000,96.9222,0.0000,34.061,0.012,34.072,NVIDIA L4,6e3d1db
cifar10,resnet18,8,10.0,1.0,256,42,94.7778,96.7000,94.7778,96.7000,95.0000,0.0000,-0.2222,+96.7000,96.9222,0.0000,35.653,0.015,35.668,NVIDIA L4,6e3d1db
cifar10,resnet18,8,10.0,1.0,512,42,94.7778,96.7000,94.7778,96.7000,95.0000,0.0000,-0.2222,+96.7000,96.9222,0.0000,36.731,0.012,36.743,NVIDIA L4,6e3d1db
cifar10,resnet18,8,10.0,1.0,64,42,94.7778,96.7000,94.7778,96.7000,95.0000,0.0000,-0.2222,+96.7000,96.9222,0.0000,34.061,0.010,34.071,NVIDIA L4,6e3d1db
cifar10,resnet18,8,12.0,0.1,256,42,94.7778,96.7000,94.7778,96.7000,95.0000,0.0000,-0.2222,+96.7000,96.9222,0.0000,35.653,0.015,35.668,NVIDIA L4,6e3d1db
cifar10,resnet18,8,12.0,0.1,512,42,94.7778,96.7000,94.7778,96.7000,95.0000,0.0000,-0.2222,+96.7000,96.9222,0.0000,36.731,0.011,36.742,NVIDIA L4,6e3d1db
cifar10,resnet18,8,12.0,0.1,64,42,94.7778,96.7000,94.7778,96.7000,95.0000,0.0000,-0.2222,+96.7000,96.9222,0.0000,34.061,0.011,34.071,NVIDIA L4,6e3d1db
cifar10,resnet18,8,12.0,0.5,256,42,94.7778,96.7000,94.7778,96.7000,95.0000,0.0000,-0.2222,+96.7000,96.9222,0.0000,35.653,0.011,35.663,NVIDIA L4,6e3d1db
cifar10,resnet18,8,12.0,0.5,512,42,94.7778,96.7000,94.7778,96.7000,95.0000,0.0000,-0.2222,+96.7000,96.9222,0.0000,36.731,0.012,36.743,NVIDIA L4,6e3d1db
cifar10,resnet18,8,12.0,0.5,64,42,94.7778,96.7000,94.7778,96.7000,95.0000,0.0000,-0.2222,+96.7000,96.9222,0.0000,34.061,0.014,34.074,NVIDIA L4,6e3d1db
cifar10,resnet18,8,12.0,1.0,256,42,94.7778,96.7000,94.7778,96.7000,95.0000,0.0000,-0.2222,+96.7000,96.9222,0.0000,35.653,0.013,35.665,NVIDIA L4,6e3d1db
cifar10,resnet18,8,12.0,1.0,512,42,94.7778,96.7000,94.7778,96.7000,95.0000,0.0000,-0.2222,+96.7000,96.9222,0.0000,36.731,0.011,36.742,NVIDIA L4,6e3d1db
cifar10,resnet18,8,12.0,1.0,64,42,94.7778,96.7000,94.7778,96.7000,95.0000,0.0000,-0.2222,+96.7000,96.9222,0.0000,34.061,0.010,34.071,NVIDIA L4,6e3d1db
cifar10,resnet18,8,15.0,0.1,256,42,94.7778,96.7000,94.7778,96.7000,95.0000,0.0000,-0.2222,+96.7000,96.9222,0.0000,35.653,0.011,35.664,NVIDIA L4,6e3d1db
cifar10,resnet18,8,15.0,0.1,512,42,94.7778,96.7000,94.7778,96.7000,95.0000,0.0000,-0.2222,+96.7000,96.9222,0.0000,36.731,0.012,36.743,NVIDIA L4,6e3d1db
cifar10,resnet18,8,15.0,0.1,64,42,94.7778,96.7000,94.7778,96.7000,95.0000,0.0000,-0.2222,+96.7000,96.9222,0.0000,34.061,0.012,34.073,NVIDIA L4,6e3d1db
cifar10,resnet18,8,15.0,0.5,256,42,94.7778,96.7000,94.7778,96.7000,95.0000,0.0000,-0.2222,+96.7000,96.9222,0.0000,35.653,0.011,35.664,NVIDIA L4,6e3d1db
cifar10,resnet18,8,15.0,0.5,512,42,94.7778,96.7000,94.7778,96.7000,95.0000,0.0000,-0.2222,+96.7000,96.9222,0.0000,36.731,0.013,36.743,NVIDIA L4,6e3d1db
cifar10,resnet18,8,15.0,0.5,64,42,94.7778,96.7000,94.7778,96.7000,95.0000,0.0000,-0.2222,+96.7000,96.9222,0.0000,34.061,0.011,34.072,NVIDIA L4,6e3d1db
cifar10,resnet18,8,15.0,1.0,256,42,94.7778,96.7000,94.7778,96.7000,95.0000,0.0000,-0.2222,+96.7000,96.9222,0.0000,35.653,0.012,35.664,NVIDIA L4,6e3d1db
cifar10,resnet18,8,15.0,1.0,512,42,94.7778,96.7000,94.7778,96.7000,95.0000,0.0000,-0.2222,+96.7000,96.9222,0.0000,36.731,0.011,36.742,NVIDIA L4,6e3d1db
cifar10,resnet18,8,15.0,1.0,64,42,94.7778,96.7000,94.7778,96.7000,95.0000,0.0000,-0.2222,+96.7000,96.9222,0.0000,34.061,0.012,34.072,NVIDIA L4,6e3d1db
cifar10,resnet18,8,2.0,0.1,256,42,94.7778,96.7000,11.1111,0.0000,95.0000,0.0000,-83.8889,+0.0000,83.8889,23.8118,35.653,0.017,35.670,NVIDIA L4,6e3d1db
cifar10,resnet18,8,2.0,0.1,512,42,94.7778,96.7000,11.1111,0.0000,95.0000,0.0000,-83.8889,+0.0000,83.8889,25.4321,36.731,0.014,36.745,NVIDIA L4,6e3d1db
cifar10,resnet18,8,2.0,0.1,64,42,94.7778,96.7000,11.1222,0.0000,95.0000,0.0000,-83.8778,+0.0000,83.8778,19.2335,34.061,0.017,34.077,NVIDIA L4,6e3d1db
cifar10,resnet18,8,2.0,0.5,256,42,94.7778,96.7000,11.1111,0.0000,95.0000,0.0000,-83.8889,+0.0000,83.8889,23.8118,35.653,0.013,35.666,NVIDIA L4,6e3d1db
cifar10,resnet18,8,2.0,0.5,512,42,94.7778,96.7000,11.1111,0.0000,95.0000,0.0000,-83.8889,+0.0000,83.8889,25.4321,36.731,0.013,36.744,NVIDIA L4,6e3d1db
cifar10,resnet18,8,2.0,0.5,64,42,94.7778,96.7000,11.1778,0.0000,95.0000,0.0000,-83.8222,+0.0000,83.8222,19.2335,34.061,0.016,34.077,NVIDIA L4,6e3d1db
cifar10,resnet18,8,2.0,1.0,256,42,94.7778,96.7000,11.1111,0.0000,95.0000,0.0000,-83.8889,+0.0000,83.8889,23.8118,35.653,0.014,35.666,NVIDIA L4,6e3d1db
cifar10,resnet18,8,2.0,1.0,512,42,94.7778,96.7000,11.3222,0.0000,95.0000,0.0000,-83.6778,+0.0000,83.6778,25.4321,36.731,0.015,36.745,NVIDIA L4,6e3d1db
cifar10,resnet18,8,2.0,1.0,64,42,94.7778,96.7000,14.1111,0.0000,95.0000,0.0000,-80.8889,+0.0000,80.8889,19.2335,34.061,0.013,34.074,NVIDIA L4,6e3d1db
cifar10,resnet18,8,20.0,0.1,256,42,94.7778,96.7000,94.7778,96.7000,95.0000,0.0000,-0.2222,+96.7000,96.9222,0.0000,35.653,0.012,35.664,NVIDIA L4,6e3d1db
cifar10,resnet18,8,20.0,0.1,512,42,94.7778,96.7000,94.7778,96.7000,95.0000,0.0000,-0.2222,+96.7000,96.9222,0.0000,36.731,0.011,36.741,NVIDIA L4,6e3d1db
cifar10,resnet18,8,20.0,0.1,64,42,94.7778,96.7000,94.7778,96.7000,95.0000,0.0000,-0.2222,+96.7000,96.9222,0.0000,34.061,0.011,34.071,NVIDIA L4,6e3d1db
cifar10,resnet18,8,20.0,0.5,256,42,94.7778,96.7000,94.7778,96.7000,95.0000,0.0000,-0.2222,+96.7000,96.9222,0.0000,35.653,0.011,35.664,NVIDIA L4,6e3d1db
cifar10,resnet18,8,20.0,0.5,512,42,94.7778,96.7000,94.7778,96.7000,95.0000,0.0000,-0.2222,+96.7000,96.9222,0.0000,36.731,0.010,36.741,NVIDIA L4,6e3d1db
cifar10,resnet18,8,20.0,0.5,64,42,94.7778,96.7000,94.7778,96.7000,95.0000,0.0000,-0.2222,+96.7000,96.9222,0.0000,34.061,0.011,34.071,NVIDIA L4,6e3d1db
cifar10,resnet18,8,20.0,1.0,256,42,94.7778,96.7000,94.7778,96.7000,95.0000,0.0000,-0.2222,+96.7000,96.9222,0.0000,35.653,0.011,35.663,NVIDIA L4,6e3d1db
cifar10,resnet18,8,20.0,1.0,512,42,94.7778,96.7000,94.7778,96.7000,95.0000,0.0000,-0.2222,+96.7000,96.9222,0.0000,36.731,0.011,36.742,NVIDIA L4,6e3d1db
cifar10,resnet18,8,20.0,1.0,64,42,94.7778,96.7000,94.7778,96.7000,95.0000,0.0000,-0.2222,+96.7000,96.9222,0.0000,34.061,0.012,34.072,NVIDIA L4,6e3d1db
cifar10,resnet18,8,30.0,0.1,256,42,94.7778,96.7000,94.7778,96.7000,95.0000,0.0000,-0.2222,+96.7000,96.9222,0.0000,35.653,0.011,35.664,NVIDIA L4,6e3d1db
cifar10,resnet18,8,30.0,0.1,512,42,94.7778,96.7000,94.7778,96.7000,95.0000,0.0000,-0.2222,+96.7000,96.9222,0.0000,36.731,0.011,36.742,NVIDIA L4,6e3d1db
cifar10,resnet18,8,30.0,0.1,64,42,94.7778,96.7000,94.7778,96.7000,95.0000,0.0000,-0.2222,+96.7000,96.9222,0.0000,34.061,0.012,34.072,NVIDIA L4,6e3d1db
cifar10,resnet18,8,30.0,0.5,256,42,94.7778,96.7000,94.7778,96.7000,95.0000,0.0000,-0.2222,+96.7000,96.9222,0.0000,35.653,0.012,35.665,NVIDIA L4,6e3d1db
cifar10,resnet18,8,30.0,0.5,512,42,94.7778,96.7000,94.7778,96.7000,95.0000,0.0000,-0.2222,+96.7000,96.9222,0.0000,36.731,0.011,36.741,NVIDIA L4,6e3d1db
cifar10,resnet18,8,30.0,0.5,64,42,94.7778,96.7000,94.7778,96.7000,95.0000,0.0000,-0.2222,+96.7000,96.9222,0.0000,34.061,0.011,34.071,NVIDIA L4,6e3d1db
cifar10,resnet18,8,30.0,1.0,256,42,94.7778,96.7000,94.7778,96.7000,95.0000,0.0000,-0.2222,+96.7000,96.9222,0.0000,35.653,0.011,35.664,NVIDIA L4,6e3d1db
cifar10,resnet18,8,30.0,1.0,512,42,94.7778,96.7000,94.7778,96.7000,95.0000,0.0000,-0.2222,+96.7000,96.9222,0.0000,36.731,0.011,36.741,NVIDIA L4,6e3d1db
cifar10,resnet18,8,30.0,1.0,64,42,94.7778,96.7000,94.7778,96.7000,95.0000,0.0000,-0.2222,+96.7000,96.9222,0.0000,34.061,0.011,34.072,NVIDIA L4,6e3d1db
cifar10,resnet18,8,4.0,0.1,256,42,94.7778,96.7000,63.5778,0.0000,95.0000,0.0000,-31.4222,+0.0000,31.4222,9.3223,35.653,0.016,35.668,NVIDIA L4,6e3d1db
cifar10,resnet18,8,4.0,0.1,512,42,94.7778,96.7000,24.9444,0.0000,95.0000,0.0000,-70.0556,+0.0000,70.0556,10.5095,36.731,0.016,36.746,NVIDIA L4,6e3d1db
cifar10,resnet18,8,4.0,0.1,64,42,94.7778,96.7000,93.9000,0.0000,95.0000,0.0000,-1.1000,+0.0000,1.1000,7.3121,34.061,0.012,34.073,NVIDIA L4,6e3d1db
cifar10,resnet18,8,4.0,0.5,256,42,94.7778,96.7000,68.6333,0.0000,95.0000,0.0000,-26.3667,+0.0000,26.3667,9.3223,35.653,0.013,35.666,NVIDIA L4,6e3d1db
cifar10,resnet18,8,4.0,0.5,512,42,94.7778,96.7000,32.5778,0.0000,95.0000,0.0000,-62.4222,+0.0000,62.4222,10.5095,36.731,0.016,36.747,NVIDIA L4,6e3d1db
cifar10,resnet18,8,4.0,0.5,64,42,94.7778,96.7000,93.9556,0.0000,95.0000,0.0000,-1.0444,+0.0000,1.0444,7.3121,34.061,0.016,34.077,NVIDIA L4,6e3d1db
cifar10,resnet18,8,4.0,1.0,256,42,94.7778,96.7000,74.9333,0.0000,95.0000,0.0000,-20.0667,+0.0000,20.0667,9.3223,35.653,0.015,35.668,NVIDIA L4,6e3d1db
cifar10,resnet18,8,4.0,1.0,512,42,94.7778,96.7000,45.2778,0.0000,95.0000,0.0000,-49.7222,+0.0000,49.7222,10.5095,36.731,0.014,36.745,NVIDIA L4,6e3d1db
cifar10,resnet18,8,4.0,1.0,64,42,94.7778,96.7000,94.1111,0.0000,95.0000,0.0000,-0.8889,+0.0000,0.8889,7.3121,34.061,0.015,34.075,NVIDIA L4,6e3d1db
cifar10,resnet18,8,50.0,0.1,256,42,94.7778,96.7000,94.7778,96.7000,95.0000,0.0000,-0.2222,+96.7000,96.9222,0.0000,35.653,0.011,35.663,NVIDIA L4,6e3d1db
cifar10,resnet18,8,50.0,0.1,512,42,94.7778,96.7000,94.7778,96.7000,95.0000,0.0000,-0.2222,+96.7000,96.9222,0.0000,36.731,0.014,36.744,NVIDIA L4,6e3d1db
cifar10,resnet18,8,50.0,0.1,64,42,94.7778,96.7000,94.7778,96.7000,95.0000,0.0000,-0.2222,+96.7000,96.9222,0.0000,34.061,0.014,34.075,NVIDIA L4,6e3d1db
cifar10,resnet18,8,50.0,0.5,256,42,94.7778,96.7000,94.7778,96.7000,95.0000,0.0000,-0.2222,+96.7000,96.9222,0.0000,35.653,0.011,35.663,NVIDIA L4,6e3d1db
cifar10,resnet18,8,50.0,0.5,512,42,94.7778,96.7000,94.7778,96.7000,95.0000,0.0000,-0.2222,+96.7000,96.9222,0.0000,36.731,0.014,36.745,NVIDIA L4,6e3d1db
cifar10,resnet18,8,50.0,0.5,64,42,94.7778,96.7000,94.7778,96.7000,95.0000,0.0000,-0.2222,+96.7000,96.9222,0.0000,34.061,0.012,34.072,NVIDIA L4,6e3d1db
cifar10,resnet18,8,50.0,1.0,256,42,94.7778,96.7000,94.7778,96.7000,95.0000,0.0000,-0.2222,+96.7000,96.9222,0.0000,35.653,0.011,35.664,NVIDIA L4,6e3d1db
cifar10,resnet18,8,50.0,1.0,512,42,94.7778,96.7000,94.7778,96.7000,95.0000,0.0000,-0.2222,+96.7000,96.9222,0.0000,36.731,0.012,36.742,NVIDIA L4,6e3d1db
cifar10,resnet18,8,50.0,1.0,64,42,94.7778,96.7000,94.7778,96.7000,95.0000,0.0000,-0.2222,+96.7000,96.9222,0.0000,34.061,0.011,34.071,NVIDIA L4,6e3d1db
cifar10,resnet18,8,6.0,0.1,256,42,94.7778,96.7000,94.8556,0.0000,95.0000,0.0000,-0.1444,+0.0000,0.1444,4.1276,35.653,0.013,35.666,NVIDIA L4,6e3d1db
cifar10,resnet18,8,6.0,0.1,512,42,94.7778,96.7000,93.8000,0.0000,95.0000,0.0000,-1.2000,+0.0000,1.2000,4.5804,36.731,0.012,36.743,NVIDIA L4,6e3d1db
cifar10,resnet18,8,6.0,0.1,64,42,94.7778,96.7000,95.1000,0.0000,95.0000,0.0000,+0.1000,+0.0000,0.1000,3.4000,34.061,0.013,34.073,NVIDIA L4,6e3d1db
cifar10,resnet18,8,6.0,0.5,256,42,94.7778,96.7000,94.8222,0.0000,95.0000,0.0000,-0.1778,+0.0000,0.1778,4.1276,35.653,0.013,35.666,NVIDIA L4,6e3d1db
cifar10,resnet18,8,6.0,0.5,512,42,94.7778,96.7000,94.0333,0.0000,95.0000,0.0000,-0.9667,+0.0000,0.9667,4.5804,36.731,0.016,36.746,NVIDIA L4,6e3d1db
cifar10,resnet18,8,6.0,0.5,64,42,94.7778,96.7000,95.1000,0.0000,95.0000,0.0000,+0.1000,+0.0000,0.1000,3.4000,34.061,0.011,34.072,NVIDIA L4,6e3d1db
cifar10,resnet18,8,6.0,1.0,256,42,94.7778,96.7000,94.8222,0.0000,95.0000,0.0000,-0.1778,+0.0000,0.1778,4.1276,35.653,0.012,35.665,NVIDIA L4,6e3d1db
cifar10,resnet18,8,6.0,1.0,512,42,94.7778,96.7000,94.1889,0.0000,95.0000,0.0000,-0.8111,+0.0000,0.8111,4.5804,36.731,0.012,36.743,NVIDIA L4,6e3d1db
cifar10,resnet18,8,6.0,1.0,64,42,94.7778,96.7000,95.1111,0.0000,95.0000,0.0000,+0.1111,+0.0000,0.1111,3.4000,34.061,0.014,34.074,NVIDIA L4,6e3d1db
cifar10,resnet18,8,8.0,0.1,256,42,94.7778,96.7000,95.0778,0.5000,95.0000,0.0000,+0.0778,+0.5000,0.5778,1.5153,35.653,0.012,35.664,NVIDIA L4,6e3d1db
cifar10,resnet18,8,8.0,0.1,512,42,94.7778,96.7000,95.0556,0.5000,95.0000,0.0000,+0.0556,+0.5000,0.5556,1.6688,36.731,0.016,36.747,NVIDIA L4,6e3d1db
cifar10,resnet18,8,8.0,0.1,64,42,94.7778,96.7000,95.0556,0.0000,95.0000,0.0000,+0.0556,+0.0000,0.0556,1.3095,34.061,0.011,34.072,NVIDIA L4,6e3d1db
cifar10,resnet18,8,8.0,0.5,256,42,94.7778,96.7000,95.0667,4.5000,95.0000,0.0000,+0.0667,+4.5000,4.5667,1.5153,35.653,0.011,35.664,NVIDIA L4,6e3d1db
cifar10,resnet18,8,8.0,0.5,512,42,94.7778,96.7000,95.0778,3.9000,95.0000,0.0000,+0.0778,+3.9000,3.9778,1.6688,36.731,0.013,36.744,NVIDIA L4,6e3d1db
cifar10,resnet18,8,8.0,0.5,64,42,94.7778,96.7000,95.0556,0.5000,95.0000,0.0000,+0.0556,+0.5000,0.5556,1.3095,34.061,0.012,34.073,NVIDIA L4,6e3d1db
cifar10,resnet18,8,8.0,1.0,256,42,94.7778,96.7000,95.0667,18.9000,95.0000,0.0000,+0.0667,+18.9000,18.9667,1.5153,35.653,0.011,35.664,NVIDIA L4,6e3d1db
cifar10,resnet18,8,8.0,1.0,512,42,94.7778,96.7000,95.0889,16.7000,95.0000,0.0000,+0.0889,+16.7000,16.7889,1.6688,36.731,0.011,36.742,NVIDIA L4,6e3d1db
cifar10,resnet18,8,8.0,1.0,64,42,94.7778,96.7000,95.0556,8.1000,95.0000,0.0000,+0.0556,+8.1000,8.1556,1.3095,34.061,0.011,34.072,NVIDIA L4,6e3d1db
cifar100,resnet18,20,10.0,0.1,256,42,77.2121,91.0000,73.4040,0.0000,77.8990,0.0000,-4.4949,+0.0000,4.4949,1.9861,53.261,0.591,53.852,NVIDIA A10,4875190
cifar100,resnet18,20,10.0,0.1,512,42,77.2121,91.0000,69.1212,0.0000,77.8990,0.0000,-8.7778,+0.0000,8.7778,2.5586,54.893,1.221,56.114,NVIDIA A10,4875190
cifar100,resnet18,20,10.0,0.1,64,42,77.2121,91.0000,76.0303,0.0000,77.8990,0.0000,-1.8687,+0.0000,1.8687,1.1980,56.404,0.600,57.004,NVIDIA A10,4875190
cifar100,resnet18,20,10.0,0.5,256,42,77.2121,91.0000,73.5455,0.0000,77.8990,0.0000,-4.3535,+0.0000,4.3535,1.9861,53.261,0.602,53.863,NVIDIA A10,4875190
cifar100,resnet18,20,10.0,0.5,512,42,77.2121,91.0000,69.3737,0.0000,77.8990,0.0000,-8.5253,+0.0000,8.5253,2.5586,54.893,1.254,56.148,NVIDIA A10,4875190
cifar100,resnet18,20,10.0,0.5,64,42,77.2121,91.0000,76.1010,0.0000,77.8990,0.0000,-1.7980,+0.0000,1.7980,1.1980,56.404,0.613,57.017,NVIDIA A10,4875190
cifar100,resnet18,20,10.0,1.0,256,42,77.2121,91.0000,73.6263,0.0000,77.8990,0.0000,-4.2727,+0.0000,4.2727,1.9861,53.261,0.623,53.884,NVIDIA A10,4875190
cifar100,resnet18,20,10.0,1.0,512,42,77.2121,91.0000,69.8384,0.0000,77.8990,0.0000,-8.0606,+0.0000,8.0606,2.5586,54.893,1.207,56.100,NVIDIA A10,4875190
cifar100,resnet18,20,10.0,1.0,64,42,77.2121,91.0000,76.2020,0.0000,77.8990,0.0000,-1.6970,+0.0000,1.6970,1.1980,56.404,0.604,57.008,NVIDIA A10,4875190
cifar100,resnet18,20,12.0,0.1,256,42,77.2121,91.0000,75.1212,0.0000,77.8990,0.0000,-2.7778,+0.0000,2.7778,1.4331,53.261,0.636,53.897,NVIDIA A10,4875190
cifar100,resnet18,20,12.0,0.1,512,42,77.2121,91.0000,72.3030,0.0000,77.8990,0.0000,-5.5960,+0.0000,5.5960,1.8566,54.893,0.868,55.761,NVIDIA A10,4875190
cifar100,resnet18,20,12.0,0.1,64,42,77.2121,91.0000,76.4747,0.0000,77.8990,0.0000,-1.4242,+0.0000,1.4242,0.8771,56.404,0.602,57.006,NVIDIA A10,4875190
cifar100,resnet18,20,12.0,0.5,256,42,77.2121,91.0000,75.2020,0.0000,77.8990,0.0000,-2.6970,+0.0000,2.6970,1.4331,53.261,0.611,53.872,NVIDIA A10,4875190
cifar100,resnet18,20,12.0,0.5,512,42,77.2121,91.0000,72.4141,0.0000,77.8990,0.0000,-5.4848,+0.0000,5.4848,1.8566,54.893,0.724,55.617,NVIDIA A10,4875190
cifar100,resnet18,20,12.0,0.5,64,42,77.2121,91.0000,76.5556,0.0000,77.8990,0.0000,-1.3434,+0.0000,1.3434,0.8771,56.404,0.615,57.019,NVIDIA A10,4875190
cifar100,resnet18,20,12.0,1.0,256,42,77.2121,91.0000,75.2828,0.0000,77.8990,0.0000,-2.6162,+0.0000,2.6162,1.4331,53.261,0.766,54.027,NVIDIA A10,4875190
cifar100,resnet18,20,12.0,1.0,512,42,77.2121,91.0000,72.6465,0.0000,77.8990,0.0000,-5.2525,+0.0000,5.2525,1.8566,54.893,0.947,55.840,NVIDIA A10,4875190
cifar100,resnet18,20,12.0,1.0,64,42,77.2121,91.0000,76.5859,0.0000,77.8990,0.0000,-1.3131,+0.0000,1.3131,0.8771,56.404,0.599,57.003,NVIDIA A10,4875190
cifar100,resnet18,20,15.0,0.1,256,42,77.2121,91.0000,76.1010,0.0000,77.8990,0.0000,-1.7980,+0.0000,1.7980,0.9459,53.261,0.757,54.018,NVIDIA A10,4875190
cifar100,resnet18,20,15.0,0.1,512,42,77.2121,91.0000,75.2020,0.0000,77.8990,0.0000,-2.6970,+0.0000,2.6970,1.2251,54.893,1.209,56.102,NVIDIA A10,4875190
cifar100,resnet18,20,15.0,0.1,64,42,77.2121,91.0000,76.5455,0.0000,77.8990,0.0000,-1.3535,+0.0000,1.3535,0.5857,56.404,0.601,57.005,NVIDIA A10,4875190
cifar100,resnet18,20,15.0,0.5,256,42,77.2121,91.0000,76.0808,0.0000,77.8990,0.0000,-1.8182,+0.0000,1.8182,0.9459,53.261,1.243,54.503,NVIDIA A10,4875190
cifar100,resnet18,20,15.0,0.5,512,42,77.2121,91.0000,75.1818,0.0000,77.8990,0.0000,-2.7172,+0.0000,2.7172,1.2251,54.893,1.032,55.925,NVIDIA A10,4875190
cifar100,resnet18,20,15.0,0.5,64,42,77.2121,91.0000,76.6162,0.0000,77.8990,0.0000,-1.2828,+0.0000,1.2828,0.5857,56.404,0.602,57.006,NVIDIA A10,4875190
cifar100,resnet18,20,15.0,1.0,256,42,77.2121,91.0000,76.0707,0.0000,77.8990,0.0000,-1.8283,+0.0000,1.8283,0.9459,53.261,1.210,54.471,NVIDIA A10,4875190
cifar100,resnet18,20,15.0,1.0,512,42,77.2121,91.0000,75.1818,0.0000,77.8990,0.0000,-2.7172,+0.0000,2.7172,1.2251,54.893,1.037,55.930,NVIDIA A10,4875190
cifar100,resnet18,20,15.0,1.0,64,42,77.2121,91.0000,76.6667,0.0000,77.8990,0.0000,-1.2323,+0.0000,1.2323,0.5857,56.404,0.578,56.981,NVIDIA A10,4875190
cifar100,resnet18,20,2.0,0.1,256,42,77.2121,91.0000,1.0101,0.0000,77.8990,0.0000,-76.8889,+0.0000,76.8889,18.6966,53.261,0.693,53.954,NVIDIA A10,4875190
cifar100,resnet18,20,2.0,0.1,512,42,77.2121,91.0000,1.0101,0.0000,77.8990,0.0000,-76.8889,+0.0000,76.8889,20.5944,54.893,0.625,55.518,NVIDIA A10,4875190
cifar100,resnet18,20,2.0,0.1,64,42,77.2121,91.0000,1.4747,0.0000,77.8990,0.0000,-76.4242,+0.0000,76.4242,13.6034,56.404,0.564,56.968,NVIDIA A10,4875190
cifar100,resnet18,20,2.0,0.5,256,42,77.2121,91.0000,1.0101,0.0000,77.8990,0.0000,-76.8889,+0.0000,76.8889,18.6966,53.261,0.751,54.012,NVIDIA A10,4875190
cifar100,resnet18,20,2.0,0.5,512,42,77.2121,91.0000,1.0101,0.0000,77.8990,0.0000,-76.8889,+0.0000,76.8889,20.5944,54.893,0.627,55.521,NVIDIA A10,4875190
cifar100,resnet18,20,2.0,0.5,64,42,77.2121,91.0000,1.5859,0.0000,77.8990,0.0000,-76.3131,+0.0000,76.3131,13.6034,56.404,0.562,56.966,NVIDIA A10,4875190
cifar100,resnet18,20,2.0,1.0,256,42,77.2121,91.0000,1.0101,0.0000,77.8990,0.0000,-76.8889,+0.0000,76.8889,18.6966,53.261,0.725,53.985,NVIDIA A10,4875190
cifar100,resnet18,20,2.0,1.0,512,42,77.2121,91.0000,1.0101,0.0000,77.8990,0.0000,-76.8889,+0.0000,76.8889,20.5944,54.893,0.631,55.524,NVIDIA A10,4875190
cifar100,resnet18,20,2.0,1.0,64,42,77.2121,91.0000,2.7172,0.0000,77.8990,0.0000,-75.1818,+0.0000,75.1818,13.6034,56.404,0.714,57.118,NVIDIA A10,4875190
cifar100,resnet18,20,20.0,0.1,256,42,77.2121,91.0000,76.7879,0.0000,77.8990,0.0000,-1.1111,+0.0000,1.1111,0.5241,53.261,1.130,54.391,NVIDIA A10,4875190
cifar100,resnet18,20,20.0,0.1,512,42,77.2121,91.0000,76.6061,0.0000,77.8990,0.0000,-1.2929,+0.0000,1.2929,0.6810,54.893,1.031,55.924,NVIDIA A10,4875190
cifar100,resnet18,20,20.0,0.1,64,42,77.2121,91.0000,77.0202,0.0000,77.8990,0.0000,-0.8788,+0.0000,0.8788,0.3251,56.404,0.588,56.992,NVIDIA A10,4875190
cifar100,resnet18,20,20.0,0.5,256,42,77.2121,91.0000,76.7778,0.0000,77.8990,0.0000,-1.1212,+0.0000,1.1212,0.5241,53.261,1.106,54.367,NVIDIA A10,4875190
cifar100,resnet18,20,20.0,0.5,512,42,77.2121,91.0000,76.6061,0.0000,77.8990,0.0000,-1.2929,+0.0000,1.2929,0.6810,54.893,1.039,55.932,NVIDIA A10,4875190
cifar100,resnet18,20,20.0,0.5,64,42,77.2121,91.0000,77.0404,0.0000,77.8990,0.0000,-0.8586,+0.0000,0.8586,0.3251,56.404,0.773,57.177,NVIDIA A10,4875190
cifar100,resnet18,20,20.0,1.0,256,42,77.2121,91.0000,76.7677,0.0000,77.8990,0.0000,-1.1313,+0.0000,1.1313,0.5241,53.261,1.100,54.360,NVIDIA A10,4875190
cifar100,resnet18,20,20.0,1.0,512,42,77.2121,91.0000,76.6162,0.0000,77.8990,0.0000,-1.2828,+0.0000,1.2828,0.6810,54.893,0.605,55.498,NVIDIA A10,4875190
cifar100,resnet18,20,20.0,1.0,64,42,77.2121,91.0000,77.0505,0.0000,77.8990,0.0000,-0.8485,+0.0000,0.8485,0.3251,56.404,0.741,57.145,NVIDIA A10,4875190
cifar100,resnet18,20,30.0,0.1,256,42,77.2121,91.0000,77.1818,0.0000,77.8990,0.0000,-0.7172,+0.0000,0.7172,0.1796,53.261,1.187,54.448,NVIDIA A10,4875190
cifar100,resnet18,20,30.0,0.1,512,42,77.2121,91.0000,77.1212,0.0000,77.8990,0.0000,-0.7778,+0.0000,0.7778,0.2442,54.893,1.008,55.902,NVIDIA A10,4875190
cifar100,resnet18,20,30.0,0.1,64,42,77.2121,91.0000,77.1515,0.0000,77.8990,0.0000,-0.7475,+0.0000,0.7475,0.1236,56.404,0.749,57.153,NVIDIA A10,4875190
cifar100,resnet18,20,30.0,0.5,256,42,77.2121,91.0000,77.1818,0.0000,77.8990,0.0000,-0.7172,+0.0000,0.7172,0.1796,53.261,1.040,54.301,NVIDIA A10,4875190
cifar100,resnet18,20,30.0,0.5,512,42,77.2121,91.0000,77.1313,0.0000,77.8990,0.0000,-0.7677,+0.0000,0.7677,0.2442,54.893,1.006,55.900,NVIDIA A10,4875190
cifar100,resnet18,20,30.0,0.5,64,42,77.2121,91.0000,77.1717,0.0000,77.8990,0.0000,-0.7273,+0.0000,0.7273,0.1236,56.404,0.728,57.131,NVIDIA A10,4875190
cifar100,resnet18,20,30.0,1.0,256,42,77.2121,91.0000,77.1717,0.0000,77.8990,0.0000,-0.7273,+0.0000,0.7273,0.1796,53.261,1.030,54.291,NVIDIA A10,4875190
cifar100,resnet18,20,30.0,1.0,512,42,77.2121,91.0000,77.1212,0.0000,77.8990,0.0000,-0.7778,+0.0000,0.7778,0.2442,54.893,1.020,55.913,NVIDIA A10,4875190
cifar100,resnet18,20,30.0,1.0,64,42,77.2121,91.0000,77.1717,0.0000,77.8990,0.0000,-0.7273,+0.0000,0.7273,0.1236,56.404,0.723,57.126,NVIDIA A10,4875190
cifar100,resnet18,20,4.0,0.1,256,42,77.2121,91.0000,4.7071,0.0000,77.8990,0.0000,-73.1919,+0.0000,73.1919,8.3192,53.261,0.738,53.999,NVIDIA A10,4875190
cifar100,resnet18,20,4.0,0.1,512,42,77.2121,91.0000,1.7879,0.0000,77.8990,0.0000,-76.1111,+0.0000,76.1111,9.8626,54.893,0.636,55.529,NVIDIA A10,4875190
cifar100,resnet18,20,4.0,0.1,64,42,77.2121,91.0000,48.3838,0.0000,77.8990,0.0000,-29.5152,+0.0000,29.5152,5.2037,56.404,0.751,57.155,NVIDIA A10,4875190
cifar100,resnet18,20,4.0,0.5,256,42,77.2121,91.0000,5.9091,0.0000,77.8990,0.0000,-71.9899,+0.0000,71.9899,8.3192,53.261,0.732,53.992,NVIDIA A10,4875190
cifar100,resnet18,20,4.0,0.5,512,42,77.2121,91.0000,2.0505,0.0000,77.8990,0.0000,-75.8485,+0.0000,75.8485,9.8626,54.893,0.605,55.498,NVIDIA A10,4875190
cifar100,resnet18,20,4.0,0.5,64,42,77.2121,91.0000,50.5657,0.0000,77.8990,0.0000,-27.3333,+0.0000,27.3333,5.2037,56.404,0.724,57.127,NVIDIA A10,4875190
cifar100,resnet18,20,4.0,1.0,256,42,77.2121,91.0000,8.3535,0.0000,77.8990,0.0000,-69.5455,+0.0000,69.5455,8.3192,53.261,0.795,54.056,NVIDIA A10,4875190
cifar100,resnet18,20,4.0,1.0,512,42,77.2121,91.0000,2.7677,0.0000,77.8990,0.0000,-75.1313,+0.0000,75.1313,9.8626,54.893,0.603,55.496,NVIDIA A10,4875190
cifar100,resnet18,20,4.0,1.0,64,42,77.2121,91.0000,53.4141,0.0000,77.8990,0.0000,-24.4848,+0.0000,24.4848,5.2037,56.404,0.703,57.107,NVIDIA A10,4875190
cifar100,resnet18,20,50.0,0.1,256,42,77.2121,91.0000,77.2323,0.0000,77.8990,0.0000,-0.6667,+0.0000,0.6667,0.0166,53.261,0.917,54.178,NVIDIA A10,4875190
cifar100,resnet18,20,50.0,0.1,512,42,77.2121,91.0000,77.2828,0.0000,77.8990,0.0000,-0.6162,+0.0000,0.6162,0.0244,54.893,1.003,55.897,NVIDIA A10,4875190
cifar100,resnet18,20,50.0,0.1,64,42,77.2121,91.0000,77.1616,0.0000,77.8990,0.0000,-0.7374,+0.0000,0.7374,0.0202,56.404,0.698,57.101,NVIDIA A10,4875190
cifar100,resnet18,20,50.0,0.5,256,42,77.2121,91.0000,77.2323,0.0000,77.8990,0.0000,-0.6667,+0.0000,0.6667,0.0166,53.261,0.616,53.877,NVIDIA A10,4875190
cifar100,resnet18,20,50.0,0.5,512,42,77.2121,91.0000,77.2828,0.0000,77.8990,0.0000,-0.6162,+0.0000,0.6162,0.0244,54.893,1.016,55.909,NVIDIA A10,4875190
cifar100,resnet18,20,50.0,0.5,64,42,77.2121,91.0000,77.1616,0.0000,77.8990,0.0000,-0.7374,+0.0000,0.7374,0.0202,56.404,0.718,57.122,NVIDIA A10,4875190
cifar100,resnet18,20,50.0,1.0,256,42,77.2121,91.0000,77.2323,0.0000,77.8990,0.0000,-0.6667,+0.0000,0.6667,0.0166,53.261,0.581,53.841,NVIDIA A10,4875190
cifar100,resnet18,20,50.0,1.0,512,42,77.2121,91.0000,77.2828,0.0000,77.8990,0.0000,-0.6162,+0.0000,0.6162,0.0244,54.893,1.023,55.916,NVIDIA A10,4875190
cifar100,resnet18,20,50.0,1.0,64,42,77.2121,91.0000,77.1616,0.0000,77.8990,0.0000,-0.7374,+0.0000,0.7374,0.0202,56.404,0.676,57.079,NVIDIA A10,4875190
cifar100,resnet18,20,6.0,0.1,256,42,77.2121,91.0000,49.5253,0.0000,77.8990,0.0000,-28.3737,+0.0000,28.3737,4.6115,53.261,0.633,53.894,NVIDIA A10,4875190
cifar100,resnet18,20,6.0,0.1,512,42,77.2121,91.0000,15.9394,0.0000,77.8990,0.0000,-61.9596,+0.0000,61.9596,5.7420,54.893,0.631,55.525,NVIDIA A10,4875190
cifar100,resnet18,20,6.0,0.1,64,42,77.2121,91.0000,72.4747,0.0000,77.8990,0.0000,-5.4242,+0.0000,5.4242,2.7493,56.404,0.706,57.110,NVIDIA A10,4875190
cifar100,resnet18,20,6.0,0.5,256,42,77.2121,91.0000,50.6869,0.0000,77.8990,0.0000,-27.2121,+0.0000,27.2121,4.6115,53.261,0.614,53.875,NVIDIA A10,4875190
cifar100,resnet18,20,6.0,0.5,512,42,77.2121,91.0000,17.8283,0.0000,77.8990,0.0000,-60.0707,+0.0000,60.0707,5.7420,54.893,0.598,55.492,NVIDIA A10,4875190
cifar100,resnet18,20,6.0,0.5,64,42,77.2121,91.0000,72.7172,0.0000,77.8990,0.0000,-5.1818,+0.0000,5.1818,2.7493,56.404,0.705,57.109,NVIDIA A10,4875190
cifar100,resnet18,20,6.0,1.0,256,42,77.2121,91.0000,52.5455,0.0000,77.8990,0.0000,-25.3535,+0.0000,25.3535,4.6115,53.261,0.601,53.862,NVIDIA A10,4875190
cifar100,resnet18,20,6.0,1.0,512,42,77.2121,91.0000,20.5152,0.0000,77.8990,0.0000,-57.3838,+0.0000,57.3838,5.7420,54.893,0.648,55.541,NVIDIA A10,4875190
cifar100,resnet18,20,6.0,1.0,64,42,77.2121,91.0000,73.0606,0.0000,77.8990,0.0000,-4.8384,+0.0000,4.8384,2.7493,56.404,0.711,57.115,NVIDIA A10,4875190
cifar100,resnet18,20,8.0,0.1,256,42,77.2121,91.0000,68.5657,0.0000,77.8990,0.0000,-9.3333,+0.0000,9.3333,2.8947,53.261,0.612,53.873,NVIDIA A10,4875190
cifar100,resnet18,20,8.0,0.1,512,42,77.2121,91.0000,56.6162,0.0000,77.8990,0.0000,-21.2828,+0.0000,21.2828,3.6943,54.893,0.652,55.546,NVIDIA A10,4875190
cifar100,resnet18,20,8.0,0.1,64,42,77.2121,91.0000,75.4646,0.0000,77.8990,0.0000,-2.4343,+0.0000,2.4343,1.7272,56.404,0.669,57.073,NVIDIA A10,4875190
cifar100,resnet18,20,8.0,0.5,256,42,77.2121,91.0000,68.9293,0.0000,77.8990,0.0000,-8.9697,+0.0000,8.9697,2.8947,53.261,0.601,53.862,NVIDIA A10,4875190
cifar100,resnet18,20,8.0,0.5,512,42,77.2121,91.0000,57.3535,0.0000,77.8990,0.0000,-20.5455,+0.0000,20.5455,3.6943,54.893,1.040,55.933,NVIDIA A10,4875190
cifar100,resnet18,20,8.0,0.5,64,42,77.2121,91.0000,75.5758,0.0000,77.8990,0.0000,-2.3232,+0.0000,2.3232,1.7272,56.404,0.609,57.013,NVIDIA A10,4875190
cifar100,resnet18,20,8.0,1.0,256,42,77.2121,91.0000,69.3535,0.0000,77.8990,0.0000,-8.5455,+0.0000,8.5455,2.8947,53.261,0.577,53.838,NVIDIA A10,4875190
cifar100,resnet18,20,8.0,1.0,512,42,77.2121,91.0000,58.1919,0.0000,77.8990,0.0000,-19.7071,+0.0000,19.7071,3.6943,54.893,0.818,55.712,NVIDIA A10,4875190
cifar100,resnet18,20,8.0,1.0,64,42,77.2121,91.0000,75.6970,0.0000,77.8990,0.0000,-2.2020,+0.0000,2.2020,1.7272,56.404,0.610,57.014,NVIDIA A10,4875190
cifar100,resnet18,3,10.0,0.1,256,42,77.4444,68.0000,64.0505,0.0000,77.8788,0.0000,-13.8283,+0.0000,13.8283,3.2161,25.098,0.061,25.159,NVIDIA A10,4875190
cifar100,resnet18,3,10.0,0.1,512,42,77.4444,68.0000,55.0505,0.0000,77.8788,0.0000,-22.8283,+0.0000,22.8283,4.4813,25.025,0.141,25.166,NVIDIA A10,4875190
cifar100,resnet18,3,10.0,0.1,64,42,77.4444,68.0000,75.3838,0.0000,77.8788,0.0000,-2.4949,+0.0000,2.4949,1.7755,26.888,0.104,26.992,NVIDIA A10,4875190
cifar100,resnet18,3,10.0,0.5,256,42,77.4444,68.0000,64.5051,0.0000,77.8788,0.0000,-13.3737,+0.0000,13.3737,3.2161,25.098,0.122,25.220,NVIDIA A10,4875190
cifar100,resnet18,3,10.0,0.5,512,42,77.4444,68.0000,56.2121,0.0000,77.8788,0.0000,-21.6667,+0.0000,21.6667,4.4813,25.025,0.127,25.152,NVIDIA A10,4875190
cifar100,resnet18,3,10.0,0.5,64,42,77.4444,68.0000,75.4646,0.0000,77.8788,0.0000,-2.4141,+0.0000,2.4141,1.7755,26.888,0.043,26.931,NVIDIA A10,4875190
cifar100,resnet18,3,10.0,1.0,256,42,77.4444,68.0000,65.1616,0.0000,77.8788,0.0000,-12.7172,+0.0000,12.7172,3.2161,25.098,0.099,25.198,NVIDIA A10,4875190
cifar100,resnet18,3,10.0,1.0,512,42,77.4444,68.0000,57.5354,0.0000,77.8788,0.0000,-20.3434,+0.0000,20.3434,4.4813,25.025,0.091,25.116,NVIDIA A10,4875190
cifar100,resnet18,3,10.0,1.0,64,42,77.4444,68.0000,75.5354,0.0000,77.8788,0.0000,-2.3434,+0.0000,2.3434,1.7755,26.888,0.049,26.937,NVIDIA A10,4875190
cifar100,resnet18,3,12.0,0.1,256,42,77.4444,68.0000,70.5556,0.0000,77.8788,0.0000,-7.3232,+0.0000,7.3232,2.1088,25.098,0.126,25.224,NVIDIA A10,4875190
cifar100,resnet18,3,12.0,0.1,512,42,77.4444,68.0000,65.8687,0.0000,77.8788,0.0000,-12.0101,+0.0000,12.0101,2.9908,25.025,0.134,25.159,NVIDIA A10,4875190
cifar100,resnet18,3,12.0,0.1,64,42,77.4444,68.0000,76.3737,0.0000,77.8788,0.0000,-1.5051,+0.0000,1.5051,1.1959,26.888,0.049,26.937,NVIDIA A10,4875190
cifar100,resnet18,3,12.0,0.5,256,42,77.4444,68.0000,70.8586,0.0000,77.8788,0.0000,-7.0202,+0.0000,7.0202,2.1088,25.098,0.083,25.182,NVIDIA A10,4875190
cifar100,resnet18,3,12.0,0.5,512,42,77.4444,68.0000,66.3939,0.0000,77.8788,0.0000,-11.4848,+0.0000,11.4848,2.9908,25.025,0.223,25.249,NVIDIA A10,4875190
cifar100,resnet18,3,12.0,0.5,64,42,77.4444,68.0000,76.3434,0.0000,77.8788,0.0000,-1.5354,+0.0000,1.5354,1.1959,26.888,0.069,26.957,NVIDIA A10,4875190
cifar100,resnet18,3,12.0,1.0,256,42,77.4444,68.0000,71.1717,0.0000,77.8788,0.0000,-6.7071,+0.0000,6.7071,2.1088,25.098,0.090,25.188,NVIDIA A10,4875190
cifar100,resnet18,3,12.0,1.0,512,42,77.4444,68.0000,67.0505,0.0000,77.8788,0.0000,-10.8283,+0.0000,10.8283,2.9908,25.025,0.553,25.578,NVIDIA A10,4875190
cifar100,resnet18,3,12.0,1.0,64,42,77.4444,68.0000,76.4646,0.0000,77.8788,0.0000,-1.4141,+0.0000,1.4141,1.1959,26.888,0.074,26.962,NVIDIA A10,4875190
cifar100,resnet18,3,15.0,0.1,256,42,77.4444,68.0000,76.2929,0.0000,77.8788,0.0000,-1.5859,+0.0000,1.5859,1.2080,25.098,0.065,25.163,NVIDIA A10,4875190
cifar100,resnet18,3,15.0,0.1,512,42,77.4444,68.0000,71.9192,0.0000,77.8788,0.0000,-5.9596,+0.0000,5.9596,1.7237,25.025,0.565,25.590,NVIDIA A10,4875190
cifar100,resnet18,3,15.0,0.1,64,42,77.4444,68.0000,77.0404,0.0000,77.8788,0.0000,-0.8384,+0.0000,0.8384,0.7031,26.888,0.066,26.954,NVIDIA A10,4875190
cifar100,resnet18,3,15.0,0.5,256,42,77.4444,68.0000,76.3131,0.0000,77.8788,0.0000,-1.5657,+0.0000,1.5657,1.2080,25.098,0.087,25.185,NVIDIA A10,4875190
cifar100,resnet18,3,15.0,0.5,512,42,77.4444,68.0000,72.0909,0.0000,77.8788,0.0000,-5.7879,+0.0000,5.7879,1.7237,25.025,0.598,25.623,NVIDIA A10,4875190
cifar100,resnet18,3,15.0,0.5,64,42,77.4444,68.0000,77.0707,0.0000,77.8788,0.0000,-0.8081,+0.0000,0.8081,0.7031,26.888,0.091,26.979,NVIDIA A10,4875190
cifar100,resnet18,3,15.0,1.0,256,42,77.4444,68.0000,76.3535,0.0000,77.8788,0.0000,-1.5253,+0.0000,1.5253,1.2080,25.098,0.092,25.190,NVIDIA A10,4875190
cifar100,resnet18,3,15.0,1.0,512,42,77.4444,68.0000,72.3636,0.0000,77.8788,0.0000,-5.5152,+0.0000,5.5152,1.7237,25.025,0.615,25.640,NVIDIA A10,4875190
cifar100,resnet18,3,15.0,1.0,64,42,77.4444,68.0000,77.0808,0.0000,77.8788,0.0000,-0.7980,+0.0000,0.7980,0.7031,26.888,0.092,26.980,NVIDIA A10,4875190
cifar100,resnet18,3,2.0,0.1,256,42,77.4444,68.0000,0.7475,0.0000,77.8788,0.0000,-77.1313,+0.0000,77.1313,36.7242,25.098,0.104,25.202,NVIDIA A10,4875190
cifar100,resnet18,3,2.0,0.1,512,42,77.4444,68.0000,1.0101,0.0000,77.8788,0.0000,-76.8687,+0.0000,76.8687,38.9762,25.025,0.063,25.088,NVIDIA A10,4875190
cifar100,resnet18,3,2.0,0.1,64,42,77.4444,68.0000,1.0101,0.0000,77.8788,0.0000,-76.8687,+0.0000,76.8687,29.1474,26.888,0.127,27.015,NVIDIA A10,4875190
cifar100,resnet18,3,2.0,0.5,256,42,77.4444,68.0000,1.0707,0.0000,77.8788,0.0000,-76.8081,+0.0000,76.8081,36.7242,25.098,0.098,25.197,NVIDIA A10,4875190
cifar100,resnet18,3,2.0,0.5,512,42,77.4444,68.0000,1.0303,0.0000,77.8788,0.0000,-76.8485,+0.0000,76.8485,38.9762,25.025,0.069,25.094,NVIDIA A10,4875190
cifar100,resnet18,3,2.0,0.5,64,42,77.4444,68.0000,1.5051,0.0000,77.8788,0.0000,-76.3737,+0.0000,76.3737,29.1474,26.888,0.083,26.970,NVIDIA A10,4875190
cifar100,resnet18,3,2.0,1.0,256,42,77.4444,68.0000,1.0909,0.0000,77.8788,0.0000,-76.7879,+0.0000,76.7879,36.7242,25.098,0.104,25.202,NVIDIA A10,4875190
cifar100,resnet18,3,2.0,1.0,512,42,77.4444,68.0000,1.4343,0.0000,77.8788,0.0000,-76.4444,+0.0000,76.4444,38.9762,25.025,0.085,25.110,NVIDIA A10,4875190
cifar100,resnet18,3,2.0,1.0,64,42,77.4444,68.0000,1.1515,0.0000,77.8788,0.0000,-76.7273,+0.0000,76.7273,29.1474,26.888,0.028,26.916,NVIDIA A10,4875190
cifar100,resnet18,3,20.0,0.1,256,42,77.4444,68.0000,77.3838,0.0000,77.8788,0.0000,-0.4949,+0.0000,0.4949,0.5284,25.098,0.093,25.191,NVIDIA A10,4875190
cifar100,resnet18,3,20.0,0.1,512,42,77.4444,68.0000,77.0606,0.0000,77.8788,0.0000,-0.8182,+0.0000,0.8182,0.7638,25.025,0.602,25.627,NVIDIA A10,4875190
cifar100,resnet18,3,20.0,0.1,64,42,77.4444,68.0000,77.3434,0.0000,77.8788,0.0000,-0.5354,+0.0000,0.5354,0.3089,26.888,0.049,26.937,NVIDIA A10,4875190
cifar100,resnet18,3,20.0,0.5,256,42,77.4444,68.0000,77.3939,0.0000,77.8788,0.0000,-0.4848,+0.0000,0.4848,0.5284,25.098,0.092,25.190,NVIDIA A10,4875190
cifar100,resnet18,3,20.0,0.5,512,42,77.4444,68.0000,77.0303,0.0000,77.8788,0.0000,-0.8485,+0.0000,0.8485,0.7638,25.025,0.605,25.630,NVIDIA A10,4875190
cifar100,resnet18,3,20.0,0.5,64,42,77.4444,68.0000,77.3434,0.0000,77.8788,0.0000,-0.5354,+0.0000,0.5354,0.3089,26.888,0.040,26.928,NVIDIA A10,4875190
cifar100,resnet18,3,20.0,1.0,256,42,77.4444,68.0000,77.4141,0.0000,77.8788,0.0000,-0.4646,+0.0000,0.4646,0.5284,25.098,0.027,25.125,NVIDIA A10,4875190
cifar100,resnet18,3,20.0,1.0,512,42,77.4444,68.0000,76.9394,0.0000,77.8788,0.0000,-0.9394,+0.0000,0.9394,0.7638,25.025,0.599,25.625,NVIDIA A10,4875190
cifar100,resnet18,3,20.0,1.0,64,42,77.4444,68.0000,77.3535,0.0000,77.8788,0.0000,-0.5253,+0.0000,0.5253,0.3089,26.888,0.089,26.977,NVIDIA A10,4875190
cifar100,resnet18,3,30.0,0.1,256,42,77.4444,68.0000,77.4141,0.0000,77.8788,0.0000,-0.4646,+0.0000,0.4646,0.0976,25.098,0.055,25.154,NVIDIA A10,4875190
cifar100,resnet18,3,30.0,0.1,512,42,77.4444,68.0000,77.4141,0.0000,77.8788,0.0000,-0.4646,+0.0000,0.4646,0.1630,25.025,0.610,25.635,NVIDIA A10,4875190
cifar100,resnet18,3,30.0,0.1,64,42,77.4444,68.0000,77.6061,0.0000,77.8788,0.0000,-0.2727,+0.0000,0.2727,0.0612,26.888,0.066,26.954,NVIDIA A10,4875190
cifar100,resnet18,3,30.0,0.5,256,42,77.4444,68.0000,77.4040,0.0000,77.8788,0.0000,-0.4747,+0.0000,0.4747,0.0976,25.098,0.081,25.179,NVIDIA A10,4875190
cifar100,resnet18,3,30.0,0.5,512,42,77.4444,68.0000,77.4040,0.0000,77.8788,0.0000,-0.4747,+0.0000,0.4747,0.1630,25.025,0.581,25.606,NVIDIA A10,4875190
cifar100,resnet18,3,30.0,0.5,64,42,77.4444,68.0000,77.6061,0.0000,77.8788,0.0000,-0.2727,+0.0000,0.2727,0.0612,26.888,0.058,26.946,NVIDIA A10,4875190
cifar100,resnet18,3,30.0,1.0,256,42,77.4444,68.0000,77.3939,0.0000,77.8788,0.0000,-0.4848,+0.0000,0.4848,0.0976,25.098,0.066,25.165,NVIDIA A10,4875190
cifar100,resnet18,3,30.0,1.0,512,42,77.4444,68.0000,77.4141,0.0000,77.8788,0.0000,-0.4646,+0.0000,0.4646,0.1630,25.025,0.603,25.628,NVIDIA A10,4875190
cifar100,resnet18,3,30.0,1.0,64,42,77.4444,68.0000,77.6061,0.0000,77.8788,0.0000,-0.2727,+0.0000,0.2727,0.0612,26.888,0.104,26.991,NVIDIA A10,4875190
cifar100,resnet18,3,4.0,0.1,256,42,77.4444,68.0000,2.4141,0.0000,77.8788,0.0000,-75.4646,+0.0000,75.4646,17.1023,25.098,0.056,25.154,NVIDIA A10,4875190
cifar100,resnet18,3,4.0,0.1,512,42,77.4444,68.0000,1.1414,0.0000,77.8788,0.0000,-76.7374,+0.0000,76.7374,19.8219,25.025,0.065,25.090,NVIDIA A10,4875190
cifar100,resnet18,3,4.0,0.1,64,42,77.4444,68.0000,23.5051,0.0000,77.8788,0.0000,-54.3737,+0.0000,54.3737,10.5340,26.888,0.069,26.957,NVIDIA A10,4875190
cifar100,resnet18,3,4.0,0.5,256,42,77.4444,68.0000,2.7980,0.0000,77.8788,0.0000,-75.0808,+0.0000,75.0808,17.1023,25.098,0.046,25.144,NVIDIA A10,4875190
cifar100,resnet18,3,4.0,0.5,512,42,77.4444,68.0000,1.2525,0.0000,77.8788,0.0000,-76.6263,+0.0000,76.6263,19.8219,25.025,0.025,25.050,NVIDIA A10,4875190
cifar100,resnet18,3,4.0,0.5,64,42,77.4444,68.0000,27.8485,0.0000,77.8788,0.0000,-50.0303,+0.0000,50.0303,10.5340,26.888,0.085,26.973,NVIDIA A10,4875190
cifar100,resnet18,3,4.0,1.0,256,42,77.4444,68.0000,4.2626,0.0000,77.8788,0.0000,-73.6162,+0.0000,73.6162,17.1023,25.098,0.090,25.189,NVIDIA A10,4875190
cifar100,resnet18,3,4.0,1.0,512,42,77.4444,68.0000,1.8687,0.0000,77.8788,0.0000,-76.0101,+0.0000,76.0101,19.8219,25.025,0.070,25.096,NVIDIA A10,4875190
cifar100,resnet18,3,4.0,1.0,64,42,77.4444,68.0000,33.6566,0.0000,77.8788,0.0000,-44.2222,+0.0000,44.2222,10.5340,26.888,0.062,26.949,NVIDIA A10,4875190
cifar100,resnet18,3,50.0,0.1,256,42,77.4444,68.0000,77.4646,55.0000,77.8788,0.0000,-0.4141,+55.0000,55.4141,0.0010,25.098,0.095,25.193,NVIDIA A10,4875190
cifar100,resnet18,3,50.0,0.1,512,42,77.4444,68.0000,77.4747,50.0000,77.8788,0.0000,-0.4040,+50.0000,50.4040,0.0019,25.025,0.596,25.621,NVIDIA A10,4875190
cifar100,resnet18,3,50.0,0.1,64,42,77.4444,68.0000,77.4848,13.0000,77.8788,0.0000,-0.3939,+13.0000,13.3939,0.0013,26.888,0.090,26.978,NVIDIA A10,4875190
cifar100,resnet18,3,50.0,0.5,256,42,77.4444,68.0000,77.4646,55.0000,77.8788,0.0000,-0.4141,+55.0000,55.4141,0.0010,25.098,0.108,25.206,NVIDIA A10,4875190
cifar100,resnet18,3,50.0,0.5,512,42,77.4444,68.0000,77.4747,50.0000,77.8788,0.0000,-0.4040,+50.0000,50.4040,0.0019,25.025,0.772,25.797,NVIDIA A10,4875190
cifar100,resnet18,3,50.0,0.5,64,42,77.4444,68.0000,77.4848,13.0000,77.8788,0.0000,-0.3939,+13.0000,13.3939,0.0013,26.888,0.059,26.947,NVIDIA A10,4875190
cifar100,resnet18,3,50.0,1.0,256,42,77.4444,68.0000,77.4646,55.0000,77.8788,0.0000,-0.4141,+55.0000,55.4141,0.0010,25.098,0.097,25.196,NVIDIA A10,4875190
cifar100,resnet18,3,50.0,1.0,512,42,77.4444,68.0000,77.4747,50.0000,77.8788,0.0000,-0.4040,+50.0000,50.4040,0.0019,25.025,0.755,25.780,NVIDIA A10,4875190
cifar100,resnet18,3,50.0,1.0,64,42,77.4444,68.0000,77.4848,14.0000,77.8788,0.0000,-0.3939,+14.0000,14.3939,0.0013,26.888,0.098,26.986,NVIDIA A10,4875190
cifar100,resnet18,3,6.0,0.1,256,42,77.4444,68.0000,24.2424,0.0000,77.8788,0.0000,-53.6364,+0.0000,53.6364,9.0090,25.098,0.089,25.187,NVIDIA A10,4875190
cifar100,resnet18,3,6.0,0.1,512,42,77.4444,68.0000,9.9091,0.0000,77.8788,0.0000,-67.9697,+0.0000,67.9697,11.3628,25.025,0.114,25.139,NVIDIA A10,4875190
cifar100,resnet18,3,6.0,0.1,64,42,77.4444,68.0000,61.6061,0.0000,77.8788,0.0000,-16.2727,+0.0000,16.2727,4.9346,26.888,0.071,26.959,NVIDIA A10,4875190
cifar100,resnet18,3,6.0,0.5,256,42,77.4444,68.0000,26.6970,0.0000,77.8788,0.0000,-51.1818,+0.0000,51.1818,9.0090,25.098,0.126,25.224,NVIDIA A10,4875190
cifar100,resnet18,3,6.0,0.5,512,42,77.4444,68.0000,11.9697,0.0000,77.8788,0.0000,-65.9091,+0.0000,65.9091,11.3628,25.025,0.090,25.115,NVIDIA A10,4875190
cifar100,resnet18,3,6.0,0.5,64,42,77.4444,68.0000,62.8889,0.0000,77.8788,0.0000,-14.9899,+0.0000,14.9899,4.9346,26.888,0.136,27.024,NVIDIA A10,4875190
cifar100,resnet18,3,6.0,1.0,256,42,77.4444,68.0000,30.0000,0.0000,77.8788,0.0000,-47.8788,+0.0000,47.8788,9.0090,25.098,0.118,25.216,NVIDIA A10,4875190
cifar100,resnet18,3,6.0,1.0,512,42,77.4444,68.0000,14.5455,0.0000,77.8788,0.0000,-63.3333,+0.0000,63.3333,11.3628,25.025,0.098,25.123,NVIDIA A10,4875190
cifar100,resnet18,3,6.0,1.0,64,42,77.4444,68.0000,64.0808,0.0000,77.8788,0.0000,-13.7980,+0.0000,13.7980,4.9346,26.888,0.126,27.014,NVIDIA A10,4875190
cifar100,resnet18,3,8.0,0.1,256,42,77.4444,68.0000,54.6970,0.0000,77.8788,0.0000,-23.1818,+0.0000,23.1818,5.1852,25.098,0.060,25.159,NVIDIA A10,4875190
cifar100,resnet18,3,8.0,0.1,512,42,77.4444,68.0000,29.2626,0.0000,77.8788,0.0000,-48.6162,+0.0000,48.6162,6.9691,25.025,0.143,25.169,NVIDIA A10,4875190
cifar100,resnet18,3,8.0,0.1,64,42,77.4444,68.0000,73.2929,0.0000,77.8788,0.0000,-4.5859,+0.0000,4.5859,2.8042,26.888,0.102,26.990,NVIDIA A10,4875190
cifar100,resnet18,3,8.0,0.5,256,42,77.4444,68.0000,56.0101,0.0000,77.8788,0.0000,-21.8687,+0.0000,21.8687,5.1852,25.098,0.104,25.202,NVIDIA A10,4875190
cifar100,resnet18,3,8.0,0.5,512,42,77.4444,68.0000,31.1111,0.0000,77.8788,0.0000,-46.7677,+0.0000,46.7677,6.9691,25.025,0.080,25.105,NVIDIA A10,4875190
cifar100,resnet18,3,8.0,0.5,64,42,77.4444,68.0000,73.4646,0.0000,77.8788,0.0000,-4.4141,+0.0000,4.4141,2.8042,26.888,0.128,27.015,NVIDIA A10,4875190
cifar100,resnet18,3,8.0,1.0,256,42,77.4444,68.0000,57.4545,0.0000,77.8788,0.0000,-20.4242,+0.0000,20.4242,5.1852,25.098,0.094,25.192,NVIDIA A10,4875190
cifar100,resnet18,3,8.0,1.0,512,42,77.4444,68.0000,33.5354,0.0000,77.8788,0.0000,-44.3434,+0.0000,44.3434,6.9691,25.025,0.064,25.089,NVIDIA A10,4875190
cifar100,resnet18,3,8.0,1.0,64,42,77.4444,68.0000,73.6061,0.0000,77.8788,0.0000,-4.2727,+0.0000,4.2727,2.8042,26.888,0.113,27.001,NVIDIA A10,4875190
cifar100,resnet18,51,10.0,0.1,256,42,77.3838,74.0000,72.4949,0.0000,77.7273,0.0000,-5.2323,+0.0000,5.2323,2.7271,57.574,0.598,58.172,NVIDIA A10,4875190
cifar100,resnet18,51,10.0,0.1,512,42,77.3838,74.0000,54.7374,0.0000,77.7273,0.0000,-22.9899,+0.0000,22.9899,3.7895,61.536,0.800,62.335,NVIDIA A10,4875190
cifar100,resnet18,51,10.0,0.1,64,42,77.3838,74.0000,76.4747,0.0000,77.7273,0.0000,-1.2525,+0.0000,1.2525,1.4787,80.771,0.583,81.354,NVIDIA A10,4875190
cifar100,resnet18,51,10.0,0.5,256,42,77.3838,74.0000,72.8283,0.0000,77.7273,0.0000,-4.8990,+0.0000,4.8990,2.7271,57.574,0.588,58.162,NVIDIA A10,4875190
cifar100,resnet18,51,10.0,0.5,512,42,77.3838,74.0000,56.2121,0.0000,77.7273,0.0000,-21.5152,+0.0000,21.5152,3.7895,61.536,0.791,62.326,NVIDIA A10,4875190
cifar100,resnet18,51,10.0,0.5,64,42,77.3838,74.0000,76.5051,0.0000,77.7273,0.0000,-1.2222,+0.0000,1.2222,1.4787,80.771,0.593,81.364,NVIDIA A10,4875190
cifar100,resnet18,51,10.0,1.0,256,42,77.3838,74.0000,73.0303,0.0000,77.7273,0.0000,-4.6970,+0.0000,4.6970,2.7271,57.574,0.605,58.179,NVIDIA A10,4875190
cifar100,resnet18,51,10.0,1.0,512,42,77.3838,74.0000,57.9899,0.0000,77.7273,0.0000,-19.7374,+0.0000,19.7374,3.7895,61.536,0.788,62.324,NVIDIA A10,4875190
cifar100,resnet18,51,10.0,1.0,64,42,77.3838,74.0000,76.5253,0.0000,77.7273,0.0000,-1.2020,+0.0000,1.2020,1.4787,80.771,0.599,81.371,NVIDIA A10,4875190
cifar100,resnet18,51,12.0,0.1,256,42,77.3838,74.0000,75.0707,0.0000,77.7273,0.0000,-2.6566,+0.0000,2.6566,1.8483,57.574,0.611,58.185,NVIDIA A10,4875190
cifar100,resnet18,51,12.0,0.1,512,42,77.3838,74.0000,69.5960,0.0000,77.7273,0.0000,-8.1313,+0.0000,8.1313,2.5779,61.536,0.802,62.338,NVIDIA A10,4875190
cifar100,resnet18,51,12.0,0.1,64,42,77.3838,74.0000,76.8990,0.0000,77.7273,0.0000,-0.8283,+0.0000,0.8283,1.0569,80.771,0.588,81.359,NVIDIA A10,4875190
cifar100,resnet18,51,12.0,0.5,256,42,77.3838,74.0000,75.1313,0.0000,77.7273,0.0000,-2.5960,+0.0000,2.5960,1.8483,57.574,0.586,58.160,NVIDIA A10,4875190
cifar100,resnet18,51,12.0,0.5,512,42,77.3838,74.0000,70.0606,0.0000,77.7273,0.0000,-7.6667,+0.0000,7.6667,2.5779,61.536,0.789,62.324,NVIDIA A10,4875190
cifar100,resnet18,51,12.0,0.5,64,42,77.3838,74.0000,76.9091,0.0000,77.7273,0.0000,-0.8182,+0.0000,0.8182,1.0569,80.771,0.597,81.368,NVIDIA A10,4875190
cifar100,resnet18,51,12.0,1.0,256,42,77.3838,74.0000,75.3535,0.0000,77.7273,0.0000,-2.3737,+0.0000,2.3737,1.8483,57.574,0.725,58.299,NVIDIA A10,4875190
cifar100,resnet18,51,12.0,1.0,512,42,77.3838,74.0000,70.6162,0.0000,77.7273,0.0000,-7.1111,+0.0000,7.1111,2.5779,61.536,0.727,62.263,NVIDIA A10,4875190
cifar100,resnet18,51,12.0,1.0,64,42,77.3838,74.0000,76.9495,0.0000,77.7273,0.0000,-0.7778,+0.0000,0.7778,1.0569,80.771,0.594,81.366,NVIDIA A10,4875190
cifar100,resnet18,51,15.0,0.1,256,42,77.3838,74.0000,76.5758,0.0000,77.7273,0.0000,-1.1515,+0.0000,1.1515,1.1396,57.574,0.736,58.310,NVIDIA A10,4875190
cifar100,resnet18,51,15.0,0.1,512,42,77.3838,74.0000,74.6869,0.0000,77.7273,0.0000,-3.0404,+0.0000,3.0404,1.5610,61.536,0.620,62.155,NVIDIA A10,4875190
cifar100,resnet18,51,15.0,0.1,64,42,77.3838,74.0000,77.1010,0.0000,77.7273,0.0000,-0.6263,+0.0000,0.6263,0.6972,80.771,0.582,81.353,NVIDIA A10,4875190
cifar100,resnet18,51,15.0,0.5,256,42,77.3838,74.0000,76.6061,0.0000,77.7273,0.0000,-1.1212,+0.0000,1.1212,1.1396,57.574,0.765,58.338,NVIDIA A10,4875190
cifar100,resnet18,51,15.0,0.5,512,42,77.3838,74.0000,74.7980,0.0000,77.7273,0.0000,-2.9293,+0.0000,2.9293,1.5610,61.536,0.609,62.144,NVIDIA A10,4875190
cifar100,resnet18,51,15.0,0.5,64,42,77.3838,74.0000,77.1111,0.0000,77.7273,0.0000,-0.6162,+0.0000,0.6162,0.6972,80.771,0.579,81.350,NVIDIA A10,4875190
cifar100,resnet18,51,15.0,1.0,256,42,77.3838,74.0000,76.6566,0.0000,77.7273,0.0000,-1.0707,+0.0000,1.0707,1.1396,57.574,0.755,58.329,NVIDIA A10,4875190
cifar100,resnet18,51,15.0,1.0,512,42,77.3838,74.0000,74.9697,0.0000,77.7273,0.0000,-2.7576,+0.0000,2.7576,1.5610,61.536,0.621,62.156,NVIDIA A10,4875190
cifar100,resnet18,51,15.0,1.0,64,42,77.3838,74.0000,77.1313,0.0000,77.7273,0.0000,-0.5960,+0.0000,0.5960,0.6972,80.771,0.591,81.362,NVIDIA A10,4875190
cifar100,resnet18,51,2.0,0.1,256,42,77.3838,74.0000,1.0808,0.0000,77.7273,0.0000,-76.6465,+0.0000,76.6465,31.2369,57.574,0.658,58.232,NVIDIA A10,4875190
cifar100,resnet18,51,2.0,0.1,512,42,77.3838,74.0000,1.0101,0.0000,77.7273,0.0000,-76.7172,+0.0000,76.7172,33.4648,61.536,0.588,62.124,NVIDIA A10,4875190
cifar100,resnet18,51,2.0,0.1,64,42,77.3838,74.0000,1.6970,0.0000,77.7273,0.0000,-76.0303,+0.0000,76.0303,24.0279,80.771,0.633,81.404,NVIDIA A10,4875190
cifar100,resnet18,51,2.0,0.5,256,42,77.3838,74.0000,1.0808,0.0000,77.7273,0.0000,-76.6465,+0.0000,76.6465,31.2369,57.574,0.714,58.288,NVIDIA A10,4875190
cifar100,resnet18,51,2.0,0.5,512,42,77.3838,74.0000,1.0202,0.0000,77.7273,0.0000,-76.7071,+0.0000,76.7071,33.4648,61.536,0.592,62.128,NVIDIA A10,4875190
cifar100,resnet18,51,2.0,0.5,64,42,77.3838,74.0000,2.1515,0.0000,77.7273,0.0000,-75.5758,+0.0000,75.5758,24.0279,80.771,0.600,81.371,NVIDIA A10,4875190
cifar100,resnet18,51,2.0,1.0,256,42,77.3838,74.0000,1.5253,0.0000,77.7273,0.0000,-76.2020,+0.0000,76.2020,31.2369,57.574,0.733,58.307,NVIDIA A10,4875190
cifar100,resnet18,51,2.0,1.0,512,42,77.3838,74.0000,1.2727,0.0000,77.7273,0.0000,-76.4545,+0.0000,76.4545,33.4648,61.536,0.592,62.128,NVIDIA A10,4875190
cifar100,resnet18,51,2.0,1.0,64,42,77.3838,74.0000,3.3131,0.0000,77.7273,0.0000,-74.4141,+0.0000,74.4141,24.0279,80.771,0.624,81.396,NVIDIA A10,4875190
cifar100,resnet18,51,20.0,0.1,256,42,77.3838,74.0000,76.9495,0.0000,77.7273,0.0000,-0.7778,+0.0000,0.7778,0.5995,57.574,0.761,58.335,NVIDIA A10,4875190
cifar100,resnet18,51,20.0,0.1,512,42,77.3838,74.0000,76.6869,0.0000,77.7273,0.0000,-1.0404,+0.0000,1.0404,0.7938,61.536,0.610,62.146,NVIDIA A10,4875190
cifar100,resnet18,51,20.0,0.1,64,42,77.3838,74.0000,77.2525,0.0000,77.7273,0.0000,-0.4747,+0.0000,0.4747,0.3784,80.771,0.592,81.364,NVIDIA A10,4875190
cifar100,resnet18,51,20.0,0.5,256,42,77.3838,74.0000,76.9798,0.0000,77.7273,0.0000,-0.7475,+0.0000,0.7475,0.5995,57.574,0.766,58.340,NVIDIA A10,4875190
cifar100,resnet18,51,20.0,0.5,512,42,77.3838,74.0000,76.6869,0.0000,77.7273,0.0000,-1.0404,+0.0000,1.0404,0.7938,61.536,0.665,62.201,NVIDIA A10,4875190
cifar100,resnet18,51,20.0,0.5,64,42,77.3838,74.0000,77.2424,0.0000,77.7273,0.0000,-0.4848,+0.0000,0.4848,0.3784,80.771,0.604,81.376,NVIDIA A10,4875190
cifar100,resnet18,51,20.0,1.0,256,42,77.3838,74.0000,77.0202,0.0000,77.7273,0.0000,-0.7071,+0.0000,0.7071,0.5995,57.574,0.767,58.341,NVIDIA A10,4875190
cifar100,resnet18,51,20.0,1.0,512,42,77.3838,74.0000,76.6970,0.0000,77.7273,0.0000,-1.0303,+0.0000,1.0303,0.7938,61.536,0.627,62.162,NVIDIA A10,4875190
cifar100,resnet18,51,20.0,1.0,64,42,77.3838,74.0000,77.2727,0.0000,77.7273,0.0000,-0.4545,+0.0000,0.4545,0.3784,80.771,0.772,81.544,NVIDIA A10,4875190
cifar100,resnet18,51,30.0,0.1,256,42,77.3838,74.0000,77.2424,0.0000,77.7273,0.0000,-0.4848,+0.0000,0.4848,0.2017,57.574,0.740,58.314,NVIDIA A10,4875190
cifar100,resnet18,51,30.0,0.1,512,42,77.3838,74.0000,77.3939,0.0000,77.7273,0.0000,-0.3333,+0.0000,0.3333,0.2770,61.536,0.599,62.135,NVIDIA A10,4875190
cifar100,resnet18,51,30.0,0.1,64,42,77.3838,74.0000,77.3535,0.0000,77.7273,0.0000,-0.3737,+0.0000,0.3737,0.1211,80.771,0.756,81.527,NVIDIA A10,4875190
cifar100,resnet18,51,30.0,0.5,256,42,77.3838,74.0000,77.2424,0.0000,77.7273,0.0000,-0.4848,+0.0000,0.4848,0.2017,57.574,0.636,58.209,NVIDIA A10,4875190
cifar100,resnet18,51,30.0,0.5,512,42,77.3838,74.0000,77.3838,0.0000,77.7273,0.0000,-0.3434,+0.0000,0.3434,0.2770,61.536,0.592,62.128,NVIDIA A10,4875190
cifar100,resnet18,51,30.0,0.5,64,42,77.3838,74.0000,77.3535,0.0000,77.7273,0.0000,-0.3737,+0.0000,0.3737,0.1211,80.771,0.776,81.547,NVIDIA A10,4875190
cifar100,resnet18,51,30.0,1.0,256,42,77.3838,74.0000,77.2222,0.0000,77.7273,0.0000,-0.5051,+0.0000,0.5051,0.2017,57.574,0.627,58.201,NVIDIA A10,4875190
cifar100,resnet18,51,30.0,1.0,512,42,77.3838,74.0000,77.3838,0.0000,77.7273,0.0000,-0.3434,+0.0000,0.3434,0.2770,61.536,0.591,62.126,NVIDIA A10,4875190
cifar100,resnet18,51,30.0,1.0,64,42,77.3838,74.0000,77.3636,0.0000,77.7273,0.0000,-0.3636,+0.0000,0.3636,0.1211,80.771,0.775,81.546,NVIDIA A10,4875190
cifar100,resnet18,51,4.0,0.1,256,42,77.3838,74.0000,1.9293,0.0000,77.7273,0.0000,-75.7980,+0.0000,75.7980,14.2546,57.574,0.708,58.282,NVIDIA A10,4875190
cifar100,resnet18,51,4.0,0.1,512,42,77.3838,74.0000,1.0101,0.0000,77.7273,0.0000,-76.7172,+0.0000,76.7172,16.6473,61.536,0.591,62.126,NVIDIA A10,4875190
cifar100,resnet18,51,4.0,0.1,64,42,77.3838,74.0000,22.5960,0.0000,77.7273,0.0000,-55.1313,+0.0000,55.1313,8.4975,80.771,0.604,81.376,NVIDIA A10,4875190
cifar100,resnet18,51,4.0,0.5,256,42,77.3838,74.0000,2.1616,0.0000,77.7273,0.0000,-75.5657,+0.0000,75.5657,14.2546,57.574,0.671,58.245,NVIDIA A10,4875190
cifar100,resnet18,51,4.0,0.5,512,42,77.3838,74.0000,1.0202,0.0000,77.7273,0.0000,-76.7071,+0.0000,76.7071,16.6473,61.536,0.599,62.134,NVIDIA A10,4875190
cifar100,resnet18,51,4.0,0.5,64,42,77.3838,74.0000,27.7374,0.0000,77.7273,0.0000,-49.9899,+0.0000,49.9899,8.4975,80.771,0.783,81.554,NVIDIA A10,4875190
cifar100,resnet18,51,4.0,1.0,256,42,77.3838,74.0000,3.0707,0.0000,77.7273,0.0000,-74.6566,+0.0000,74.6566,14.2546,57.574,0.635,58.209,NVIDIA A10,4875190
cifar100,resnet18,51,4.0,1.0,512,42,77.3838,74.0000,1.1010,0.0000,77.7273,0.0000,-76.6263,+0.0000,76.6263,16.6473,61.536,0.601,62.136,NVIDIA A10,4875190
cifar100,resnet18,51,4.0,1.0,64,42,77.3838,74.0000,35.7879,0.0000,77.7273,0.0000,-41.9394,+0.0000,41.9394,8.4975,80.771,0.752,81.524,NVIDIA A10,4875190
cifar100,resnet18,51,50.0,0.1,256,42,77.3838,74.0000,77.4848,56.0000,77.7273,0.0000,-0.2424,+56.0000,56.2424,0.0118,57.574,0.623,58.196,NVIDIA A10,4875190
cifar100,resnet18,51,50.0,0.1,512,42,77.3838,74.0000,77.3737,56.0000,77.7273,0.0000,-0.3535,+56.0000,56.3535,0.0214,61.536,0.581,62.117,NVIDIA A10,4875190
cifar100,resnet18,51,50.0,0.1,64,42,77.3838,74.0000,77.5051,23.0000,77.7273,0.0000,-0.2222,+23.0000,23.2222,0.0113,80.771,0.759,81.530,NVIDIA A10,4875190
cifar100,resnet18,51,50.0,0.5,256,42,77.3838,74.0000,77.4848,56.0000,77.7273,0.0000,-0.2424,+56.0000,56.2424,0.0118,57.574,0.604,58.178,NVIDIA A10,4875190
cifar100,resnet18,51,50.0,0.5,512,42,77.3838,74.0000,77.3535,56.0000,77.7273,0.0000,-0.3737,+56.0000,56.3737,0.0214,61.536,0.566,62.102,NVIDIA A10,4875190
cifar100,resnet18,51,50.0,0.5,64,42,77.3838,74.0000,77.5051,24.0000,77.7273,0.0000,-0.2222,+24.0000,24.2222,0.0113,80.771,0.744,81.515,NVIDIA A10,4875190
cifar100,resnet18,51,50.0,1.0,256,42,77.3838,74.0000,77.4949,56.0000,77.7273,0.0000,-0.2323,+56.0000,56.2323,0.0118,57.574,0.629,58.203,NVIDIA A10,4875190
cifar100,resnet18,51,50.0,1.0,512,42,77.3838,74.0000,77.3535,56.0000,77.7273,0.0000,-0.3737,+56.0000,56.3737,0.0214,61.536,0.736,62.272,NVIDIA A10,4875190
cifar100,resnet18,51,50.0,1.0,64,42,77.3838,74.0000,77.5051,24.0000,77.7273,0.0000,-0.2222,+24.0000,24.2222,0.0113,80.771,0.744,81.515,NVIDIA A10,4875190
cifar100,resnet18,51,6.0,0.1,256,42,77.3838,74.0000,12.6566,0.0000,77.7273,0.0000,-65.0707,+0.0000,65.0707,7.4911,57.574,0.590,58.164,NVIDIA A10,4875190
cifar100,resnet18,51,6.0,0.1,512,42,77.3838,74.0000,3.1515,0.0000,77.7273,0.0000,-74.5758,+0.0000,74.5758,9.4890,61.536,0.696,62.232,NVIDIA A10,4875190
cifar100,resnet18,51,6.0,0.1,64,42,77.3838,74.0000,68.9596,0.0000,77.7273,0.0000,-8.7677,+0.0000,8.7677,3.9174,80.771,0.737,81.508,NVIDIA A10,4875190
cifar100,resnet18,51,6.0,0.5,256,42,77.3838,74.0000,15.4545,0.0000,77.7273,0.0000,-62.2727,+0.0000,62.2727,7.4911,57.574,0.590,58.164,NVIDIA A10,4875190
cifar100,resnet18,51,6.0,0.5,512,42,77.3838,74.0000,4.0404,0.0000,77.7273,0.0000,-73.6869,+0.0000,73.6869,9.4890,61.536,0.623,62.158,NVIDIA A10,4875190
cifar100,resnet18,51,6.0,0.5,64,42,77.3838,74.0000,69.7677,0.0000,77.7273,0.0000,-7.9596,+0.0000,7.9596,3.9174,80.771,0.721,81.492,NVIDIA A10,4875190
cifar100,resnet18,51,6.0,1.0,256,42,77.3838,74.0000,19.7273,0.0000,77.7273,0.0000,-58.0000,+0.0000,58.0000,7.4911,57.574,0.598,58.172,NVIDIA A10,4875190
cifar100,resnet18,51,6.0,1.0,512,42,77.3838,74.0000,5.4343,0.0000,77.7273,0.0000,-72.2929,+0.0000,72.2929,9.4890,61.536,0.645,62.180,NVIDIA A10,4875190
cifar100,resnet18,51,6.0,1.0,64,42,77.3838,74.0000,70.5556,0.0000,77.7273,0.0000,-7.1717,+0.0000,7.1717,3.9174,80.771,0.730,81.502,NVIDIA A10,4875190
cifar100,resnet18,51,8.0,0.1,256,42,77.3838,74.0000,57.2727,0.0000,77.7273,0.0000,-20.4545,+0.0000,20.4545,4.3345,57.574,0.588,58.162,NVIDIA A10,4875190
cifar100,resnet18,51,8.0,0.1,512,42,77.3838,74.0000,27.1515,0.0000,77.7273,0.0000,-50.5758,+0.0000,50.5758,5.8372,61.536,0.638,62.174,NVIDIA A10,4875190
cifar100,resnet18,51,8.0,0.1,64,42,77.3838,74.0000,75.2222,0.0000,77.7273,0.0000,-2.5051,+0.0000,2.5051,2.2443,80.771,0.714,81.486,NVIDIA A10,4875190
cifar100,resnet18,51,8.0,0.5,256,42,77.3838,74.0000,58.6465,0.0000,77.7273,0.0000,-19.0808,+0.0000,19.0808,4.3345,57.574,0.600,58.174,NVIDIA A10,4875190
cifar100,resnet18,51,8.0,0.5,512,42,77.3838,74.0000,29.5354,0.0000,77.7273,0.0000,-48.1919,+0.0000,48.1919,5.8372,61.536,0.771,62.307,NVIDIA A10,4875190
cifar100,resnet18,51,8.0,0.5,64,42,77.3838,74.0000,75.2727,0.0000,77.7273,0.0000,-2.4545,+0.0000,2.4545,2.2443,80.771,0.720,81.492,NVIDIA A10,4875190
cifar100,resnet18,51,8.0,1.0,256,42,77.3838,74.0000,60.4646,0.0000,77.7273,0.0000,-17.2626,+0.0000,17.2626,4.3345,57.574,0.586,58.160,NVIDIA A10,4875190
cifar100,resnet18,51,8.0,1.0,512,42,77.3838,74.0000,32.5253,0.0000,77.7273,0.0000,-45.2020,+0.0000,45.2020,5.8372,61.536,0.797,62.332,NVIDIA A10,4875190
cifar100,resnet18,51,8.0,1.0,64,42,77.3838,74.0000,75.4646,0.0000,77.7273,0.0000,-2.2626,+0.0000,2.2626,2.2443,80.771,0.737,81.508,NVIDIA A10,4875190
cifar100,resnet18,69,10.0,0.1,256,42,77.3030,82.0000,71.5556,0.0000,77.4949,0.0000,-5.9394,+0.0000,5.9394,2.4781,63.076,0.589,63.664,NVIDIA A10,4875190
cifar100,resnet18,69,10.0,0.1,512,42,77.3030,82.0000,58.0000,0.0000,77.4949,0.0000,-19.4949,+0.0000,19.4949,3.2105,31.833,0.067,31.900,NVIDIA A10,6e3d1db
cifar100,resnet18,69,10.0,0.1,64,42,77.3030,82.0000,75.7273,0.0000,77.4949,0.0000,-1.7677,+0.0000,1.7677,1.4893,68.884,0.600,69.483,NVIDIA A10,4875190
cifar100,resnet18,69,10.0,0.5,256,42,77.3030,82.0000,71.8788,0.0000,77.4949,0.0000,-5.6162,+0.0000,5.6162,2.4781,63.076,0.749,63.824,NVIDIA A10,4875190
cifar100,resnet18,69,10.0,0.5,512,42,77.3030,82.0000,58.9899,0.0000,77.4949,0.0000,-18.5051,+0.0000,18.5051,3.2105,31.833,0.018,31.851,NVIDIA A10,6e3d1db
cifar100,resnet18,69,10.0,0.5,64,42,77.3030,82.0000,75.9091,0.0000,77.4949,0.0000,-1.5859,+0.0000,1.5859,1.4893,68.884,0.601,69.485,NVIDIA A10,4875190
cifar100,resnet18,69,10.0,1.0,256,42,77.3030,82.0000,72.1717,0.0000,77.4949,0.0000,-5.3232,+0.0000,5.3232,2.4781,63.076,0.779,63.855,NVIDIA A10,4875190
cifar100,resnet18,69,10.0,1.0,512,42,77.3030,82.0000,60.4040,0.0000,77.4949,0.0000,-17.0909,+0.0000,17.0909,3.2105,31.833,0.065,31.898,NVIDIA A10,6e3d1db
cifar100,resnet18,69,10.0,1.0,64,42,77.3030,82.0000,76.0404,0.0000,77.4949,0.0000,-1.4545,+0.0000,1.4545,1.4893,68.884,0.596,69.480,NVIDIA A10,4875190
cifar100,resnet18,69,12.0,0.1,256,42,77.3030,82.0000,74.0404,0.0000,77.4949,0.0000,-3.4545,+0.0000,3.4545,1.7735,63.076,0.751,63.827,NVIDIA A10,4875190
cifar100,resnet18,69,12.0,0.1,512,42,77.3030,82.0000,65.6566,0.0000,77.4949,0.0000,-11.8384,+0.0000,11.8384,2.3125,31.833,0.021,31.854,NVIDIA A10,6e3d1db
cifar100,resnet18,69,12.0,0.1,64,42,77.3030,82.0000,75.9596,0.0000,77.4949,0.0000,-1.5354,+0.0000,1.5354,1.0737,68.884,0.599,69.483,NVIDIA A10,4875190
cifar100,resnet18,69,12.0,0.5,256,42,77.3030,82.0000,74.1818,0.0000,77.4949,0.0000,-3.3131,+0.0000,3.3131,1.7735,63.076,0.728,63.804,NVIDIA A10,4875190
cifar100,resnet18,69,12.0,0.5,512,42,77.3030,82.0000,66.3131,0.0000,77.4949,0.0000,-11.1818,+0.0000,11.1818,2.3125,31.833,0.099,31.932,NVIDIA A10,6e3d1db
cifar100,resnet18,69,12.0,0.5,64,42,77.3030,82.0000,76.0808,0.0000,77.4949,0.0000,-1.4141,+0.0000,1.4141,1.0737,68.884,0.589,69.473,NVIDIA A10,4875190
cifar100,resnet18,69,12.0,1.0,256,42,77.3030,82.0000,74.3434,0.0000,77.4949,0.0000,-3.1515,+0.0000,3.1515,1.7735,63.076,0.758,63.833,NVIDIA A10,4875190
cifar100,resnet18,69,12.0,1.0,512,42,77.3030,82.0000,67.0202,0.0000,77.4949,0.0000,-10.4747,+0.0000,10.4747,2.3125,31.833,0.041,31.874,NVIDIA A10,6e3d1db
cifar100,resnet18,69,12.0,1.0,64,42,77.3030,82.0000,76.2020,0.0000,77.4949,0.0000,-1.2929,+0.0000,1.2929,1.0737,68.884,0.597,69.480,NVIDIA A10,4875190
cifar100,resnet18,69,15.0,0.1,256,42,77.3030,82.0000,75.8485,0.0000,77.4949,0.0000,-1.6465,+0.0000,1.6465,1.1484,63.076,0.772,63.848,NVIDIA A10,4875190
cifar100,resnet18,69,15.0,0.1,512,42,77.3030,82.0000,74.2424,0.0000,77.4949,0.0000,-3.2525,+0.0000,3.2525,1.5040,31.833,0.075,31.908,NVIDIA A10,6e3d1db
cifar100,resnet18,69,15.0,0.1,64,42,77.3030,82.0000,76.5253,0.0000,77.4949,0.0000,-0.9697,+0.0000,0.9697,0.6997,68.884,0.627,69.511,NVIDIA A10,4875190
cifar100,resnet18,69,15.0,0.5,256,42,77.3030,82.0000,75.8990,0.0000,77.4949,0.0000,-1.5960,+0.0000,1.5960,1.1484,63.076,0.767,63.842,NVIDIA A10,4875190
cifar100,resnet18,69,15.0,0.5,512,42,77.3030,82.0000,74.4444,0.0000,77.4949,0.0000,-3.0505,+0.0000,3.0505,1.5040,31.833,0.076,31.909,NVIDIA A10,6e3d1db
cifar100,resnet18,69,15.0,0.5,64,42,77.3030,82.0000,76.5758,0.0000,77.4949,0.0000,-0.9192,+0.0000,0.9192,0.6997,68.884,0.615,69.498,NVIDIA A10,4875190
cifar100,resnet18,69,15.0,1.0,256,42,77.3030,82.0000,75.9798,0.0000,77.4949,0.0000,-1.5152,+0.0000,1.5152,1.1484,63.076,0.732,63.808,NVIDIA A10,4875190
cifar100,resnet18,69,15.0,1.0,512,42,77.3030,82.0000,74.5758,0.0000,77.4949,0.0000,-2.9192,+0.0000,2.9192,1.5040,31.833,0.063,31.896,NVIDIA A10,6e3d1db
cifar100,resnet18,69,15.0,1.0,64,42,77.3030,82.0000,76.6364,0.0000,77.4949,0.0000,-0.8586,+0.0000,0.8586,0.6997,68.884,0.773,69.657,NVIDIA A10,4875190
cifar100,resnet18,69,2.0,0.1,256,42,77.3030,82.0000,0.9596,0.0000,77.4949,0.0000,-76.5354,+0.0000,76.5354,23.4684,63.076,0.764,63.840,NVIDIA A10,4875190
cifar100,resnet18,69,2.0,0.1,512,42,77.3030,82.0000,1.0000,0.0000,77.4949,0.0000,-76.4949,+0.0000,76.4949,25.7193,31.833,0.105,31.938,NVIDIA A10,6e3d1db
cifar100,resnet18,69,2.0,0.1,64,42,77.3030,82.0000,1.0202,0.0000,77.4949,0.0000,-76.4747,+0.0000,76.4747,17.1818,68.884,0.642,69.526,NVIDIA A10,4875190
cifar100,resnet18,69,2.0,0.5,256,42,77.3030,82.0000,1.0505,0.0000,77.4949,0.0000,-76.4444,+0.0000,76.4444,23.4684,63.076,0.702,63.777,NVIDIA A10,4875190
cifar100,resnet18,69,2.0,0.5,512,42,77.3030,82.0000,1.0000,0.0000,77.4949,0.0000,-76.4949,+0.0000,76.4949,25.7193,31.833,0.023,31.856,NVIDIA A10,6e3d1db
cifar100,resnet18,69,2.0,0.5,64,42,77.3030,82.0000,1.0707,0.0000,77.4949,0.0000,-76.4242,+0.0000,76.4242,17.1818,68.884,0.786,69.670,NVIDIA A10,4875190
cifar100,resnet18,69,2.0,1.0,256,42,77.3030,82.0000,1.1212,0.0000,77.4949,0.0000,-76.3737,+0.0000,76.3737,23.4684,63.076,0.602,63.678,NVIDIA A10,4875190
cifar100,resnet18,69,2.0,1.0,512,42,77.3030,82.0000,0.9495,0.0000,77.4949,0.0000,-76.5455,+0.0000,76.5455,25.7193,31.833,0.074,31.907,NVIDIA A10,6e3d1db
cifar100,resnet18,69,2.0,1.0,64,42,77.3030,82.0000,1.1414,0.0000,77.4949,0.0000,-76.3535,+0.0000,76.3535,17.1818,68.884,0.787,69.671,NVIDIA A10,4875190
cifar100,resnet18,69,20.0,0.1,256,42,77.3030,82.0000,76.1111,0.0000,77.4949,0.0000,-1.3838,+0.0000,1.3838,0.6086,63.076,0.637,63.712,NVIDIA A10,4875190
cifar100,resnet18,69,20.0,0.1,512,42,77.3030,82.0000,75.8889,0.0000,77.4949,0.0000,-1.6061,+0.0000,1.6061,0.8075,31.833,0.040,31.873,NVIDIA A10,6e3d1db
cifar100,resnet18,69,20.0,0.1,64,42,77.3030,82.0000,76.9495,0.0000,77.4949,0.0000,-0.5455,+0.0000,0.5455,0.3751,68.884,0.576,69.460,NVIDIA A10,4875190
cifar100,resnet18,69,20.0,0.5,256,42,77.3030,82.0000,76.1414,0.0000,77.4949,0.0000,-1.3535,+0.0000,1.3535,0.6086,63.076,0.652,63.727,NVIDIA A10,4875190
cifar100,resnet18,69,20.0,0.5,512,42,77.3030,82.0000,75.9192,0.0000,77.4949,0.0000,-1.5758,+0.0000,1.5758,0.8075,31.833,0.065,31.898,NVIDIA A10,6e3d1db
cifar100,resnet18,69,20.0,0.5,64,42,77.3030,82.0000,76.9596,0.0000,77.4949,0.0000,-0.5354,+0.0000,0.5354,0.3751,68.884,0.739,69.623,NVIDIA A10,4875190
cifar100,resnet18,69,20.0,1.0,256,42,77.3030,82.0000,76.1616,0.0000,77.4949,0.0000,-1.3333,+0.0000,1.3333,0.6086,63.076,0.646,63.722,NVIDIA A10,4875190
cifar100,resnet18,69,20.0,1.0,512,42,77.3030,82.0000,75.9697,0.0000,77.4949,0.0000,-1.5253,+0.0000,1.5253,0.8075,31.833,0.062,31.895,NVIDIA A10,6e3d1db
cifar100,resnet18,69,20.0,1.0,64,42,77.3030,82.0000,76.9697,0.0000,77.4949,0.0000,-0.5253,+0.0000,0.5253,0.3751,68.884,0.757,69.641,NVIDIA A10,4875190
cifar100,resnet18,69,30.0,0.1,256,42,77.3030,82.0000,77.0202,0.0000,77.4949,0.0000,-0.4747,+0.0000,0.4747,0.2001,63.076,0.635,63.711,NVIDIA A10,4875190
cifar100,resnet18,69,30.0,0.1,512,42,77.3030,82.0000,76.9697,0.0000,77.4949,0.0000,-0.5253,+0.0000,0.5253,0.2739,31.833,0.017,31.850,NVIDIA A10,6e3d1db
cifar100,resnet18,69,30.0,0.1,64,42,77.3030,82.0000,77.2626,0.0000,77.4949,0.0000,-0.2323,+0.0000,0.2323,0.1321,68.884,0.142,69.025,NVIDIA A10,4875190
cifar100,resnet18,69,30.0,0.5,256,42,77.3030,82.0000,77.0303,0.0000,77.4949,0.0000,-0.4646,+0.0000,0.4646,0.2001,63.076,0.645,63.721,NVIDIA A10,4875190
cifar100,resnet18,69,30.0,0.5,512,42,77.3030,82.0000,76.9596,0.0000,77.4949,0.0000,-0.5354,+0.0000,0.5354,0.2739,31.833,0.061,31.894,NVIDIA A10,6e3d1db
cifar100,resnet18,69,30.0,0.5,64,42,77.3030,82.0000,77.2626,0.0000,77.4949,0.0000,-0.2323,+0.0000,0.2323,0.1321,68.884,0.746,69.629,NVIDIA A10,4875190
cifar100,resnet18,69,30.0,1.0,256,42,77.3030,82.0000,77.0404,0.0000,77.4949,0.0000,-0.4545,+0.0000,0.4545,0.2001,63.076,0.635,63.710,NVIDIA A10,4875190
cifar100,resnet18,69,30.0,1.0,512,42,77.3030,82.0000,76.9798,0.0000,77.4949,0.0000,-0.5152,+0.0000,0.5152,0.2739,31.833,0.065,31.898,NVIDIA A10,6e3d1db
cifar100,resnet18,69,30.0,1.0,64,42,77.3030,82.0000,77.2525,0.0000,77.4949,0.0000,-0.2424,+0.0000,0.2424,0.1321,68.884,0.761,69.645,NVIDIA A10,4875190
cifar100,resnet18,69,4.0,0.1,256,42,77.3030,82.0000,1.3838,0.0000,77.4949,0.0000,-76.1111,+0.0000,76.1111,10.5432,63.076,0.598,63.674,NVIDIA A10,4875190
cifar100,resnet18,69,4.0,0.1,512,42,77.3030,82.0000,1.3535,0.0000,77.4949,0.0000,-76.1414,+0.0000,76.1414,12.5260,31.833,0.102,31.935,NVIDIA A10,6e3d1db
cifar100,resnet18,69,4.0,0.1,64,42,77.3030,82.0000,34.6061,0.0000,77.4949,0.0000,-42.8889,+0.0000,42.8889,6.5902,68.884,0.743,69.626,NVIDIA A10,4875190
cifar100,resnet18,69,4.0,0.5,256,42,77.3030,82.0000,1.6869,0.0000,77.4949,0.0000,-75.8081,+0.0000,75.8081,10.5432,63.076,0.593,63.668,NVIDIA A10,4875190
cifar100,resnet18,69,4.0,0.5,512,42,77.3030,82.0000,1.3737,0.0000,77.4949,0.0000,-76.1212,+0.0000,76.1212,12.5260,31.833,0.095,31.928,NVIDIA A10,6e3d1db
cifar100,resnet18,69,4.0,0.5,64,42,77.3030,82.0000,39.4949,0.0000,77.4949,0.0000,-38.0000,+0.0000,38.0000,6.5902,68.884,0.731,69.615,NVIDIA A10,4875190
cifar100,resnet18,69,4.0,1.0,256,42,77.3030,82.0000,2.2828,0.0000,77.4949,0.0000,-75.2121,+0.0000,75.2121,10.5432,63.076,0.587,63.663,NVIDIA A10,4875190
cifar100,resnet18,69,4.0,1.0,512,42,77.3030,82.0000,1.5354,0.0000,77.4949,0.0000,-75.9596,+0.0000,75.9596,12.5260,31.833,0.056,31.889,NVIDIA A10,6e3d1db
cifar100,resnet18,69,4.0,1.0,64,42,77.3030,82.0000,45.3535,0.0000,77.4949,0.0000,-32.1414,+0.0000,32.1414,6.5902,68.884,0.766,69.650,NVIDIA A10,4875190
cifar100,resnet18,69,50.0,0.1,256,42,77.3030,82.0000,77.3030,31.0000,77.4949,0.0000,-0.1919,+31.0000,31.1919,0.0207,63.076,0.610,63.686,NVIDIA A10,4875190
cifar100,resnet18,69,50.0,0.1,512,42,77.3030,82.0000,77.3030,16.0000,77.4949,0.0000,-0.1919,+16.0000,16.1919,0.0316,31.833,0.058,31.891,NVIDIA A10,6e3d1db
cifar100,resnet18,69,50.0,0.1,64,42,77.3030,82.0000,77.3030,0.0000,77.4949,0.0000,-0.1919,+0.0000,0.1919,0.0186,68.884,0.760,69.644,NVIDIA A10,4875190
cifar100,resnet18,69,50.0,0.5,256,42,77.3030,82.0000,77.3131,33.0000,77.4949,0.0000,-0.1818,+33.0000,33.1818,0.0207,63.076,0.640,63.715,NVIDIA A10,4875190
cifar100,resnet18,69,50.0,0.5,512,42,77.3030,82.0000,77.3030,16.0000,77.4949,0.0000,-0.1919,+16.0000,16.1919,0.0316,31.833,0.011,31.844,NVIDIA A10,6e3d1db
cifar100,resnet18,69,50.0,0.5,64,42,77.3030,82.0000,77.3030,0.0000,77.4949,0.0000,-0.1919,+0.0000,0.1919,0.0186,68.884,0.641,69.524,NVIDIA A10,4875190
cifar100,resnet18,69,50.0,1.0,256,42,77.3030,82.0000,77.3030,33.0000,77.4949,0.0000,-0.1919,+33.0000,33.1919,0.0207,63.076,0.640,63.715,NVIDIA A10,4875190
cifar100,resnet18,69,50.0,1.0,512,42,77.3030,82.0000,77.2929,17.0000,77.4949,0.0000,-0.2020,+17.0000,17.2020,0.0316,31.833,0.051,31.884,NVIDIA A10,6e3d1db
cifar100,resnet18,69,50.0,1.0,64,42,77.3030,82.0000,77.3030,0.0000,77.4949,0.0000,-0.1919,+0.0000,0.1919,0.0186,68.884,0.629,69.513,NVIDIA A10,4875190
cifar100,resnet18,69,6.0,0.1,256,42,77.3030,82.0000,33.2121,0.0000,77.4949,0.0000,-44.2828,+0.0000,44.2828,5.8376,63.076,0.593,63.669,NVIDIA A10,4875190
cifar100,resnet18,69,6.0,0.1,512,42,77.3030,82.0000,5.5556,0.0000,77.4949,0.0000,-71.9394,+0.0000,71.9394,7.2928,31.833,0.063,31.896,NVIDIA A10,6e3d1db
cifar100,resnet18,69,6.0,0.1,64,42,77.3030,82.0000,68.9293,0.0000,77.4949,0.0000,-8.5657,+0.0000,8.5657,3.4915,68.884,0.791,69.675,NVIDIA A10,4875190
cifar100,resnet18,69,6.0,0.5,256,42,77.3030,82.0000,36.1212,0.0000,77.4949,0.0000,-41.3737,+0.0000,41.3737,5.8376,63.076,0.588,63.664,NVIDIA A10,4875190
cifar100,resnet18,69,6.0,0.5,512,42,77.3030,82.0000,7.6061,0.0000,77.4949,0.0000,-69.8889,+0.0000,69.8889,7.2928,31.833,0.063,31.896,NVIDIA A10,6e3d1db
cifar100,resnet18,69,6.0,0.5,64,42,77.3030,82.0000,69.7273,0.0000,77.4949,0.0000,-7.7677,+0.0000,7.7677,3.4915,68.884,0.755,69.638,NVIDIA A10,4875190
cifar100,resnet18,69,6.0,1.0,256,42,77.3030,82.0000,39.5960,0.0000,77.4949,0.0000,-37.8990,+0.0000,37.8990,5.8376,63.076,0.591,63.667,NVIDIA A10,4875190
cifar100,resnet18,69,6.0,1.0,512,42,77.3030,82.0000,10.5859,0.0000,77.4949,0.0000,-66.9091,+0.0000,66.9091,7.2928,31.833,0.062,31.895,NVIDIA A10,6e3d1db
cifar100,resnet18,69,6.0,1.0,64,42,77.3030,82.0000,70.3131,0.0000,77.4949,0.0000,-7.1818,+0.0000,7.1818,3.4915,68.884,0.792,69.675,NVIDIA A10,4875190
cifar100,resnet18,69,8.0,0.1,256,42,77.3030,82.0000,60.4545,0.0000,77.4949,0.0000,-17.0404,+0.0000,17.0404,3.6520,63.076,0.595,63.671,NVIDIA A10,4875190
cifar100,resnet18,69,8.0,0.1,512,42,77.3030,82.0000,47.2929,0.0000,77.4949,0.0000,-30.2020,+0.0000,30.2020,4.6822,31.833,0.039,31.872,NVIDIA A10,6e3d1db
cifar100,resnet18,69,8.0,0.1,64,42,77.3030,82.0000,74.9394,0.0000,77.4949,0.0000,-2.5556,+0.0000,2.5556,2.1793,68.884,0.608,69.491,NVIDIA A10,4875190
cifar100,resnet18,69,8.0,0.5,256,42,77.3030,82.0000,61.4141,0.0000,77.4949,0.0000,-16.0808,+0.0000,16.0808,3.6520,63.076,0.608,63.684,NVIDIA A10,4875190
cifar100,resnet18,69,8.0,0.5,512,42,77.3030,82.0000,48.9394,0.0000,77.4949,0.0000,-28.5556,+0.0000,28.5556,4.6822,31.833,0.065,31.898,NVIDIA A10,6e3d1db
cifar100,resnet18,69,8.0,0.5,64,42,77.3030,82.0000,75.1212,0.0000,77.4949,0.0000,-2.3737,+0.0000,2.3737,2.1793,68.884,0.598,69.481,NVIDIA A10,4875190
cifar100,resnet18,69,8.0,1.0,256,42,77.3030,82.0000,62.6869,0.0000,77.4949,0.0000,-14.8081,+0.0000,14.8081,3.6520,63.076,0.604,63.680,NVIDIA A10,4875190
cifar100,resnet18,69,8.0,1.0,512,42,77.3030,82.0000,51.0606,0.0000,77.4949,0.0000,-26.4343,+0.0000,26.4343,4.6822,31.833,0.064,31.897,NVIDIA A10,6e3d1db
cifar100,resnet18,69,8.0,1.0,64,42,77.3030,82.0000,75.2525,0.0000,77.4949,0.0000,-2.2424,+0.0000,2.2424,2.1793,68.884,0.602,69.486,NVIDIA A10,4875190
cifar100,resnet18,85,10.0,0.1,256,42,77.2222,90.0000,37.9798,0.0000,77.5354,0.0000,-39.5556,+0.0000,39.5556,3.3328,28.916,0.013,28.929,NVIDIA A10,6e3d1db
cifar100,resnet18,85,10.0,0.1,512,42,77.2222,90.0000,12.0000,0.0000,77.5354,0.0000,-65.5354,+0.0000,65.5354,4.4671,25.195,0.013,25.208,NVIDIA A10,6e3d1db
cifar100,resnet18,85,10.0,0.1,64,42,77.2222,90.0000,75.6667,0.0000,77.5354,0.0000,-1.8687,+0.0000,1.8687,1.8001,29.433,0.081,29.513,NVIDIA A10,6e3d1db
cifar100,resnet18,85,10.0,0.5,256,42,77.2222,90.0000,40.2626,0.0000,77.5354,0.0000,-37.2727,+0.0000,37.2727,3.3328,28.916,0.029,28.945,NVIDIA A10,6e3d1db
cifar100,resnet18,85,10.0,0.5,512,42,77.2222,90.0000,14.0909,0.0000,77.5354,0.0000,-63.4444,+0.0000,63.4444,4.4671,25.195,0.013,25.208,NVIDIA A10,6e3d1db
cifar100,resnet18,85,10.0,0.5,64,42,77.2222,90.0000,75.6970,0.0000,77.5354,0.0000,-1.8384,+0.0000,1.8384,1.8001,29.433,0.058,29.491,NVIDIA A10,6e3d1db
cifar100,resnet18,85,10.0,1.0,256,42,77.2222,90.0000,42.8586,0.0000,77.5354,0.0000,-34.6768,+0.0000,34.6768,3.3328,28.916,0.014,28.929,NVIDIA A10,6e3d1db
cifar100,resnet18,85,10.0,1.0,512,42,77.2222,90.0000,16.3030,0.0000,77.5354,0.0000,-61.2323,+0.0000,61.2323,4.4671,25.195,0.013,25.208,NVIDIA A10,6e3d1db
cifar100,resnet18,85,10.0,1.0,64,42,77.2222,90.0000,75.7980,0.0000,77.5354,0.0000,-1.7374,+0.0000,1.7374,1.8001,29.433,0.033,29.466,NVIDIA A10,6e3d1db
cifar100,resnet18,85,12.0,0.1,256,42,77.2222,90.0000,61.0909,0.0000,77.5354,0.0000,-16.4444,+0.0000,16.4444,2.2796,28.916,0.063,28.979,NVIDIA A10,6e3d1db
cifar100,resnet18,85,12.0,0.1,512,42,77.2222,90.0000,31.2525,0.0000,77.5354,0.0000,-46.2828,+0.0000,46.2828,3.1315,25.195,0.013,25.208,NVIDIA A10,6e3d1db
cifar100,resnet18,85,12.0,0.1,64,42,77.2222,90.0000,76.3939,0.0000,77.5354,0.0000,-1.1414,+0.0000,1.1414,1.2745,29.433,0.061,29.494,NVIDIA A10,6e3d1db
cifar100,resnet18,85,12.0,0.5,256,42,77.2222,90.0000,62.0808,0.0000,77.5354,0.0000,-15.4545,+0.0000,15.4545,2.2796,28.916,0.070,28.986,NVIDIA A10,6e3d1db
cifar100,resnet18,85,12.0,0.5,512,42,77.2222,90.0000,33.2121,0.0000,77.5354,0.0000,-44.3232,+0.0000,44.3232,3.1315,25.195,0.013,25.208,NVIDIA A10,6e3d1db
cifar100,resnet18,85,12.0,0.5,64,42,77.2222,90.0000,76.4646,0.0000,77.5354,0.0000,-1.0707,+0.0000,1.0707,1.2745,29.433,0.063,29.495,NVIDIA A10,6e3d1db
cifar100,resnet18,85,12.0,1.0,256,42,77.2222,90.0000,63.3434,0.0000,77.5354,0.0000,-14.1919,+0.0000,14.1919,2.2796,28.916,0.017,28.932,NVIDIA A10,6e3d1db
cifar100,resnet18,85,12.0,1.0,512,42,77.2222,90.0000,35.7273,0.0000,77.5354,0.0000,-41.8081,+0.0000,41.8081,3.1315,25.195,0.017,25.212,NVIDIA A10,6e3d1db
cifar100,resnet18,85,12.0,1.0,64,42,77.2222,90.0000,76.4747,0.0000,77.5354,0.0000,-1.0606,+0.0000,1.0606,1.2745,29.433,0.060,29.493,NVIDIA A10,6e3d1db
cifar100,resnet18,85,15.0,0.1,256,42,77.2222,90.0000,74.9697,0.0000,77.5354,0.0000,-2.5657,+0.0000,2.5657,1.3798,28.916,0.064,28.980,NVIDIA A10,6e3d1db
cifar100,resnet18,85,15.0,0.1,512,42,77.2222,90.0000,63.6768,0.0000,77.5354,0.0000,-13.8586,+0.0000,13.8586,1.9237,25.195,0.013,25.208,NVIDIA A10,6e3d1db
cifar100,resnet18,85,15.0,0.1,64,42,77.2222,90.0000,76.8687,0.0000,77.5354,0.0000,-0.6667,+0.0000,0.6667,0.8169,29.433,0.025,29.458,NVIDIA A10,6e3d1db
cifar100,resnet18,85,15.0,0.5,256,42,77.2222,90.0000,75.1111,0.0000,77.5354,0.0000,-2.4242,+0.0000,2.4242,1.3798,28.916,0.065,28.981,NVIDIA A10,6e3d1db
cifar100,resnet18,85,15.0,0.5,512,42,77.2222,90.0000,64.2222,0.0000,77.5354,0.0000,-13.3131,+0.0000,13.3131,1.9237,25.195,0.013,25.208,NVIDIA A10,6e3d1db
cifar100,resnet18,85,15.0,0.5,64,42,77.2222,90.0000,76.8485,0.0000,77.5354,0.0000,-0.6869,+0.0000,0.6869,0.8169,29.433,0.062,29.495,NVIDIA A10,6e3d1db
cifar100,resnet18,85,15.0,1.0,256,42,77.2222,90.0000,75.2222,0.0000,77.5354,0.0000,-2.3131,+0.0000,2.3131,1.3798,28.916,0.059,28.974,NVIDIA A10,6e3d1db
cifar100,resnet18,85,15.0,1.0,512,42,77.2222,90.0000,65.1616,0.0000,77.5354,0.0000,-12.3737,+0.0000,12.3737,1.9237,25.195,0.013,25.208,NVIDIA A10,6e3d1db
cifar100,resnet18,85,15.0,1.0,64,42,77.2222,90.0000,76.8687,0.0000,77.5354,0.0000,-0.6667,+0.0000,0.6667,0.8169,29.433,0.026,29.459,NVIDIA A10,6e3d1db
cifar100,resnet18,85,2.0,0.1,256,42,77.2222,90.0000,1.0101,0.0000,77.5354,0.0000,-76.5253,+0.0000,76.5253,31.1723,28.916,0.018,28.934,NVIDIA A10,6e3d1db
cifar100,resnet18,85,2.0,0.1,512,42,77.2222,90.0000,1.0101,0.0000,77.5354,0.0000,-76.5253,+0.0000,76.5253,33.3084,25.195,0.019,25.214,NVIDIA A10,6e3d1db
cifar100,resnet18,85,2.0,0.1,64,42,77.2222,90.0000,1.0909,0.0000,77.5354,0.0000,-76.4444,+0.0000,76.4444,24.5372,29.433,0.057,29.489,NVIDIA A10,6e3d1db
cifar100,resnet18,85,2.0,0.5,256,42,77.2222,90.0000,1.0101,0.0000,77.5354,0.0000,-76.5253,+0.0000,76.5253,31.1723,28.916,0.018,28.933,NVIDIA A10,6e3d1db
cifar100,resnet18,85,2.0,0.5,512,42,77.2222,90.0000,1.0101,0.0000,77.5354,0.0000,-76.5253,+0.0000,76.5253,33.3084,25.195,0.018,25.213,NVIDIA A10,6e3d1db
cifar100,resnet18,85,2.0,0.5,64,42,77.2222,90.0000,1.1717,0.0000,77.5354,0.0000,-76.3636,+0.0000,76.3636,24.5372,29.433,0.049,29.482,NVIDIA A10,6e3d1db
cifar100,resnet18,85,2.0,1.0,256,42,77.2222,90.0000,1.0101,0.0000,77.5354,0.0000,-76.5253,+0.0000,76.5253,31.1723,28.916,0.018,28.933,NVIDIA A10,6e3d1db
cifar100,resnet18,85,2.0,1.0,512,42,77.2222,90.0000,0.9798,0.0000,77.5354,0.0000,-76.5556,+0.0000,76.5556,33.3084,25.195,0.014,25.209,NVIDIA A10,6e3d1db
cifar100,resnet18,85,2.0,1.0,64,42,77.2222,90.0000,1.1313,0.0000,77.5354,0.0000,-76.4040,+0.0000,76.4040,24.5372,29.433,0.064,29.497,NVIDIA A10,6e3d1db
cifar100,resnet18,85,20.0,0.1,256,42,77.2222,90.0000,77.0303,0.0000,77.5354,0.0000,-0.5051,+0.0000,0.5051,0.7060,28.916,0.061,28.977,NVIDIA A10,6e3d1db
cifar100,resnet18,85,20.0,0.1,512,42,77.2222,90.0000,76.5455,0.0000,77.5354,0.0000,-0.9899,+0.0000,0.9899,0.9572,25.195,0.012,25.208,NVIDIA A10,6e3d1db
cifar100,resnet18,85,20.0,0.1,64,42,77.2222,90.0000,77.1515,0.0000,77.5354,0.0000,-0.3838,+0.0000,0.3838,0.4391,29.433,0.070,29.503,NVIDIA A10,6e3d1db
cifar100,resnet18,85,20.0,0.5,256,42,77.2222,90.0000,77.0303,0.0000,77.5354,0.0000,-0.5051,+0.0000,0.5051,0.7060,28.916,0.062,28.978,NVIDIA A10,6e3d1db
cifar100,resnet18,85,20.0,0.5,512,42,77.2222,90.0000,76.5960,0.0000,77.5354,0.0000,-0.9394,+0.0000,0.9394,0.9572,25.195,0.012,25.208,NVIDIA A10,6e3d1db
cifar100,resnet18,85,20.0,0.5,64,42,77.2222,90.0000,77.1515,0.0000,77.5354,0.0000,-0.3838,+0.0000,0.3838,0.4391,29.433,0.070,29.502,NVIDIA A10,6e3d1db
cifar100,resnet18,85,20.0,1.0,256,42,77.2222,90.0000,77.0606,0.0000,77.5354,0.0000,-0.4747,+0.0000,0.4747,0.7060,28.916,0.060,28.976,NVIDIA A10,6e3d1db
cifar100,resnet18,85,20.0,1.0,512,42,77.2222,90.0000,76.5960,0.0000,77.5354,0.0000,-0.9394,+0.0000,0.9394,0.9572,25.195,0.012,25.208,NVIDIA A10,6e3d1db
cifar100,resnet18,85,20.0,1.0,64,42,77.2222,90.0000,77.1717,0.0000,77.5354,0.0000,-0.3636,+0.0000,0.3636,0.4391,29.433,0.079,29.512,NVIDIA A10,6e3d1db
cifar100,resnet18,85,30.0,0.1,256,42,77.2222,90.0000,77.1616,0.0000,77.5354,0.0000,-0.3737,+0.0000,0.3737,0.2278,28.916,0.012,28.928,NVIDIA A10,6e3d1db
cifar100,resnet18,85,30.0,0.1,512,42,77.2222,90.0000,77.2424,0.0000,77.5354,0.0000,-0.2929,+0.0000,0.2929,0.3126,25.195,0.012,25.207,NVIDIA A10,6e3d1db
cifar100,resnet18,85,30.0,0.1,64,42,77.2222,90.0000,77.2424,0.0000,77.5354,0.0000,-0.2929,+0.0000,0.2929,0.1589,29.433,0.068,29.500,NVIDIA A10,6e3d1db
cifar100,resnet18,85,30.0,0.5,256,42,77.2222,90.0000,77.1616,0.0000,77.5354,0.0000,-0.3737,+0.0000,0.3737,0.2278,28.916,0.012,28.927,NVIDIA A10,6e3d1db
cifar100,resnet18,85,30.0,0.5,512,42,77.2222,90.0000,77.2323,0.0000,77.5354,0.0000,-0.3030,+0.0000,0.3030,0.3126,25.195,0.012,25.207,NVIDIA A10,6e3d1db
cifar100,resnet18,85,30.0,0.5,64,42,77.2222,90.0000,77.2424,0.0000,77.5354,0.0000,-0.2929,+0.0000,0.2929,0.1589,29.433,0.045,29.477,NVIDIA A10,6e3d1db
cifar100,resnet18,85,30.0,1.0,256,42,77.2222,90.0000,77.1515,0.0000,77.5354,0.0000,-0.3838,+0.0000,0.3838,0.2278,28.916,0.012,28.927,NVIDIA A10,6e3d1db
cifar100,resnet18,85,30.0,1.0,512,42,77.2222,90.0000,77.2222,0.0000,77.5354,0.0000,-0.3131,+0.0000,0.3131,0.3126,25.195,0.012,25.207,NVIDIA A10,6e3d1db
cifar100,resnet18,85,30.0,1.0,64,42,77.2222,90.0000,77.2424,0.0000,77.5354,0.0000,-0.2929,+0.0000,0.2929,0.1589,29.433,0.073,29.506,NVIDIA A10,6e3d1db
cifar100,resnet18,85,4.0,0.1,256,42,77.2222,90.0000,1.3030,0.0000,77.5354,0.0000,-76.2323,+0.0000,76.2323,14.8847,28.916,0.013,28.929,NVIDIA A10,6e3d1db
cifar100,resnet18,85,4.0,0.1,512,42,77.2222,90.0000,1.2828,0.0000,77.5354,0.0000,-76.2525,+0.0000,76.2525,17.0651,25.195,0.013,25.209,NVIDIA A10,6e3d1db
cifar100,resnet18,85,4.0,0.1,64,42,77.2222,90.0000,1.0101,0.0000,77.5354,0.0000,-76.5253,+0.0000,76.5253,9.6008,29.433,0.039,29.472,NVIDIA A10,6e3d1db
cifar100,resnet18,85,4.0,0.5,256,42,77.2222,90.0000,1.1919,0.0000,77.5354,0.0000,-76.3434,+0.0000,76.3434,14.8847,28.916,0.017,28.933,NVIDIA A10,6e3d1db
cifar100,resnet18,85,4.0,0.5,512,42,77.2222,90.0000,1.1818,0.0000,77.5354,0.0000,-76.3535,+0.0000,76.3535,17.0651,25.195,0.013,25.209,NVIDIA A10,6e3d1db
cifar100,resnet18,85,4.0,0.5,64,42,77.2222,90.0000,1.0303,0.0000,77.5354,0.0000,-76.5051,+0.0000,76.5051,9.6008,29.433,0.073,29.506,NVIDIA A10,6e3d1db
cifar100,resnet18,85,4.0,1.0,256,42,77.2222,90.0000,1.0707,0.0000,77.5354,0.0000,-76.4646,+0.0000,76.4646,14.8847,28.916,0.017,28.933,NVIDIA A10,6e3d1db
cifar100,resnet18,85,4.0,1.0,512,42,77.2222,90.0000,1.1818,0.0000,77.5354,0.0000,-76.3535,+0.0000,76.3535,17.0651,25.195,0.013,25.209,NVIDIA A10,6e3d1db
cifar100,resnet18,85,4.0,1.0,64,42,77.2222,90.0000,1.1010,0.0000,77.5354,0.0000,-76.4343,+0.0000,76.4343,9.6008,29.433,0.075,29.508,NVIDIA A10,6e3d1db
cifar100,resnet18,85,50.0,0.1,256,42,77.2222,90.0000,77.2727,40.0000,77.5354,0.0000,-0.2626,+40.0000,40.2626,0.0194,28.916,0.014,28.930,NVIDIA A10,6e3d1db
cifar100,resnet18,85,50.0,0.1,512,42,77.2222,90.0000,77.2727,40.0000,77.5354,0.0000,-0.2626,+40.0000,40.2626,0.0275,25.195,0.011,25.206,NVIDIA A10,6e3d1db
cifar100,resnet18,85,50.0,0.1,64,42,77.2222,90.0000,77.2121,0.0000,77.5354,0.0000,-0.3232,+0.0000,0.3232,0.0244,29.433,0.059,29.491,NVIDIA A10,6e3d1db
cifar100,resnet18,85,50.0,0.5,256,42,77.2222,90.0000,77.2727,40.0000,77.5354,0.0000,-0.2626,+40.0000,40.2626,0.0194,28.916,0.011,28.927,NVIDIA A10,6e3d1db
cifar100,resnet18,85,50.0,0.5,512,42,77.2222,90.0000,77.2727,40.0000,77.5354,0.0000,-0.2626,+40.0000,40.2626,0.0275,25.195,0.011,25.206,NVIDIA A10,6e3d1db
cifar100,resnet18,85,50.0,0.5,64,42,77.2222,90.0000,77.2121,0.0000,77.5354,0.0000,-0.3232,+0.0000,0.3232,0.0244,29.433,0.054,29.487,NVIDIA A10,6e3d1db
cifar100,resnet18,85,50.0,1.0,256,42,77.2222,90.0000,77.2727,40.0000,77.5354,0.0000,-0.2626,+40.0000,40.2626,0.0194,28.916,0.014,28.930,NVIDIA A10,6e3d1db
cifar100,resnet18,85,50.0,1.0,512,42,77.2222,90.0000,77.2727,40.0000,77.5354,0.0000,-0.2626,+40.0000,40.2626,0.0275,25.195,0.011,25.207,NVIDIA A10,6e3d1db
cifar100,resnet18,85,50.0,1.0,64,42,77.2222,90.0000,77.2121,0.0000,77.5354,0.0000,-0.3232,+0.0000,0.3232,0.0244,29.433,0.043,29.476,NVIDIA A10,6e3d1db
cifar100,resnet18,85,6.0,0.1,256,42,77.2222,90.0000,1.0202,0.0000,77.5354,0.0000,-76.5152,+0.0000,76.5152,8.3216,28.916,0.017,28.933,NVIDIA A10,6e3d1db
cifar100,resnet18,85,6.0,0.1,512,42,77.2222,90.0000,1.0101,0.0000,77.5354,0.0000,-76.5253,+0.0000,76.5253,10.1737,25.195,0.013,25.208,NVIDIA A10,6e3d1db
cifar100,resnet18,85,6.0,0.1,64,42,77.2222,90.0000,7.9798,0.0000,77.5354,0.0000,-69.5556,+0.0000,69.5556,4.7209,29.433,0.023,29.456,NVIDIA A10,6e3d1db
cifar100,resnet18,85,6.0,0.5,256,42,77.2222,90.0000,1.0909,0.0000,77.5354,0.0000,-76.4444,+0.0000,76.4444,8.3216,28.916,0.013,28.929,NVIDIA A10,6e3d1db
cifar100,resnet18,85,6.0,0.5,512,42,77.2222,90.0000,1.0101,0.0000,77.5354,0.0000,-76.5253,+0.0000,76.5253,10.1737,25.195,0.013,25.209,NVIDIA A10,6e3d1db
cifar100,resnet18,85,6.0,0.5,64,42,77.2222,90.0000,10.5556,0.0000,77.5354,0.0000,-66.9798,+0.0000,66.9798,4.7209,29.433,0.096,29.529,NVIDIA A10,6e3d1db
cifar100,resnet18,85,6.0,1.0,256,42,77.2222,90.0000,1.1717,0.0000,77.5354,0.0000,-76.3636,+0.0000,76.3636,8.3216,28.916,0.013,28.929,NVIDIA A10,6e3d1db
cifar100,resnet18,85,6.0,1.0,512,42,77.2222,90.0000,1.0505,0.0000,77.5354,0.0000,-76.4848,+0.0000,76.4848,10.1737,25.195,0.013,25.208,NVIDIA A10,6e3d1db
cifar100,resnet18,85,6.0,1.0,64,42,77.2222,90.0000,14.5152,0.0000,77.5354,0.0000,-63.0202,+0.0000,63.0202,4.7209,29.433,0.076,29.508,NVIDIA A10,6e3d1db
cifar100,resnet18,85,8.0,0.1,256,42,77.2222,90.0000,3.2929,0.0000,77.5354,0.0000,-74.2424,+0.0000,74.2424,5.1075,28.916,0.013,28.929,NVIDIA A10,6e3d1db
cifar100,resnet18,85,8.0,0.1,512,42,77.2222,90.0000,1.9192,0.0000,77.5354,0.0000,-75.6162,+0.0000,75.6162,6.5738,25.195,0.013,25.208,NVIDIA A10,6e3d1db
cifar100,resnet18,85,8.0,0.1,64,42,77.2222,90.0000,70.5556,0.0000,77.5354,0.0000,-6.9798,+0.0000,6.9798,2.7458,29.433,0.068,29.501,NVIDIA A10,6e3d1db
cifar100,resnet18,85,8.0,0.5,256,42,77.2222,90.0000,4.0909,0.0000,77.5354,0.0000,-73.4444,+0.0000,73.4444,5.1075,28.916,0.013,28.929,NVIDIA A10,6e3d1db
cifar100,resnet18,85,8.0,0.5,512,42,77.2222,90.0000,2.0202,0.0000,77.5354,0.0000,-75.5152,+0.0000,75.5152,6.5738,25.195,0.013,25.208,NVIDIA A10,6e3d1db
cifar100,resnet18,85,8.0,0.5,64,42,77.2222,90.0000,71.0505,0.0000,77.5354,0.0000,-6.4848,+0.0000,6.4848,2.7458,29.433,0.081,29.514,NVIDIA A10,6e3d1db
cifar100,resnet18,85,8.0,1.0,256,42,77.2222,90.0000,5.3838,0.0000,77.5354,0.0000,-72.1515,+0.0000,72.1515,5.1075,28.916,0.013,28.929,NVIDIA A10,6e3d1db
cifar100,resnet18,85,8.0,1.0,512,42,77.2222,90.0000,2.2424,0.0000,77.5354,0.0000,-75.2929,+0.0000,75.2929,6.5738,25.195,0.013,25.208,NVIDIA A10,6e3d1db
cifar100,resnet18,85,8.0,1.0,64,42,77.2222,90.0000,71.6667,0.0000,77.5354,0.0000,-5.8687,+0.0000,5.8687,2.7458,29.433,0.048,29.481,NVIDIA A10,6e3d1db
cifar20,resnet18,10,10.0,0.1,256,42,85.0526,91.0000,85.0421,0.0000,85.8526,0.0000,-0.8105,+0.0000,0.8105,1.2704,29.722,0.013,29.736,NVIDIA A10,6e3d1db
cifar20,resnet18,10,10.0,0.1,512,42,85.0526,91.0000,84.7053,0.0000,85.8526,0.0000,-1.1474,+0.0000,1.1474,1.6095,27.710,0.016,27.726,NVIDIA A10,6e3d1db
cifar20,resnet18,10,10.0,0.1,64,42,85.0526,91.0000,85.3684,0.0000,85.8526,0.0000,-0.4842,+0.0000,0.4842,0.8182,26.837,0.014,26.851,NVIDIA A10,6e3d1db
cifar20,resnet18,10,10.0,0.5,256,42,85.0526,91.0000,85.0737,0.0000,85.8526,0.0000,-0.7789,+0.0000,0.7789,1.2704,29.722,0.015,29.737,NVIDIA A10,6e3d1db
cifar20,resnet18,10,10.0,0.5,512,42,85.0526,91.0000,84.7368,0.0000,85.8526,0.0000,-1.1158,+0.0000,1.1158,1.6095,27.710,0.016,27.726,NVIDIA A10,6e3d1db
cifar20,resnet18,10,10.0,0.5,64,42,85.0526,91.0000,85.3579,0.0000,85.8526,0.0000,-0.4947,+0.0000,0.4947,0.8182,26.837,0.015,26.852,NVIDIA A10,6e3d1db
cifar20,resnet18,10,10.0,1.0,256,42,85.0526,91.0000,85.0947,0.0000,85.8526,0.0000,-0.7579,+0.0000,0.7579,1.2704,29.722,0.015,29.738,NVIDIA A10,6e3d1db
cifar20,resnet18,10,10.0,1.0,512,42,85.0526,91.0000,84.7789,0.0000,85.8526,0.0000,-1.0737,+0.0000,1.0737,1.6095,27.710,0.016,27.726,NVIDIA A10,6e3d1db
cifar20,resnet18,10,10.0,1.0,64,42,85.0526,91.0000,85.3474,0.0000,85.8526,0.0000,-0.5053,+0.0000,0.5053,0.8182,26.837,0.015,26.852,NVIDIA A10,6e3d1db
cifar20,resnet18,10,12.0,0.1,256,42,85.0526,91.0000,85.0947,0.0000,85.8526,0.0000,-0.7579,+0.0000,0.7579,0.6533,29.722,0.013,29.736,NVIDIA A10,6e3d1db
cifar20,resnet18,10,12.0,0.1,512,42,85.0526,91.0000,85.0737,0.0000,85.8526,0.0000,-0.7789,+0.0000,0.7789,0.8406,27.710,0.014,27.724,NVIDIA A10,6e3d1db
cifar20,resnet18,10,12.0,0.1,64,42,85.0526,91.0000,85.2000,0.0000,85.8526,0.0000,-0.6526,+0.0000,0.6526,0.4302,26.837,0.015,26.852,NVIDIA A10,6e3d1db
cifar20,resnet18,10,12.0,0.5,256,42,85.0526,91.0000,85.1053,0.0000,85.8526,0.0000,-0.7474,+0.0000,0.7474,0.6533,29.722,0.014,29.737,NVIDIA A10,6e3d1db
cifar20,resnet18,10,12.0,0.5,512,42,85.0526,91.0000,85.1053,0.0000,85.8526,0.0000,-0.7474,+0.0000,0.7474,0.8406,27.710,0.014,27.724,NVIDIA A10,6e3d1db
cifar20,resnet18,10,12.0,0.5,64,42,85.0526,91.0000,85.2000,0.0000,85.8526,0.0000,-0.6526,+0.0000,0.6526,0.4302,26.837,0.014,26.852,NVIDIA A10,6e3d1db
cifar20,resnet18,10,12.0,1.0,256,42,85.0526,91.0000,85.1053,0.0000,85.8526,0.0000,-0.7474,+0.0000,0.7474,0.6533,29.722,0.014,29.736,NVIDIA A10,6e3d1db
cifar20,resnet18,10,12.0,1.0,512,42,85.0526,91.0000,85.1158,0.0000,85.8526,0.0000,-0.7368,+0.0000,0.7368,0.8406,27.710,0.015,27.726,NVIDIA A10,6e3d1db
cifar20,resnet18,10,12.0,1.0,64,42,85.0526,91.0000,85.2000,0.0000,85.8526,0.0000,-0.6526,+0.0000,0.6526,0.4302,26.837,0.015,26.852,NVIDIA A10,6e3d1db
cifar20,resnet18,10,15.0,0.1,256,42,85.0526,91.0000,85.3895,5.4000,85.8526,0.0000,-0.4632,+5.4000,5.8632,0.1769,29.722,0.014,29.737,NVIDIA A10,6e3d1db
cifar20,resnet18,10,15.0,0.1,512,42,85.0526,91.0000,85.3263,3.4000,85.8526,0.0000,-0.5263,+3.4000,3.9263,0.2391,27.710,0.013,27.723,NVIDIA A10,6e3d1db
cifar20,resnet18,10,15.0,0.1,64,42,85.0526,91.0000,85.3579,0.4000,85.8526,0.0000,-0.4947,+0.4000,0.8947,0.1260,26.837,0.014,26.852,NVIDIA A10,6e3d1db
cifar20,resnet18,10,15.0,0.5,256,42,85.0526,91.0000,85.3895,8.8000,85.8526,0.0000,-0.4632,+8.8000,9.2632,0.1769,29.722,0.015,29.737,NVIDIA A10,6e3d1db
cifar20,resnet18,10,15.0,0.5,512,42,85.0526,91.0000,85.3368,5.0000,85.8526,0.0000,-0.5158,+5.0000,5.5158,0.2391,27.710,0.012,27.722,NVIDIA A10,6e3d1db
cifar20,resnet18,10,15.0,0.5,64,42,85.0526,91.0000,85.3579,1.8000,85.8526,0.0000,-0.4947,+1.8000,2.2947,0.1260,26.837,0.014,26.851,NVIDIA A10,6e3d1db
cifar20,resnet18,10,15.0,1.0,256,42,85.0526,91.0000,85.3789,15.8000,85.8526,0.0000,-0.4737,+15.8000,16.2737,0.1769,29.722,0.014,29.736,NVIDIA A10,6e3d1db
cifar20,resnet18,10,15.0,1.0,512,42,85.0526,91.0000,85.3263,9.2000,85.8526,0.0000,-0.5263,+9.2000,9.7263,0.2391,27.710,0.015,27.725,NVIDIA A10,6e3d1db
cifar20,resnet18,10,15.0,1.0,64,42,85.0526,91.0000,85.3579,4.4000,85.8526,0.0000,-0.4947,+4.4000,4.8947,0.1260,26.837,0.011,26.848,NVIDIA A10,6e3d1db
cifar20,resnet18,10,2.0,0.1,256,42,85.0526,91.0000,5.3263,0.0000,85.8526,0.0000,-80.5263,+0.0000,80.5263,23.3606,29.722,0.018,29.740,NVIDIA A10,6e3d1db
cifar20,resnet18,10,2.0,0.1,512,42,85.0526,91.0000,4.9684,0.0000,85.8526,0.0000,-80.8842,+0.0000,80.8842,25.8707,27.710,0.018,27.728,NVIDIA A10,6e3d1db
cifar20,resnet18,10,2.0,0.1,64,42,85.0526,91.0000,7.0842,0.0000,85.8526,0.0000,-78.7684,+0.0000,78.7684,16.8860,26.837,0.017,26.855,NVIDIA A10,6e3d1db
cifar20,resnet18,10,2.0,0.5,256,42,85.0526,91.0000,5.4842,0.0000,85.8526,0.0000,-80.3684,+0.0000,80.3684,23.3606,29.722,0.019,29.741,NVIDIA A10,6e3d1db
cifar20,resnet18,10,2.0,0.5,512,42,85.0526,91.0000,5.0105,0.0000,85.8526,0.0000,-80.8421,+0.0000,80.8421,25.8707,27.710,0.020,27.730,NVIDIA A10,6e3d1db
cifar20,resnet18,10,2.0,0.5,64,42,85.0526,91.0000,10.1053,0.0000,85.8526,0.0000,-75.7474,+0.0000,75.7474,16.8860,26.837,0.019,26.856,NVIDIA A10,6e3d1db
cifar20,resnet18,10,2.0,1.0,256,42,85.0526,91.0000,8.6632,0.0000,85.8526,0.0000,-77.1895,+0.0000,77.1895,23.3606,29.722,0.019,29.741,NVIDIA A10,6e3d1db
cifar20,resnet18,10,2.0,1.0,512,42,85.0526,91.0000,5.7789,0.0000,85.8526,0.0000,-80.0737,+0.0000,80.0737,25.8707,27.710,0.021,27.731,NVIDIA A10,6e3d1db
cifar20,resnet18,10,2.0,1.0,64,42,85.0526,91.0000,14.9053,0.0000,85.8526,0.0000,-70.9474,+0.0000,70.9474,16.8860,26.837,0.021,26.858,NVIDIA A10,6e3d1db
cifar20,resnet18,10,20.0,0.1,256,42,85.0526,91.0000,85.0526,91.0000,85.8526,0.0000,-0.8000,+91.0000,91.8000,0.0000,29.722,0.013,29.735,NVIDIA A10,6e3d1db
cifar20,resnet18,10,20.0,0.1,512,42,85.0526,91.0000,85.0526,91.0000,85.8526,0.0000,-0.8000,+91.0000,91.8000,0.0000,27.710,0.013,27.723,NVIDIA A10,6e3d1db
cifar20,resnet18,10,20.0,0.1,64,42,85.0526,91.0000,85.0526,91.0000,85.8526,0.0000,-0.8000,+91.0000,91.8000,0.0000,26.837,0.014,26.851,NVIDIA A10,6e3d1db
cifar20,resnet18,10,20.0,0.5,256,42,85.0526,91.0000,85.0526,91.0000,85.8526,0.0000,-0.8000,+91.0000,91.8000,0.0000,29.722,0.013,29.735,NVIDIA A10,6e3d1db
cifar20,resnet18,10,20.0,0.5,512,42,85.0526,91.0000,85.0526,91.0000,85.8526,0.0000,-0.8000,+91.0000,91.8000,0.0000,27.710,0.016,27.726,NVIDIA A10,6e3d1db
cifar20,resnet18,10,20.0,0.5,64,42,85.0526,91.0000,85.0526,91.0000,85.8526,0.0000,-0.8000,+91.0000,91.8000,0.0000,26.837,0.013,26.850,NVIDIA A10,6e3d1db
cifar20,resnet18,10,20.0,1.0,256,42,85.0526,91.0000,85.0526,91.0000,85.8526,0.0000,-0.8000,+91.0000,91.8000,0.0000,29.722,0.012,29.734,NVIDIA A10,6e3d1db
cifar20,resnet18,10,20.0,1.0,512,42,85.0526,91.0000,85.0526,91.0000,85.8526,0.0000,-0.8000,+91.0000,91.8000,0.0000,27.710,0.014,27.724,NVIDIA A10,6e3d1db
cifar20,resnet18,10,20.0,1.0,64,42,85.0526,91.0000,85.0526,91.0000,85.8526,0.0000,-0.8000,+91.0000,91.8000,0.0000,26.837,0.013,26.850,NVIDIA A10,6e3d1db
cifar20,resnet18,10,30.0,0.1,256,42,85.0526,91.0000,85.0526,91.0000,85.8526,0.0000,-0.8000,+91.0000,91.8000,0.0000,29.722,0.012,29.734,NVIDIA A10,6e3d1db
cifar20,resnet18,10,30.0,0.1,512,42,85.0526,91.0000,85.0526,91.0000,85.8526,0.0000,-0.8000,+91.0000,91.8000,0.0000,27.710,0.013,27.723,NVIDIA A10,6e3d1db
cifar20,resnet18,10,30.0,0.1,64,42,85.0526,91.0000,85.0526,91.0000,85.8526,0.0000,-0.8000,+91.0000,91.8000,0.0000,26.837,0.011,26.849,NVIDIA A10,6e3d1db
cifar20,resnet18,10,30.0,0.5,256,42,85.0526,91.0000,85.0526,91.0000,85.8526,0.0000,-0.8000,+91.0000,91.8000,0.0000,29.722,0.014,29.736,NVIDIA A10,6e3d1db
cifar20,resnet18,10,30.0,0.5,512,42,85.0526,91.0000,85.0526,91.0000,85.8526,0.0000,-0.8000,+91.0000,91.8000,0.0000,27.710,0.013,27.723,NVIDIA A10,6e3d1db
cifar20,resnet18,10,30.0,0.5,64,42,85.0526,91.0000,85.0526,91.0000,85.8526,0.0000,-0.8000,+91.0000,91.8000,0.0000,26.837,0.015,26.852,NVIDIA A10,6e3d1db
cifar20,resnet18,10,30.0,1.0,256,42,85.0526,91.0000,85.0526,91.0000,85.8526,0.0000,-0.8000,+91.0000,91.8000,0.0000,29.722,0.012,29.735,NVIDIA A10,6e3d1db
cifar20,resnet18,10,30.0,1.0,512,42,85.0526,91.0000,85.0526,91.0000,85.8526,0.0000,-0.8000,+91.0000,91.8000,0.0000,27.710,0.014,27.724,NVIDIA A10,6e3d1db
cifar20,resnet18,10,30.0,1.0,64,42,85.0526,91.0000,85.0526,91.0000,85.8526,0.0000,-0.8000,+91.0000,91.8000,0.0000,26.837,0.013,26.851,NVIDIA A10,6e3d1db
cifar20,resnet18,10,4.0,0.1,256,42,85.0526,91.0000,29.7789,0.0000,85.8526,0.0000,-56.0737,+0.0000,56.0737,9.2979,29.722,0.017,29.740,NVIDIA A10,6e3d1db
cifar20,resnet18,10,4.0,0.1,512,42,85.0526,91.0000,11.1474,0.0000,85.8526,0.0000,-74.7053,+0.0000,74.7053,11.2502,27.710,0.018,27.728,NVIDIA A10,6e3d1db
cifar20,resnet18,10,4.0,0.1,64,42,85.0526,91.0000,77.4947,0.0000,85.8526,0.0000,-8.3579,+0.0000,8.3579,5.9462,26.837,0.018,26.855,NVIDIA A10,6e3d1db
cifar20,resnet18,10,4.0,0.5,256,42,85.0526,91.0000,37.5684,0.0000,85.8526,0.0000,-48.2842,+0.0000,48.2842,9.2979,29.722,0.017,29.739,NVIDIA A10,6e3d1db
cifar20,resnet18,10,4.0,0.5,512,42,85.0526,91.0000,13.6421,0.0000,85.8526,0.0000,-72.2105,+0.0000,72.2105,11.2502,27.710,0.019,27.729,NVIDIA A10,6e3d1db
cifar20,resnet18,10,4.0,0.5,64,42,85.0526,91.0000,78.9579,0.0000,85.8526,0.0000,-6.8947,+0.0000,6.8947,5.9462,26.837,0.019,26.856,NVIDIA A10,6e3d1db
cifar20,resnet18,10,4.0,1.0,256,42,85.0526,91.0000,47.3263,0.0000,85.8526,0.0000,-38.5263,+0.0000,38.5263,9.2979,29.722,0.018,29.741,NVIDIA A10,6e3d1db
cifar20,resnet18,10,4.0,1.0,512,42,85.0526,91.0000,19.0421,0.0000,85.8526,0.0000,-66.8105,+0.0000,66.8105,11.2502,27.710,0.018,27.728,NVIDIA A10,6e3d1db
cifar20,resnet18,10,4.0,1.0,64,42,85.0526,91.0000,80.5789,0.0000,85.8526,0.0000,-5.2737,+0.0000,5.2737,5.9462,26.837,0.016,26.853,NVIDIA A10,6e3d1db
cifar20,resnet18,10,50.0,0.1,256,42,85.0526,91.0000,85.0526,91.0000,85.8526,0.0000,-0.8000,+91.0000,91.8000,0.0000,29.722,0.013,29.735,NVIDIA A10,6e3d1db
cifar20,resnet18,10,50.0,0.1,512,42,85.0526,91.0000,85.0526,91.0000,85.8526,0.0000,-0.8000,+91.0000,91.8000,0.0000,27.710,0.014,27.724,NVIDIA A10,6e3d1db
cifar20,resnet18,10,50.0,0.1,64,42,85.0526,91.0000,85.0526,91.0000,85.8526,0.0000,-0.8000,+91.0000,91.8000,0.0000,26.837,0.012,26.850,NVIDIA A10,6e3d1db
cifar20,resnet18,10,50.0,0.5,256,42,85.0526,91.0000,85.0526,91.0000,85.8526,0.0000,-0.8000,+91.0000,91.8000,0.0000,29.722,0.013,29.735,NVIDIA A10,6e3d1db
cifar20,resnet18,10,50.0,0.5,512,42,85.0526,91.0000,85.0526,91.0000,85.8526,0.0000,-0.8000,+91.0000,91.8000,0.0000,27.710,0.012,27.723,NVIDIA A10,6e3d1db
cifar20,resnet18,10,50.0,0.5,64,42,85.0526,91.0000,85.0526,91.0000,85.8526,0.0000,-0.8000,+91.0000,91.8000,0.0000,26.837,0.013,26.850,NVIDIA A10,6e3d1db
cifar20,resnet18,10,50.0,1.0,256,42,85.0526,91.0000,85.0526,91.0000,85.8526,0.0000,-0.8000,+91.0000,91.8000,0.0000,29.722,0.015,29.738,NVIDIA A10,6e3d1db
cifar20,resnet18,10,50.0,1.0,512,42,85.0526,91.0000,85.0526,91.0000,85.8526,0.0000,-0.8000,+91.0000,91.8000,0.0000,27.710,0.013,27.723,NVIDIA A10,6e3d1db
cifar20,resnet18,10,50.0,1.0,64,42,85.0526,91.0000,85.0526,91.0000,85.8526,0.0000,-0.8000,+91.0000,91.8000,0.0000,26.837,0.014,26.851,NVIDIA A10,6e3d1db
cifar20,resnet18,10,6.0,0.1,256,42,85.0526,91.0000,75.6737,0.0000,85.8526,0.0000,-10.1789,+0.0000,10.1789,4.4671,29.722,0.013,29.735,NVIDIA A10,6e3d1db
cifar20,resnet18,10,6.0,0.1,512,42,85.0526,91.0000,66.6316,0.0000,85.8526,0.0000,-19.2211,+0.0000,19.2211,5.5701,27.710,0.017,27.727,NVIDIA A10,6e3d1db
cifar20,resnet18,10,6.0,0.1,64,42,85.0526,91.0000,83.4526,0.0000,85.8526,0.0000,-2.4000,+0.0000,2.4000,2.8400,26.837,0.017,26.854,NVIDIA A10,6e3d1db
cifar20,resnet18,10,6.0,0.5,256,42,85.0526,91.0000,76.8842,0.0000,85.8526,0.0000,-8.9684,+0.0000,8.9684,4.4671,29.722,0.013,29.735,NVIDIA A10,6e3d1db
cifar20,resnet18,10,6.0,0.5,512,42,85.0526,91.0000,69.0842,0.0000,85.8526,0.0000,-16.7684,+0.0000,16.7684,5.5701,27.710,0.019,27.729,NVIDIA A10,6e3d1db
cifar20,resnet18,10,6.0,0.5,64,42,85.0526,91.0000,83.5579,0.0000,85.8526,0.0000,-2.2947,+0.0000,2.2947,2.8400,26.837,0.016,26.853,NVIDIA A10,6e3d1db
cifar20,resnet18,10,6.0,1.0,256,42,85.0526,91.0000,78.2632,0.0000,85.8526,0.0000,-7.5895,+0.0000,7.5895,4.4671,29.722,0.017,29.739,NVIDIA A10,6e3d1db
cifar20,resnet18,10,6.0,1.0,512,42,85.0526,91.0000,71.9368,0.0000,85.8526,0.0000,-13.9158,+0.0000,13.9158,5.5701,27.710,0.013,27.723,NVIDIA A10,6e3d1db
cifar20,resnet18,10,6.0,1.0,64,42,85.0526,91.0000,83.8526,0.0000,85.8526,0.0000,-2.0000,+0.0000,2.0000,2.8400,26.837,0.018,26.855,NVIDIA A10,6e3d1db
cifar20,resnet18,10,8.0,0.1,256,42,85.0526,91.0000,83.5263,0.0000,85.8526,0.0000,-2.3263,+0.0000,2.3263,2.3531,29.722,0.017,29.739,NVIDIA A10,6e3d1db
cifar20,resnet18,10,8.0,0.1,512,42,85.0526,91.0000,81.6526,0.0000,85.8526,0.0000,-4.2000,+0.0000,4.2000,2.9647,27.710,0.013,27.723,NVIDIA A10,6e3d1db
cifar20,resnet18,10,8.0,0.1,64,42,85.0526,91.0000,85.0632,0.0000,85.8526,0.0000,-0.7895,+0.0000,0.7895,1.5039,26.837,0.015,26.852,NVIDIA A10,6e3d1db
cifar20,resnet18,10,8.0,0.5,256,42,85.0526,91.0000,83.7263,0.0000,85.8526,0.0000,-2.1263,+0.0000,2.1263,2.3531,29.722,0.016,29.739,NVIDIA A10,6e3d1db
cifar20,resnet18,10,8.0,0.5,512,42,85.0526,91.0000,81.9474,0.0000,85.8526,0.0000,-3.9053,+0.0000,3.9053,2.9647,27.710,0.016,27.726,NVIDIA A10,6e3d1db
cifar20,resnet18,10,8.0,0.5,64,42,85.0526,91.0000,85.0947,0.0000,85.8526,0.0000,-0.7579,+0.0000,0.7579,1.5039,26.837,0.015,26.853,NVIDIA A10,6e3d1db
cifar20,resnet18,10,8.0,1.0,256,42,85.0526,91.0000,83.9474,0.0000,85.8526,0.0000,-1.9053,+0.0000,1.9053,2.3531,29.722,0.015,29.737,NVIDIA A10,6e3d1db
cifar20,resnet18,10,8.0,1.0,512,42,85.0526,91.0000,82.3895,0.0000,85.8526,0.0000,-3.4632,+0.0000,3.4632,2.9647,27.710,0.015,27.725,NVIDIA A10,6e3d1db
cifar20,resnet18,10,8.0,1.0,64,42,85.0526,91.0000,85.1684,0.0000,85.8526,0.0000,-0.6842,+0.0000,0.6842,1.5039,26.837,0.013,26.850,NVIDIA A10,6e3d1db
cifar20,resnet18,14,10.0,0.1,256,42,84.9263,93.4000,85.0316,0.0000,85.0842,0.0000,-0.0526,+0.0000,0.0526,0.9842,28.353,0.017,28.370,NVIDIA A10,6e3d1db
cifar20,resnet18,14,10.0,0.1,512,42,84.9263,93.4000,84.5474,0.0000,85.0842,0.0000,-0.5368,+0.0000,0.5368,1.2079,29.083,0.014,29.097,NVIDIA A10,6e3d1db
cifar20,resnet18,14,10.0,0.1,64,42,84.9263,93.4000,85.0000,0.0000,85.0842,0.0000,-0.0842,+0.0000,0.0842,0.6721,27.417,0.013,27.431,NVIDIA A10,6e3d1db
cifar20,resnet18,14,10.0,0.5,256,42,84.9263,93.4000,85.0842,0.0000,85.0842,0.0000,+0.0000,+0.0000,0.0000,0.9842,28.353,0.018,28.371,NVIDIA A10,6e3d1db
cifar20,resnet18,14,10.0,0.5,512,42,84.9263,93.4000,84.6316,0.0000,85.0842,0.0000,-0.4526,+0.0000,0.4526,1.2079,29.083,0.014,29.096,NVIDIA A10,6e3d1db
cifar20,resnet18,14,10.0,0.5,64,42,84.9263,93.4000,85.0316,0.0000,85.0842,0.0000,-0.0526,+0.0000,0.0526,0.6721,27.417,0.014,27.432,NVIDIA A10,6e3d1db
cifar20,resnet18,14,10.0,1.0,256,42,84.9263,93.4000,85.1053,0.0000,85.0842,0.0000,+0.0211,+0.0000,0.0211,0.9842,28.353,0.015,28.368,NVIDIA A10,6e3d1db
cifar20,resnet18,14,10.0,1.0,512,42,84.9263,93.4000,84.6737,0.0000,85.0842,0.0000,-0.4105,+0.0000,0.4105,1.2079,29.083,0.015,29.097,NVIDIA A10,6e3d1db
cifar20,resnet18,14,10.0,1.0,64,42,84.9263,93.4000,85.0842,0.0000,85.0842,0.0000,+0.0000,+0.0000,0.0000,0.6721,27.417,0.014,27.432,NVIDIA A10,6e3d1db
cifar20,resnet18,14,12.0,0.1,256,42,84.9263,93.4000,85.0632,0.0000,85.0842,0.0000,-0.0211,+0.0000,0.0211,0.5183,28.353,0.014,28.366,NVIDIA A10,6e3d1db
cifar20,resnet18,14,12.0,0.1,512,42,84.9263,93.4000,85.1158,0.0000,85.0842,0.0000,+0.0316,+0.0000,0.0316,0.6448,29.083,0.015,29.098,NVIDIA A10,6e3d1db
cifar20,resnet18,14,12.0,0.1,64,42,84.9263,93.4000,85.1895,0.0000,85.0842,0.0000,+0.1053,+0.0000,0.1053,0.3546,27.417,0.013,27.431,NVIDIA A10,6e3d1db
cifar20,resnet18,14,12.0,0.5,256,42,84.9263,93.4000,85.0105,0.0000,85.0842,0.0000,-0.0737,+0.0000,0.0737,0.5183,28.353,0.015,28.367,NVIDIA A10,6e3d1db
cifar20,resnet18,14,12.0,0.5,512,42,84.9263,93.4000,85.1158,0.0000,85.0842,0.0000,+0.0316,+0.0000,0.0316,0.6448,29.083,0.014,29.097,NVIDIA A10,6e3d1db
cifar20,resnet18,14,12.0,0.5,64,42,84.9263,93.4000,85.1895,0.0000,85.0842,0.0000,+0.1053,+0.0000,0.1053,0.3546,27.417,0.014,27.431,NVIDIA A10,6e3d1db
cifar20,resnet18,14,12.0,1.0,256,42,84.9263,93.4000,85.0526,0.0000,85.0842,0.0000,-0.0316,+0.0000,0.0316,0.5183,28.353,0.014,28.366,NVIDIA A10,6e3d1db
cifar20,resnet18,14,12.0,1.0,512,42,84.9263,93.4000,85.1263,0.0000,85.0842,0.0000,+0.0421,+0.0000,0.0421,0.6448,29.083,0.017,29.099,NVIDIA A10,6e3d1db
cifar20,resnet18,14,12.0,1.0,64,42,84.9263,93.4000,85.1789,0.0000,85.0842,0.0000,+0.0947,+0.0000,0.0947,0.3546,27.417,0.014,27.431,NVIDIA A10,6e3d1db
cifar20,resnet18,14,15.0,0.1,256,42,84.9263,93.4000,85.0947,0.0000,85.0842,0.0000,+0.0105,+0.0000,0.0105,0.1387,28.353,0.014,28.367,NVIDIA A10,6e3d1db
cifar20,resnet18,14,15.0,0.1,512,42,84.9263,93.4000,85.1263,0.0000,85.0842,0.0000,+0.0421,+0.0000,0.0421,0.1802,29.083,0.015,29.097,NVIDIA A10,6e3d1db
cifar20,resnet18,14,15.0,0.1,64,42,84.9263,93.4000,85.1368,0.0000,85.0842,0.0000,+0.0526,+0.0000,0.0526,0.1075,27.417,0.014,27.432,NVIDIA A10,6e3d1db
cifar20,resnet18,14,15.0,0.5,256,42,84.9263,93.4000,85.1053,0.2000,85.0842,0.0000,+0.0211,+0.2000,0.2211,0.1387,28.353,0.014,28.366,NVIDIA A10,6e3d1db
cifar20,resnet18,14,15.0,0.5,512,42,84.9263,93.4000,85.1263,0.2000,85.0842,0.0000,+0.0421,+0.2000,0.2421,0.1802,29.083,0.014,29.097,NVIDIA A10,6e3d1db
cifar20,resnet18,14,15.0,0.5,64,42,84.9263,93.4000,85.1368,0.0000,85.0842,0.0000,+0.0526,+0.0000,0.0526,0.1075,27.417,0.015,27.432,NVIDIA A10,6e3d1db
cifar20,resnet18,14,15.0,1.0,256,42,84.9263,93.4000,85.1053,0.6000,85.0842,0.0000,+0.0211,+0.6000,0.6211,0.1387,28.353,0.015,28.367,NVIDIA A10,6e3d1db
cifar20,resnet18,14,15.0,1.0,512,42,84.9263,93.4000,85.1158,0.8000,85.0842,0.0000,+0.0316,+0.8000,0.8316,0.1802,29.083,0.014,29.097,NVIDIA A10,6e3d1db
cifar20,resnet18,14,15.0,1.0,64,42,84.9263,93.4000,85.1368,0.2000,85.0842,0.0000,+0.0526,+0.2000,0.2526,0.1075,27.417,0.014,27.432,NVIDIA A10,6e3d1db
cifar20,resnet18,14,2.0,0.1,256,42,84.9263,93.4000,8.7368,0.0000,85.0842,0.0000,-76.3474,+0.0000,76.3474,22.0629,28.353,0.020,28.372,NVIDIA A10,6e3d1db
cifar20,resnet18,14,2.0,0.1,512,42,84.9263,93.4000,5.5895,0.0000,85.0842,0.0000,-79.4947,+0.0000,79.4947,24.8802,29.083,0.015,29.098,NVIDIA A10,6e3d1db
cifar20,resnet18,14,2.0,0.1,64,42,84.9263,93.4000,10.0526,0.0000,85.0842,0.0000,-75.0316,+0.0000,75.0316,14.7289,27.417,0.019,27.437,NVIDIA A10,6e3d1db
cifar20,resnet18,14,2.0,0.5,256,42,84.9263,93.4000,9.1474,0.0000,85.0842,0.0000,-75.9368,+0.0000,75.9368,22.0629,28.353,0.021,28.374,NVIDIA A10,6e3d1db
cifar20,resnet18,14,2.0,0.5,512,42,84.9263,93.4000,9.0000,0.0000,85.0842,0.0000,-76.0842,+0.0000,76.0842,24.8802,29.083,0.019,29.101,NVIDIA A10,6e3d1db
cifar20,resnet18,14,2.0,0.5,64,42,84.9263,93.4000,17.3368,0.0000,85.0842,0.0000,-67.7474,+0.0000,67.7474,14.7289,27.417,0.019,27.437,NVIDIA A10,6e3d1db
cifar20,resnet18,14,2.0,1.0,256,42,84.9263,93.4000,10.2421,0.0000,85.0842,0.0000,-74.8421,+0.0000,74.8421,22.0629,28.353,0.014,28.366,NVIDIA A10,6e3d1db
cifar20,resnet18,14,2.0,1.0,512,42,84.9263,93.4000,8.2737,0.0000,85.0842,0.0000,-76.8105,+0.0000,76.8105,24.8802,29.083,0.020,29.102,NVIDIA A10,6e3d1db
cifar20,resnet18,14,2.0,1.0,64,42,84.9263,93.4000,32.5684,0.0000,85.0842,0.0000,-52.5158,+0.0000,52.5158,14.7289,27.417,0.018,27.435,NVIDIA A10,6e3d1db
cifar20,resnet18,14,20.0,0.1,256,42,84.9263,93.4000,84.9263,93.4000,85.0842,0.0000,-0.1579,+93.4000,93.5579,0.0000,28.353,0.013,28.366,NVIDIA A10,6e3d1db
cifar20,resnet18,14,20.0,0.1,512,42,84.9263,93.4000,84.9263,93.4000,85.0842,0.0000,-0.1579,+93.4000,93.5579,0.0000,29.083,0.013,29.096,NVIDIA A10,6e3d1db
cifar20,resnet18,14,20.0,0.1,64,42,84.9263,93.4000,84.9263,93.4000,85.0842,0.0000,-0.1579,+93.4000,93.5579,0.0000,27.417,0.014,27.431,NVIDIA A10,6e3d1db
cifar20,resnet18,14,20.0,0.5,256,42,84.9263,93.4000,84.9263,93.4000,85.0842,0.0000,-0.1579,+93.4000,93.5579,0.0000,28.353,0.013,28.365,NVIDIA A10,6e3d1db
cifar20,resnet18,14,20.0,0.5,512,42,84.9263,93.4000,84.9263,93.4000,85.0842,0.0000,-0.1579,+93.4000,93.5579,0.0000,29.083,0.013,29.096,NVIDIA A10,6e3d1db
cifar20,resnet18,14,20.0,0.5,64,42,84.9263,93.4000,84.9263,93.4000,85.0842,0.0000,-0.1579,+93.4000,93.5579,0.0000,27.417,0.014,27.431,NVIDIA A10,6e3d1db
cifar20,resnet18,14,20.0,1.0,256,42,84.9263,93.4000,84.9263,93.4000,85.0842,0.0000,-0.1579,+93.4000,93.5579,0.0000,28.353,0.014,28.366,NVIDIA A10,6e3d1db
cifar20,resnet18,14,20.0,1.0,512,42,84.9263,93.4000,84.9263,93.4000,85.0842,0.0000,-0.1579,+93.4000,93.5579,0.0000,29.083,0.014,29.096,NVIDIA A10,6e3d1db
cifar20,resnet18,14,20.0,1.0,64,42,84.9263,93.4000,84.9263,93.4000,85.0842,0.0000,-0.1579,+93.4000,93.5579,0.0000,27.417,0.014,27.432,NVIDIA A10,6e3d1db
cifar20,resnet18,14,30.0,0.1,256,42,84.9263,93.4000,84.9263,93.4000,85.0842,0.0000,-0.1579,+93.4000,93.5579,0.0000,28.353,0.014,28.366,NVIDIA A10,6e3d1db
cifar20,resnet18,14,30.0,0.1,512,42,84.9263,93.4000,84.9263,93.4000,85.0842,0.0000,-0.1579,+93.4000,93.5579,0.0000,29.083,0.014,29.096,NVIDIA A10,6e3d1db
cifar20,resnet18,14,30.0,0.1,64,42,84.9263,93.4000,84.9263,93.4000,85.0842,0.0000,-0.1579,+93.4000,93.5579,0.0000,27.417,0.016,27.434,NVIDIA A10,6e3d1db
cifar20,resnet18,14,30.0,0.5,256,42,84.9263,93.4000,84.9263,93.4000,85.0842,0.0000,-0.1579,+93.4000,93.5579,0.0000,28.353,0.014,28.366,NVIDIA A10,6e3d1db
cifar20,resnet18,14,30.0,0.5,512,42,84.9263,93.4000,84.9263,93.4000,85.0842,0.0000,-0.1579,+93.4000,93.5579,0.0000,29.083,0.014,29.096,NVIDIA A10,6e3d1db
cifar20,resnet18,14,30.0,0.5,64,42,84.9263,93.4000,84.9263,93.4000,85.0842,0.0000,-0.1579,+93.4000,93.5579,0.0000,27.417,0.013,27.431,NVIDIA A10,6e3d1db
cifar20,resnet18,14,30.0,1.0,256,42,84.9263,93.4000,84.9263,93.4000,85.0842,0.0000,-0.1579,+93.4000,93.5579,0.0000,28.353,0.016,28.369,NVIDIA A10,6e3d1db
cifar20,resnet18,14,30.0,1.0,512,42,84.9263,93.4000,84.9263,93.4000,85.0842,0.0000,-0.1579,+93.4000,93.5579,0.0000,29.083,0.014,29.096,NVIDIA A10,6e3d1db
cifar20,resnet18,14,30.0,1.0,64,42,84.9263,93.4000,84.9263,93.4000,85.0842,0.0000,-0.1579,+93.4000,93.5579,0.0000,27.417,0.013,27.431,NVIDIA A10,6e3d1db
cifar20,resnet18,14,4.0,0.1,256,42,84.9263,93.4000,55.1158,0.0000,85.0842,0.0000,-29.9684,+0.0000,29.9684,7.4660,28.353,0.020,28.372,NVIDIA A10,6e3d1db
cifar20,resnet18,14,4.0,0.1,512,42,84.9263,93.4000,37.8632,0.0000,85.0842,0.0000,-47.2211,+0.0000,47.2211,9.4567,29.083,0.020,29.103,NVIDIA A10,6e3d1db
cifar20,resnet18,14,4.0,0.1,64,42,84.9263,93.4000,82.3474,0.0000,85.0842,0.0000,-2.7368,+0.0000,2.7368,4.5101,27.417,0.017,27.434,NVIDIA A10,6e3d1db
cifar20,resnet18,14,4.0,0.5,256,42,84.9263,93.4000,59.0000,0.0000,85.0842,0.0000,-26.0842,+0.0000,26.0842,7.4660,28.353,0.018,28.370,NVIDIA A10,6e3d1db
cifar20,resnet18,14,4.0,0.5,512,42,84.9263,93.4000,41.2947,0.0000,85.0842,0.0000,-43.7895,+0.0000,43.7895,9.4567,29.083,0.020,29.102,NVIDIA A10,6e3d1db
cifar20,resnet18,14,4.0,0.5,64,42,84.9263,93.4000,82.8526,0.0000,85.0842,0.0000,-2.2316,+0.0000,2.2316,4.5101,27.417,0.016,27.434,NVIDIA A10,6e3d1db
cifar20,resnet18,14,4.0,1.0,256,42,84.9263,93.4000,63.4105,0.0000,85.0842,0.0000,-21.6737,+0.0000,21.6737,7.4660,28.353,0.018,28.370,NVIDIA A10,6e3d1db
cifar20,resnet18,14,4.0,1.0,512,42,84.9263,93.4000,45.9684,0.0000,85.0842,0.0000,-39.1158,+0.0000,39.1158,9.4567,29.083,0.018,29.101,NVIDIA A10,6e3d1db
cifar20,resnet18,14,4.0,1.0,64,42,84.9263,93.4000,83.2000,0.0000,85.0842,0.0000,-1.8842,+0.0000,1.8842,4.5101,27.417,0.017,27.435,NVIDIA A10,6e3d1db
cifar20,resnet18,14,50.0,0.1,256,42,84.9263,93.4000,84.9263,93.4000,85.0842,0.0000,-0.1579,+93.4000,93.5579,0.0000,28.353,0.014,28.366,NVIDIA A10,6e3d1db
cifar20,resnet18,14,50.0,0.1,512,42,84.9263,93.4000,84.9263,93.4000,85.0842,0.0000,-0.1579,+93.4000,93.5579,0.0000,29.083,0.013,29.096,NVIDIA A10,6e3d1db
cifar20,resnet18,14,50.0,0.1,64,42,84.9263,93.4000,84.9263,93.4000,85.0842,0.0000,-0.1579,+93.4000,93.5579,0.0000,27.417,0.013,27.430,NVIDIA A10,6e3d1db
cifar20,resnet18,14,50.0,0.5,256,42,84.9263,93.4000,84.9263,93.4000,85.0842,0.0000,-0.1579,+93.4000,93.5579,0.0000,28.353,0.013,28.366,NVIDIA A10,6e3d1db
cifar20,resnet18,14,50.0,0.5,512,42,84.9263,93.4000,84.9263,93.4000,85.0842,0.0000,-0.1579,+93.4000,93.5579,0.0000,29.083,0.016,29.099,NVIDIA A10,6e3d1db
cifar20,resnet18,14,50.0,0.5,64,42,84.9263,93.4000,84.9263,93.4000,85.0842,0.0000,-0.1579,+93.4000,93.5579,0.0000,27.417,0.011,27.429,NVIDIA A10,6e3d1db
cifar20,resnet18,14,50.0,1.0,256,42,84.9263,93.4000,84.9263,93.4000,85.0842,0.0000,-0.1579,+93.4000,93.5579,0.0000,28.353,0.014,28.366,NVIDIA A10,6e3d1db
cifar20,resnet18,14,50.0,1.0,512,42,84.9263,93.4000,84.9263,93.4000,85.0842,0.0000,-0.1579,+93.4000,93.5579,0.0000,29.083,0.015,29.098,NVIDIA A10,6e3d1db
cifar20,resnet18,14,50.0,1.0,64,42,84.9263,93.4000,84.9263,93.4000,85.0842,0.0000,-0.1579,+93.4000,93.5579,0.0000,27.417,0.012,27.430,NVIDIA A10,6e3d1db
cifar20,resnet18,14,6.0,0.1,256,42,84.9263,93.4000,81.3789,0.0000,85.0842,0.0000,-3.7053,+0.0000,3.7053,3.3318,28.353,0.018,28.370,NVIDIA A10,6e3d1db
cifar20,resnet18,14,6.0,0.1,512,42,84.9263,93.4000,77.1579,0.0000,85.0842,0.0000,-7.9263,+0.0000,7.9263,4.2608,29.083,0.017,29.100,NVIDIA A10,6e3d1db
cifar20,resnet18,14,6.0,0.1,64,42,84.9263,93.4000,84.6737,0.0000,85.0842,0.0000,-0.4105,+0.0000,0.4105,2.1782,27.417,0.019,27.436,NVIDIA A10,6e3d1db
cifar20,resnet18,14,6.0,0.5,256,42,84.9263,93.4000,81.7579,0.0000,85.0842,0.0000,-3.3263,+0.0000,3.3263,3.3318,28.353,0.018,28.370,NVIDIA A10,6e3d1db
cifar20,resnet18,14,6.0,0.5,512,42,84.9263,93.4000,78.1895,0.0000,85.0842,0.0000,-6.8947,+0.0000,6.8947,4.2608,29.083,0.018,29.101,NVIDIA A10,6e3d1db
cifar20,resnet18,14,6.0,0.5,64,42,84.9263,93.4000,84.7474,0.0000,85.0842,0.0000,-0.3368,+0.0000,0.3368,2.1782,27.417,0.018,27.435,NVIDIA A10,6e3d1db
cifar20,resnet18,14,6.0,1.0,256,42,84.9263,93.4000,82.0632,0.0000,85.0842,0.0000,-3.0211,+0.0000,3.0211,3.3318,28.353,0.016,28.368,NVIDIA A10,6e3d1db
cifar20,resnet18,14,6.0,1.0,512,42,84.9263,93.4000,79.1053,0.0000,85.0842,0.0000,-5.9789,+0.0000,5.9789,4.2608,29.083,0.017,29.100,NVIDIA A10,6e3d1db
cifar20,resnet18,14,6.0,1.0,64,42,84.9263,93.4000,84.7158,0.0000,85.0842,0.0000,-0.3684,+0.0000,0.3684,2.1782,27.417,0.018,27.436,NVIDIA A10,6e3d1db
cifar20,resnet18,14,8.0,0.1,256,42,84.9263,93.4000,84.3474,0.0000,85.0842,0.0000,-0.7368,+0.0000,0.7368,1.7732,28.353,0.015,28.368,NVIDIA A10,6e3d1db
cifar20,resnet18,14,8.0,0.1,512,42,84.9263,93.4000,82.7579,0.0000,85.0842,0.0000,-2.3263,+0.0000,2.3263,2.1920,29.083,0.018,29.100,NVIDIA A10,6e3d1db
cifar20,resnet18,14,8.0,0.1,64,42,84.9263,93.4000,84.8947,0.0000,85.0842,0.0000,-0.1895,+0.0000,0.1895,1.2012,27.417,0.013,27.431,NVIDIA A10,6e3d1db
cifar20,resnet18,14,8.0,0.5,256,42,84.9263,93.4000,84.3684,0.0000,85.0842,0.0000,-0.7158,+0.0000,0.7158,1.7732,28.353,0.016,28.368,NVIDIA A10,6e3d1db
cifar20,resnet18,14,8.0,0.5,512,42,84.9263,93.4000,82.9684,0.0000,85.0842,0.0000,-2.1158,+0.0000,2.1158,2.1920,29.083,0.015,29.097,NVIDIA A10,6e3d1db
cifar20,resnet18,14,8.0,0.5,64,42,84.9263,93.4000,84.8947,0.0000,85.0842,0.0000,-0.1895,+0.0000,0.1895,1.2012,27.417,0.013,27.431,NVIDIA A10,6e3d1db
cifar20,resnet18,14,8.0,1.0,256,42,84.9263,93.4000,84.3158,0.0000,85.0842,0.0000,-0.7684,+0.0000,0.7684,1.7732,28.353,0.012,28.364,NVIDIA A10,6e3d1db
cifar20,resnet18,14,8.0,1.0,512,42,84.9263,93.4000,83.1579,0.0000,85.0842,0.0000,-1.9263,+0.0000,1.9263,2.1920,29.083,0.016,29.099,NVIDIA A10,6e3d1db
cifar20,resnet18,14,8.0,1.0,64,42,84.9263,93.4000,84.8947,0.0000,85.0842,0.0000,-0.1895,+0.0000,0.1895,1.2012,27.417,0.015,27.432,NVIDIA A10,6e3d1db
cifar20,resnet18,19,10.0,0.1,256,42,85.2737,86.8000,85.7053,0.0000,86.0316,0.0000,-0.3263,+0.0000,0.3263,1.5041,28.979,0.015,28.994,NVIDIA A10,6e3d1db
cifar20,resnet18,19,10.0,0.1,512,42,85.2737,86.8000,85.0316,0.0000,86.0316,0.0000,-1.0000,+0.0000,1.0000,1.9648,28.364,0.019,28.383,NVIDIA A10,6e3d1db
cifar20,resnet18,19,10.0,0.1,64,42,85.2737,86.8000,85.7474,0.0000,86.0316,0.0000,-0.2842,+0.0000,0.2842,0.9854,28.980,0.017,28.997,NVIDIA A10,6e3d1db
cifar20,resnet18,19,10.0,0.5,256,42,85.2737,86.8000,85.7158,0.0000,86.0316,0.0000,-0.3158,+0.0000,0.3158,1.5041,28.979,0.015,28.994,NVIDIA A10,6e3d1db
cifar20,resnet18,19,10.0,0.5,512,42,85.2737,86.8000,85.0947,0.0000,86.0316,0.0000,-0.9368,+0.0000,0.9368,1.9648,28.364,0.019,28.383,NVIDIA A10,6e3d1db
cifar20,resnet18,19,10.0,0.5,64,42,85.2737,86.8000,85.7368,0.0000,86.0316,0.0000,-0.2947,+0.0000,0.2947,0.9854,28.980,0.013,28.994,NVIDIA A10,6e3d1db
cifar20,resnet18,19,10.0,1.0,256,42,85.2737,86.8000,85.7158,0.0000,86.0316,0.0000,-0.3158,+0.0000,0.3158,1.5041,28.979,0.015,28.993,NVIDIA A10,6e3d1db
cifar20,resnet18,19,10.0,1.0,512,42,85.2737,86.8000,85.1895,0.0000,86.0316,0.0000,-0.8421,+0.0000,0.8421,1.9648,28.364,0.015,28.380,NVIDIA A10,6e3d1db
cifar20,resnet18,19,10.0,1.0,64,42,85.2737,86.8000,85.7368,0.0000,86.0316,0.0000,-0.2947,+0.0000,0.2947,0.9854,28.980,0.013,28.993,NVIDIA A10,6e3d1db
cifar20,resnet18,19,12.0,0.1,256,42,85.2737,86.8000,85.6842,0.0000,86.0316,0.0000,-0.3474,+0.0000,0.3474,0.7641,28.979,0.015,28.994,NVIDIA A10,6e3d1db
cifar20,resnet18,19,12.0,0.1,512,42,85.2737,86.8000,85.7158,0.0000,86.0316,0.0000,-0.3158,+0.0000,0.3158,0.9759,28.364,0.014,28.378,NVIDIA A10,6e3d1db
cifar20,resnet18,19,12.0,0.1,64,42,85.2737,86.8000,85.6947,0.0000,86.0316,0.0000,-0.3368,+0.0000,0.3368,0.5184,28.980,0.014,28.994,NVIDIA A10,6e3d1db
cifar20,resnet18,19,12.0,0.5,256,42,85.2737,86.8000,85.7053,0.0000,86.0316,0.0000,-0.3263,+0.0000,0.3263,0.7641,28.979,0.014,28.993,NVIDIA A10,6e3d1db
cifar20,resnet18,19,12.0,0.5,512,42,85.2737,86.8000,85.7474,0.0000,86.0316,0.0000,-0.2842,+0.0000,0.2842,0.9759,28.364,0.015,28.379,NVIDIA A10,6e3d1db
cifar20,resnet18,19,12.0,0.5,64,42,85.2737,86.8000,85.6947,0.0000,86.0316,0.0000,-0.3368,+0.0000,0.3368,0.5184,28.980,0.017,28.998,NVIDIA A10,6e3d1db
cifar20,resnet18,19,12.0,1.0,256,42,85.2737,86.8000,85.7053,0.0000,86.0316,0.0000,-0.3263,+0.0000,0.3263,0.7641,28.979,0.013,28.992,NVIDIA A10,6e3d1db
cifar20,resnet18,19,12.0,1.0,512,42,85.2737,86.8000,85.7368,0.0000,86.0316,0.0000,-0.2947,+0.0000,0.2947,0.9759,28.364,0.016,28.380,NVIDIA A10,6e3d1db
cifar20,resnet18,19,12.0,1.0,64,42,85.2737,86.8000,85.6947,0.0000,86.0316,0.0000,-0.3368,+0.0000,0.3368,0.5184,28.980,0.014,28.995,NVIDIA A10,6e3d1db
cifar20,resnet18,19,15.0,0.1,256,42,85.2737,86.8000,85.6632,2.4000,86.0316,0.0000,-0.3684,+2.4000,2.7684,0.2093,28.979,0.016,28.995,NVIDIA A10,6e3d1db
cifar20,resnet18,19,15.0,0.1,512,42,85.2737,86.8000,85.6947,1.6000,86.0316,0.0000,-0.3368,+1.6000,1.9368,0.2717,28.364,0.014,28.379,NVIDIA A10,6e3d1db
cifar20,resnet18,19,15.0,0.1,64,42,85.2737,86.8000,85.6316,4.4000,86.0316,0.0000,-0.4000,+4.4000,4.8000,0.1492,28.980,0.014,28.995,NVIDIA A10,6e3d1db
cifar20,resnet18,19,15.0,0.5,256,42,85.2737,86.8000,85.6632,4.4000,86.0316,0.0000,-0.3684,+4.4000,4.7684,0.2093,28.979,0.015,28.993,NVIDIA A10,6e3d1db
cifar20,resnet18,19,15.0,0.5,512,42,85.2737,86.8000,85.6842,3.2000,86.0316,0.0000,-0.3474,+3.2000,3.5474,0.2717,28.364,0.014,28.378,NVIDIA A10,6e3d1db
cifar20,resnet18,19,15.0,0.5,64,42,85.2737,86.8000,85.6316,6.4000,86.0316,0.0000,-0.4000,+6.4000,6.8000,0.1492,28.980,0.014,28.994,NVIDIA A10,6e3d1db
cifar20,resnet18,19,15.0,1.0,256,42,85.2737,86.8000,85.6632,6.4000,86.0316,0.0000,-0.3684,+6.4000,6.7684,0.2093,28.979,0.011,28.990,NVIDIA A10,6e3d1db
cifar20,resnet18,19,15.0,1.0,512,42,85.2737,86.8000,85.6737,5.2000,86.0316,0.0000,-0.3579,+5.2000,5.5579,0.2717,28.364,0.015,28.379,NVIDIA A10,6e3d1db
cifar20,resnet18,19,15.0,1.0,64,42,85.2737,86.8000,85.6211,8.8000,86.0316,0.0000,-0.4105,+8.8000,9.2105,0.1492,28.980,0.014,28.995,NVIDIA A10,6e3d1db
cifar20,resnet18,19,2.0,0.1,256,42,85.2737,86.8000,3.9368,0.0000,86.0316,0.0000,-82.0947,+0.0000,82.0947,35.2372,28.979,0.019,28.997,NVIDIA A10,6e3d1db
cifar20,resnet18,19,2.0,0.1,512,42,85.2737,86.8000,5.2526,0.0000,86.0316,0.0000,-80.7789,+0.0000,80.7789,37.6914,28.364,0.017,28.381,NVIDIA A10,6e3d1db
cifar20,resnet18,19,2.0,0.1,64,42,85.2737,86.8000,5.1579,0.0000,86.0316,0.0000,-80.8737,+0.0000,80.8737,27.5210,28.980,0.017,28.998,NVIDIA A10,6e3d1db
cifar20,resnet18,19,2.0,0.5,256,42,85.2737,86.8000,5.2211,0.0000,86.0316,0.0000,-80.8105,+0.0000,80.8105,35.2372,28.979,0.021,29.000,NVIDIA A10,6e3d1db
cifar20,resnet18,19,2.0,0.5,512,42,85.2737,86.8000,5.2526,0.0000,86.0316,0.0000,-80.7789,+0.0000,80.7789,37.6914,28.364,0.020,28.384,NVIDIA A10,6e3d1db
cifar20,resnet18,19,2.0,0.5,64,42,85.2737,86.8000,5.3368,0.0000,86.0316,0.0000,-80.6947,+0.0000,80.6947,27.5210,28.980,0.019,28.999,NVIDIA A10,6e3d1db
cifar20,resnet18,19,2.0,1.0,256,42,85.2737,86.8000,5.2632,0.0000,86.0316,0.0000,-80.7684,+0.0000,80.7684,35.2372,28.979,0.020,28.999,NVIDIA A10,6e3d1db
cifar20,resnet18,19,2.0,1.0,512,42,85.2737,86.8000,5.2632,0.0000,86.0316,0.0000,-80.7684,+0.0000,80.7684,37.6914,28.364,0.019,28.383,NVIDIA A10,6e3d1db
cifar20,resnet18,19,2.0,1.0,64,42,85.2737,86.8000,5.7895,0.0000,86.0316,0.0000,-80.2421,+0.0000,80.2421,27.5210,28.980,0.019,29.000,NVIDIA A10,6e3d1db
cifar20,resnet18,19,20.0,0.1,256,42,85.2737,86.8000,85.2737,86.8000,86.0316,0.0000,-0.7579,+86.8000,87.5579,0.0000,28.979,0.014,28.993,NVIDIA A10,6e3d1db
cifar20,resnet18,19,20.0,0.1,512,42,85.2737,86.8000,85.2737,86.8000,86.0316,0.0000,-0.7579,+86.8000,87.5579,0.0000,28.364,0.014,28.378,NVIDIA A10,6e3d1db
cifar20,resnet18,19,20.0,0.1,64,42,85.2737,86.8000,85.2737,86.8000,86.0316,0.0000,-0.7579,+86.8000,87.5579,0.0000,28.980,0.013,28.994,NVIDIA A10,6e3d1db
cifar20,resnet18,19,20.0,0.5,256,42,85.2737,86.8000,85.2737,86.8000,86.0316,0.0000,-0.7579,+86.8000,87.5579,0.0000,28.979,0.014,28.992,NVIDIA A10,6e3d1db
cifar20,resnet18,19,20.0,0.5,512,42,85.2737,86.8000,85.2737,86.8000,86.0316,0.0000,-0.7579,+86.8000,87.5579,0.0000,28.364,0.014,28.378,NVIDIA A10,6e3d1db
cifar20,resnet18,19,20.0,0.5,64,42,85.2737,86.8000,85.2737,86.8000,86.0316,0.0000,-0.7579,+86.8000,87.5579,0.0000,28.980,0.014,28.994,NVIDIA A10,6e3d1db
cifar20,resnet18,19,20.0,1.0,256,42,85.2737,86.8000,85.2737,86.8000,86.0316,0.0000,-0.7579,+86.8000,87.5579,0.0000,28.979,0.012,28.991,NVIDIA A10,6e3d1db
cifar20,resnet18,19,20.0,1.0,512,42,85.2737,86.8000,85.2737,86.8000,86.0316,0.0000,-0.7579,+86.8000,87.5579,0.0000,28.364,0.014,28.378,NVIDIA A10,6e3d1db
cifar20,resnet18,19,20.0,1.0,64,42,85.2737,86.8000,85.2737,86.8000,86.0316,0.0000,-0.7579,+86.8000,87.5579,0.0000,28.980,0.013,28.993,NVIDIA A10,6e3d1db
cifar20,resnet18,19,30.0,0.1,256,42,85.2737,86.8000,85.2737,86.8000,86.0316,0.0000,-0.7579,+86.8000,87.5579,0.0000,28.979,0.014,28.992,NVIDIA A10,6e3d1db
cifar20,resnet18,19,30.0,0.1,512,42,85.2737,86.8000,85.2737,86.8000,86.0316,0.0000,-0.7579,+86.8000,87.5579,0.0000,28.364,0.011,28.376,NVIDIA A10,6e3d1db
cifar20,resnet18,19,30.0,0.1,64,42,85.2737,86.8000,85.2737,86.8000,86.0316,0.0000,-0.7579,+86.8000,87.5579,0.0000,28.980,0.014,28.994,NVIDIA A10,6e3d1db
cifar20,resnet18,19,30.0,0.5,256,42,85.2737,86.8000,85.2737,86.8000,86.0316,0.0000,-0.7579,+86.8000,87.5579,0.0000,28.979,0.013,28.992,NVIDIA A10,6e3d1db
cifar20,resnet18,19,30.0,0.5,512,42,85.2737,86.8000,85.2737,86.8000,86.0316,0.0000,-0.7579,+86.8000,87.5579,0.0000,28.364,0.015,28.379,NVIDIA A10,6e3d1db
cifar20,resnet18,19,30.0,0.5,64,42,85.2737,86.8000,85.2737,86.8000,86.0316,0.0000,-0.7579,+86.8000,87.5579,0.0000,28.980,0.014,28.994,NVIDIA A10,6e3d1db
cifar20,resnet18,19,30.0,1.0,256,42,85.2737,86.8000,85.2737,86.8000,86.0316,0.0000,-0.7579,+86.8000,87.5579,0.0000,28.979,0.011,28.990,NVIDIA A10,6e3d1db
cifar20,resnet18,19,30.0,1.0,512,42,85.2737,86.8000,85.2737,86.8000,86.0316,0.0000,-0.7579,+86.8000,87.5579,0.0000,28.364,0.016,28.381,NVIDIA A10,6e3d1db
cifar20,resnet18,19,30.0,1.0,64,42,85.2737,86.8000,85.2737,86.8000,86.0316,0.0000,-0.7579,+86.8000,87.5579,0.0000,28.980,0.011,28.991,NVIDIA A10,6e3d1db
cifar20,resnet18,19,4.0,0.1,256,42,85.2737,86.8000,6.5053,0.0000,86.0316,0.0000,-79.5263,+0.0000,79.5263,14.5898,28.979,0.019,28.998,NVIDIA A10,6e3d1db
cifar20,resnet18,19,4.0,0.1,512,42,85.2737,86.8000,7.2211,0.0000,86.0316,0.0000,-78.8105,+0.0000,78.8105,17.4735,28.364,0.017,28.382,NVIDIA A10,6e3d1db
cifar20,resnet18,19,4.0,0.1,64,42,85.2737,86.8000,66.1789,0.0000,86.0316,0.0000,-19.8526,+0.0000,19.8526,8.5540,28.980,0.018,28.998,NVIDIA A10,6e3d1db
cifar20,resnet18,19,4.0,0.5,256,42,85.2737,86.8000,7.1789,0.0000,86.0316,0.0000,-78.8526,+0.0000,78.8526,14.5898,28.979,0.013,28.992,NVIDIA A10,6e3d1db
cifar20,resnet18,19,4.0,0.5,512,42,85.2737,86.8000,7.4947,0.0000,86.0316,0.0000,-78.5368,+0.0000,78.5368,17.4735,28.364,0.019,28.383,NVIDIA A10,6e3d1db
cifar20,resnet18,19,4.0,0.5,64,42,85.2737,86.8000,68.6000,0.0000,86.0316,0.0000,-17.4316,+0.0000,17.4316,8.5540,28.980,0.016,28.997,NVIDIA A10,6e3d1db
cifar20,resnet18,19,4.0,1.0,256,42,85.2737,86.8000,10.5474,0.0000,86.0316,0.0000,-75.4842,+0.0000,75.4842,14.5898,28.979,0.015,28.993,NVIDIA A10,6e3d1db
cifar20,resnet18,19,4.0,1.0,512,42,85.2737,86.8000,8.6211,0.0000,86.0316,0.0000,-77.4105,+0.0000,77.4105,17.4735,28.364,0.017,28.382,NVIDIA A10,6e3d1db
cifar20,resnet18,19,4.0,1.0,64,42,85.2737,86.8000,71.2632,0.0000,86.0316,0.0000,-14.7684,+0.0000,14.7684,8.5540,28.980,0.017,28.997,NVIDIA A10,6e3d1db
cifar20,resnet18,19,50.0,0.1,256,42,85.2737,86.8000,85.2737,86.8000,86.0316,0.0000,-0.7579,+86.8000,87.5579,0.0000,28.979,0.016,28.995,NVIDIA A10,6e3d1db
cifar20,resnet18,19,50.0,0.1,512,42,85.2737,86.8000,85.2737,86.8000,86.0316,0.0000,-0.7579,+86.8000,87.5579,0.0000,28.364,0.013,28.377,NVIDIA A10,6e3d1db
cifar20,resnet18,19,50.0,0.1,64,42,85.2737,86.8000,85.2737,86.8000,86.0316,0.0000,-0.7579,+86.8000,87.5579,0.0000,28.980,0.012,28.993,NVIDIA A10,6e3d1db
cifar20,resnet18,19,50.0,0.5,256,42,85.2737,86.8000,85.2737,86.8000,86.0316,0.0000,-0.7579,+86.8000,87.5579,0.0000,28.979,0.014,28.993,NVIDIA A10,6e3d1db
cifar20,resnet18,19,50.0,0.5,512,42,85.2737,86.8000,85.2737,86.8000,86.0316,0.0000,-0.7579,+86.8000,87.5579,0.0000,28.364,0.014,28.378,NVIDIA A10,6e3d1db
cifar20,resnet18,19,50.0,0.5,64,42,85.2737,86.8000,85.2737,86.8000,86.0316,0.0000,-0.7579,+86.8000,87.5579,0.0000,28.980,0.014,28.994,NVIDIA A10,6e3d1db
cifar20,resnet18,19,50.0,1.0,256,42,85.2737,86.8000,85.2737,86.8000,86.0316,0.0000,-0.7579,+86.8000,87.5579,0.0000,28.979,0.013,28.991,NVIDIA A10,6e3d1db
cifar20,resnet18,19,50.0,1.0,512,42,85.2737,86.8000,85.2737,86.8000,86.0316,0.0000,-0.7579,+86.8000,87.5579,0.0000,28.364,0.014,28.378,NVIDIA A10,6e3d1db
cifar20,resnet18,19,50.0,1.0,64,42,85.2737,86.8000,85.2737,86.8000,86.0316,0.0000,-0.7579,+86.8000,87.5579,0.0000,28.980,0.013,28.993,NVIDIA A10,6e3d1db
cifar20,resnet18,19,6.0,0.1,256,42,85.2737,86.8000,64.6105,0.0000,86.0316,0.0000,-21.4211,+0.0000,21.4211,6.3510,28.979,0.013,28.992,NVIDIA A10,6e3d1db
cifar20,resnet18,19,6.0,0.1,512,42,85.2737,86.8000,43.8000,0.0000,86.0316,0.0000,-42.2316,+0.0000,42.2316,8.3996,28.364,0.013,28.378,NVIDIA A10,6e3d1db
cifar20,resnet18,19,6.0,0.1,64,42,85.2737,86.8000,84.9158,0.0000,86.0316,0.0000,-1.1158,+0.0000,1.1158,3.5822,28.980,0.018,28.998,NVIDIA A10,6e3d1db
cifar20,resnet18,19,6.0,0.5,256,42,85.2737,86.8000,66.7684,0.0000,86.0316,0.0000,-19.2632,+0.0000,19.2632,6.3510,28.979,0.019,28.998,NVIDIA A10,6e3d1db
cifar20,resnet18,19,6.0,0.5,512,42,85.2737,86.8000,47.4842,0.0000,86.0316,0.0000,-38.5474,+0.0000,38.5474,8.3996,28.364,0.019,28.384,NVIDIA A10,6e3d1db
cifar20,resnet18,19,6.0,0.5,64,42,85.2737,86.8000,85.0000,0.0000,86.0316,0.0000,-1.0316,+0.0000,1.0316,3.5822,28.980,0.019,28.999,NVIDIA A10,6e3d1db
cifar20,resnet18,19,6.0,1.0,256,42,85.2737,86.8000,69.2526,0.0000,86.0316,0.0000,-16.7789,+0.0000,16.7789,6.3510,28.979,0.019,28.998,NVIDIA A10,6e3d1db
cifar20,resnet18,19,6.0,1.0,512,42,85.2737,86.8000,51.5053,0.0000,86.0316,0.0000,-34.5263,+0.0000,34.5263,8.3996,28.364,0.020,28.384,NVIDIA A10,6e3d1db
cifar20,resnet18,19,6.0,1.0,64,42,85.2737,86.8000,85.0842,0.0000,86.0316,0.0000,-0.9474,+0.0000,0.9474,3.5822,28.980,0.015,28.996,NVIDIA A10,6e3d1db
cifar20,resnet18,19,8.0,0.1,256,42,85.2737,86.8000,84.9579,0.0000,86.0316,0.0000,-1.0737,+0.0000,1.0737,2.9771,28.979,0.016,28.995,NVIDIA A10,6e3d1db
cifar20,resnet18,19,8.0,0.1,512,42,85.2737,86.8000,75.4421,0.0000,86.0316,0.0000,-10.5895,+0.0000,10.5895,4.0353,28.364,0.017,28.381,NVIDIA A10,6e3d1db
cifar20,resnet18,19,8.0,0.1,64,42,85.2737,86.8000,85.5263,0.0000,86.0316,0.0000,-0.5053,+0.0000,0.5053,1.8308,28.980,0.015,28.996,NVIDIA A10,6e3d1db
cifar20,resnet18,19,8.0,0.5,256,42,85.2737,86.8000,85.0737,0.0000,86.0316,0.0000,-0.9579,+0.0000,0.9579,2.9771,28.979,0.018,28.997,NVIDIA A10,6e3d1db
cifar20,resnet18,19,8.0,0.5,512,42,85.2737,86.8000,76.4947,0.0000,86.0316,0.0000,-9.5368,+0.0000,9.5368,4.0353,28.364,0.017,28.382,NVIDIA A10,6e3d1db
cifar20,resnet18,19,8.0,0.5,64,42,85.2737,86.8000,85.5579,0.0000,86.0316,0.0000,-0.4737,+0.0000,0.4737,1.8308,28.980,0.014,28.995,NVIDIA A10,6e3d1db
cifar20,resnet18,19,8.0,1.0,256,42,85.2737,86.8000,85.0947,0.0000,86.0316,0.0000,-0.9368,+0.0000,0.9368,2.9771,28.979,0.017,28.996,NVIDIA A10,6e3d1db
cifar20,resnet18,19,8.0,1.0,512,42,85.2737,86.8000,77.4947,0.0000,86.0316,0.0000,-8.5368,+0.0000,8.5368,4.0353,28.364,0.018,28.382,NVIDIA A10,6e3d1db
cifar20,resnet18,19,8.0,1.0,64,42,85.2737,86.8000,85.5684,0.0000,86.0316,0.0000,-0.4632,+0.0000,0.4632,1.8308,28.980,0.016,28.997,NVIDIA A10,6e3d1db
cifar20,resnet18,3,10.0,0.1,256,42,85.3368,85.6000,85.1158,0.0000,85.9053,0.0000,-0.7895,+0.0000,0.7895,1.3016,29.621,0.016,29.636,NVIDIA A10,6e3d1db
cifar20,resnet18,3,10.0,0.1,512,42,85.3368,85.6000,84.7474,0.0000,85.9053,0.0000,-1.1579,+0.0000,1.1579,1.7154,24.758,0.017,24.775,NVIDIA A10,6e3d1db
cifar20,resnet18,3,10.0,0.1,64,42,85.3368,85.6000,85.5684,0.0000,85.9053,0.0000,-0.3368,+0.0000,0.3368,0.8151,24.778,0.015,24.794,NVIDIA A10,6e3d1db
cifar20,resnet18,3,10.0,0.5,256,42,85.3368,85.6000,85.1474,0.0000,85.9053,0.0000,-0.7579,+0.0000,0.7579,1.3016,29.621,0.016,29.636,NVIDIA A10,6e3d1db
cifar20,resnet18,3,10.0,0.5,512,42,85.3368,85.6000,84.7684,0.0000,85.9053,0.0000,-1.1368,+0.0000,1.1368,1.7154,24.758,0.016,24.774,NVIDIA A10,6e3d1db
cifar20,resnet18,3,10.0,0.5,64,42,85.3368,85.6000,85.5263,0.0000,85.9053,0.0000,-0.3789,+0.0000,0.3789,0.8151,24.778,0.014,24.792,NVIDIA A10,6e3d1db
cifar20,resnet18,3,10.0,1.0,256,42,85.3368,85.6000,85.1895,0.0000,85.9053,0.0000,-0.7158,+0.0000,0.7158,1.3016,29.621,0.016,29.637,NVIDIA A10,6e3d1db
cifar20,resnet18,3,10.0,1.0,512,42,85.3368,85.6000,84.7789,0.0000,85.9053,0.0000,-1.1263,+0.0000,1.1263,1.7154,24.758,0.016,24.774,NVIDIA A10,6e3d1db
cifar20,resnet18,3,10.0,1.0,64,42,85.3368,85.6000,85.5263,0.0000,85.9053,0.0000,-0.3789,+0.0000,0.3789,0.8151,24.778,0.013,24.792,NVIDIA A10,6e3d1db
cifar20,resnet18,3,12.0,0.1,256,42,85.3368,85.6000,85.5368,0.0000,85.9053,0.0000,-0.3684,+0.0000,0.3684,0.6529,29.621,0.016,29.637,NVIDIA A10,6e3d1db
cifar20,resnet18,3,12.0,0.1,512,42,85.3368,85.6000,85.3474,0.0000,85.9053,0.0000,-0.5579,+0.0000,0.5579,0.8491,24.758,0.015,24.773,NVIDIA A10,6e3d1db
cifar20,resnet18,3,12.0,0.1,64,42,85.3368,85.6000,85.5158,0.0000,85.9053,0.0000,-0.3895,+0.0000,0.3895,0.4234,24.778,0.015,24.793,NVIDIA A10,6e3d1db
cifar20,resnet18,3,12.0,0.5,256,42,85.3368,85.6000,85.5368,0.0000,85.9053,0.0000,-0.3684,+0.0000,0.3684,0.6529,29.621,0.016,29.636,NVIDIA A10,6e3d1db
cifar20,resnet18,3,12.0,0.5,512,42,85.3368,85.6000,85.3579,0.0000,85.9053,0.0000,-0.5474,+0.0000,0.5474,0.8491,24.758,0.015,24.773,NVIDIA A10,6e3d1db
cifar20,resnet18,3,12.0,0.5,64,42,85.3368,85.6000,85.4947,0.0000,85.9053,0.0000,-0.4105,+0.0000,0.4105,0.4234,24.778,0.014,24.792,NVIDIA A10,6e3d1db
cifar20,resnet18,3,12.0,1.0,256,42,85.3368,85.6000,85.5368,0.0000,85.9053,0.0000,-0.3684,+0.0000,0.3684,0.6529,29.621,0.014,29.635,NVIDIA A10,6e3d1db
cifar20,resnet18,3,12.0,1.0,512,42,85.3368,85.6000,85.3474,0.0000,85.9053,0.0000,-0.5579,+0.0000,0.5579,0.8491,24.758,0.013,24.771,NVIDIA A10,6e3d1db
cifar20,resnet18,3,12.0,1.0,64,42,85.3368,85.6000,85.4947,0.0000,85.9053,0.0000,-0.4105,+0.0000,0.4105,0.4234,24.778,0.014,24.793,NVIDIA A10,6e3d1db
cifar20,resnet18,3,15.0,0.1,256,42,85.3368,85.6000,85.6421,5.8000,85.9053,0.0000,-0.2632,+5.8000,6.0632,0.1749,29.621,0.015,29.635,NVIDIA A10,6e3d1db
cifar20,resnet18,3,15.0,0.1,512,42,85.3368,85.6000,85.6316,4.6000,85.9053,0.0000,-0.2737,+4.6000,4.8737,0.2321,24.758,0.013,24.771,NVIDIA A10,6e3d1db
cifar20,resnet18,3,15.0,0.1,64,42,85.3368,85.6000,85.5789,1.6000,85.9053,0.0000,-0.3263,+1.6000,1.9263,0.1213,24.778,0.015,24.793,NVIDIA A10,6e3d1db
cifar20,resnet18,3,15.0,0.5,256,42,85.3368,85.6000,85.6316,8.0000,85.9053,0.0000,-0.2737,+8.0000,8.2737,0.1749,29.621,0.011,29.632,NVIDIA A10,6e3d1db
cifar20,resnet18,3,15.0,0.5,512,42,85.3368,85.6000,85.6316,6.2000,85.9053,0.0000,-0.2737,+6.2000,6.4737,0.2321,24.758,0.011,24.769,NVIDIA A10,6e3d1db
cifar20,resnet18,3,15.0,0.5,64,42,85.3368,85.6000,85.5789,3.0000,85.9053,0.0000,-0.3263,+3.0000,3.3263,0.1213,24.778,0.014,24.792,NVIDIA A10,6e3d1db
cifar20,resnet18,3,15.0,1.0,256,42,85.3368,85.6000,85.6211,10.2000,85.9053,0.0000,-0.2842,+10.2000,10.4842,0.1749,29.621,0.014,29.634,NVIDIA A10,6e3d1db
cifar20,resnet18,3,15.0,1.0,512,42,85.3368,85.6000,85.6211,8.0000,85.9053,0.0000,-0.2842,+8.0000,8.2842,0.2321,24.758,0.016,24.774,NVIDIA A10,6e3d1db
cifar20,resnet18,3,15.0,1.0,64,42,85.3368,85.6000,85.5789,6.6000,85.9053,0.0000,-0.3263,+6.6000,6.9263,0.1213,24.778,0.012,24.791,NVIDIA A10,6e3d1db
cifar20,resnet18,3,2.0,0.1,256,42,85.3368,85.6000,5.1789,0.0000,85.9053,0.0000,-80.7263,+0.0000,80.7263,30.4542,29.621,0.018,29.638,NVIDIA A10,6e3d1db
cifar20,resnet18,3,2.0,0.1,512,42,85.3368,85.6000,7.0947,0.0000,85.9053,0.0000,-78.8105,+0.0000,78.8105,32.9861,24.758,0.016,24.774,NVIDIA A10,6e3d1db
cifar20,resnet18,3,2.0,0.1,64,42,85.3368,85.6000,6.5895,0.0000,85.9053,0.0000,-79.3158,+0.0000,79.3158,22.6401,24.778,0.049,24.828,NVIDIA A10,6e3d1db
cifar20,resnet18,3,2.0,0.5,256,42,85.3368,85.6000,5.5368,0.0000,85.9053,0.0000,-80.3684,+0.0000,80.3684,30.4542,29.621,0.019,29.640,NVIDIA A10,6e3d1db
cifar20,resnet18,3,2.0,0.5,512,42,85.3368,85.6000,6.7053,0.0000,85.9053,0.0000,-79.2000,+0.0000,79.2000,32.9861,24.758,0.019,24.777,NVIDIA A10,6e3d1db
cifar20,resnet18,3,2.0,0.5,64,42,85.3368,85.6000,7.2316,0.0000,85.9053,0.0000,-78.6737,+0.0000,78.6737,22.6401,24.778,0.020,24.799,NVIDIA A10,6e3d1db
cifar20,resnet18,3,2.0,1.0,256,42,85.3368,85.6000,6.5053,0.0000,85.9053,0.0000,-79.4000,+0.0000,79.4000,30.4542,29.621,0.018,29.639,NVIDIA A10,6e3d1db
cifar20,resnet18,3,2.0,1.0,512,42,85.3368,85.6000,8.4421,0.0000,85.9053,0.0000,-77.4632,+0.0000,77.4632,32.9861,24.758,0.018,24.776,NVIDIA A10,6e3d1db
cifar20,resnet18,3,2.0,1.0,64,42,85.3368,85.6000,9.2947,0.0000,85.9053,0.0000,-76.6105,+0.0000,76.6105,22.6401,24.778,0.021,24.799,NVIDIA A10,6e3d1db
cifar20,resnet18,3,20.0,0.1,256,42,85.3368,85.6000,85.3368,85.6000,85.9053,0.0000,-0.5684,+85.6000,86.1684,0.0000,29.621,0.015,29.636,NVIDIA A10,6e3d1db
cifar20,resnet18,3,20.0,0.1,512,42,85.3368,85.6000,85.3368,85.6000,85.9053,0.0000,-0.5684,+85.6000,86.1684,0.0000,24.758,0.013,24.771,NVIDIA A10,6e3d1db
cifar20,resnet18,3,20.0,0.1,64,42,85.3368,85.6000,85.3368,85.6000,85.9053,0.0000,-0.5684,+85.6000,86.1684,0.0000,24.778,0.012,24.790,NVIDIA A10,6e3d1db
cifar20,resnet18,3,20.0,0.5,256,42,85.3368,85.6000,85.3368,85.6000,85.9053,0.0000,-0.5684,+85.6000,86.1684,0.0000,29.621,0.016,29.637,NVIDIA A10,6e3d1db
cifar20,resnet18,3,20.0,0.5,512,42,85.3368,85.6000,85.3368,85.6000,85.9053,0.0000,-0.5684,+85.6000,86.1684,0.0000,24.758,0.013,24.771,NVIDIA A10,6e3d1db
cifar20,resnet18,3,20.0,0.5,64,42,85.3368,85.6000,85.3368,85.6000,85.9053,0.0000,-0.5684,+85.6000,86.1684,0.0000,24.778,0.014,24.792,NVIDIA A10,6e3d1db
cifar20,resnet18,3,20.0,1.0,256,42,85.3368,85.6000,85.3368,85.6000,85.9053,0.0000,-0.5684,+85.6000,86.1684,0.0000,29.621,0.014,29.634,NVIDIA A10,6e3d1db
cifar20,resnet18,3,20.0,1.0,512,42,85.3368,85.6000,85.3368,85.6000,85.9053,0.0000,-0.5684,+85.6000,86.1684,0.0000,24.758,0.015,24.773,NVIDIA A10,6e3d1db
cifar20,resnet18,3,20.0,1.0,64,42,85.3368,85.6000,85.3368,85.6000,85.9053,0.0000,-0.5684,+85.6000,86.1684,0.0000,24.778,0.014,24.792,NVIDIA A10,6e3d1db
cifar20,resnet18,3,30.0,0.1,256,42,85.3368,85.6000,85.3368,85.6000,85.9053,0.0000,-0.5684,+85.6000,86.1684,0.0000,29.621,0.014,29.634,NVIDIA A10,6e3d1db
cifar20,resnet18,3,30.0,0.1,512,42,85.3368,85.6000,85.3368,85.6000,85.9053,0.0000,-0.5684,+85.6000,86.1684,0.0000,24.758,0.013,24.771,NVIDIA A10,6e3d1db
cifar20,resnet18,3,30.0,0.1,64,42,85.3368,85.6000,85.3368,85.6000,85.9053,0.0000,-0.5684,+85.6000,86.1684,0.0000,24.778,0.014,24.792,NVIDIA A10,6e3d1db
cifar20,resnet18,3,30.0,0.5,256,42,85.3368,85.6000,85.3368,85.6000,85.9053,0.0000,-0.5684,+85.6000,86.1684,0.0000,29.621,0.014,29.634,NVIDIA A10,6e3d1db
cifar20,resnet18,3,30.0,0.5,512,42,85.3368,85.6000,85.3368,85.6000,85.9053,0.0000,-0.5684,+85.6000,86.1684,0.0000,24.758,0.014,24.772,NVIDIA A10,6e3d1db
cifar20,resnet18,3,30.0,0.5,64,42,85.3368,85.6000,85.3368,85.6000,85.9053,0.0000,-0.5684,+85.6000,86.1684,0.0000,24.778,0.012,24.790,NVIDIA A10,6e3d1db
cifar20,resnet18,3,30.0,1.0,256,42,85.3368,85.6000,85.3368,85.6000,85.9053,0.0000,-0.5684,+85.6000,86.1684,0.0000,29.621,0.013,29.634,NVIDIA A10,6e3d1db
cifar20,resnet18,3,30.0,1.0,512,42,85.3368,85.6000,85.3368,85.6000,85.9053,0.0000,-0.5684,+85.6000,86.1684,0.0000,24.758,0.014,24.772,NVIDIA A10,6e3d1db
cifar20,resnet18,3,30.0,1.0,64,42,85.3368,85.6000,85.3368,85.6000,85.9053,0.0000,-0.5684,+85.6000,86.1684,0.0000,24.778,0.013,24.791,NVIDIA A10,6e3d1db
cifar20,resnet18,3,4.0,0.1,256,42,85.3368,85.6000,16.7684,0.0000,85.9053,0.0000,-69.1368,+0.0000,69.1368,12.0113,29.621,0.018,29.639,NVIDIA A10,6e3d1db
cifar20,resnet18,3,4.0,0.1,512,42,85.3368,85.6000,6.0000,0.0000,85.9053,0.0000,-79.9053,+0.0000,79.9053,14.5391,24.758,0.018,24.776,NVIDIA A10,6e3d1db
cifar20,resnet18,3,4.0,0.1,64,42,85.3368,85.6000,62.7474,0.0000,85.9053,0.0000,-23.1579,+0.0000,23.1579,7.1066,24.778,0.019,24.797,NVIDIA A10,6e3d1db
cifar20,resnet18,3,4.0,0.5,256,42,85.3368,85.6000,19.8000,0.0000,85.9053,0.0000,-66.1053,+0.0000,66.1053,12.0113,29.621,0.018,29.639,NVIDIA A10,6e3d1db
cifar20,resnet18,3,4.0,0.5,512,42,85.3368,85.6000,6.4421,0.0000,85.9053,0.0000,-79.4632,+0.0000,79.4632,14.5391,24.758,0.017,24.775,NVIDIA A10,6e3d1db
cifar20,resnet18,3,4.0,0.5,64,42,85.3368,85.6000,65.5684,0.0000,85.9053,0.0000,-20.3368,+0.0000,20.3368,7.1066,24.778,0.019,24.797,NVIDIA A10,6e3d1db
cifar20,resnet18,3,4.0,1.0,256,42,85.3368,85.6000,25.1474,0.0000,85.9053,0.0000,-60.7579,+0.0000,60.7579,12.0113,29.621,0.018,29.639,NVIDIA A10,6e3d1db
cifar20,resnet18,3,4.0,1.0,512,42,85.3368,85.6000,7.9579,0.0000,85.9053,0.0000,-77.9474,+0.0000,77.9474,14.5391,24.758,0.017,24.775,NVIDIA A10,6e3d1db
cifar20,resnet18,3,4.0,1.0,64,42,85.3368,85.6000,69.2947,0.0000,85.9053,0.0000,-16.6105,+0.0000,16.6105,7.1066,24.778,0.018,24.796,NVIDIA A10,6e3d1db
cifar20,resnet18,3,50.0,0.1,256,42,85.3368,85.6000,85.3368,85.6000,85.9053,0.0000,-0.5684,+85.6000,86.1684,0.0000,29.621,0.013,29.633,NVIDIA A10,6e3d1db
cifar20,resnet18,3,50.0,0.1,512,42,85.3368,85.6000,85.3368,85.6000,85.9053,0.0000,-0.5684,+85.6000,86.1684,0.0000,24.758,0.013,24.771,NVIDIA A10,6e3d1db
cifar20,resnet18,3,50.0,0.1,64,42,85.3368,85.6000,85.3368,85.6000,85.9053,0.0000,-0.5684,+85.6000,86.1684,0.0000,24.778,0.012,24.791,NVIDIA A10,6e3d1db
cifar20,resnet18,3,50.0,0.5,256,42,85.3368,85.6000,85.3368,85.6000,85.9053,0.0000,-0.5684,+85.6000,86.1684,0.0000,29.621,0.013,29.634,NVIDIA A10,6e3d1db
cifar20,resnet18,3,50.0,0.5,512,42,85.3368,85.6000,85.3368,85.6000,85.9053,0.0000,-0.5684,+85.6000,86.1684,0.0000,24.758,0.013,24.771,NVIDIA A10,6e3d1db
cifar20,resnet18,3,50.0,0.5,64,42,85.3368,85.6000,85.3368,85.6000,85.9053,0.0000,-0.5684,+85.6000,86.1684,0.0000,24.778,0.013,24.791,NVIDIA A10,6e3d1db
cifar20,resnet18,3,50.0,1.0,256,42,85.3368,85.6000,85.3368,85.6000,85.9053,0.0000,-0.5684,+85.6000,86.1684,0.0000,29.621,0.013,29.634,NVIDIA A10,6e3d1db
cifar20,resnet18,3,50.0,1.0,512,42,85.3368,85.6000,85.3368,85.6000,85.9053,0.0000,-0.5684,+85.6000,86.1684,0.0000,24.758,0.013,24.771,NVIDIA A10,6e3d1db
cifar20,resnet18,3,50.0,1.0,64,42,85.3368,85.6000,85.3368,85.6000,85.9053,0.0000,-0.5684,+85.6000,86.1684,0.0000,24.778,0.013,24.791,NVIDIA A10,6e3d1db
cifar20,resnet18,3,6.0,0.1,256,42,85.3368,85.6000,70.5684,0.0000,85.9053,0.0000,-15.3368,+0.0000,15.3368,5.3193,29.621,0.017,29.638,NVIDIA A10,6e3d1db
cifar20,resnet18,3,6.0,0.1,512,42,85.3368,85.6000,51.4737,0.0000,85.9053,0.0000,-34.4316,+0.0000,34.4316,6.9285,24.758,0.013,24.771,NVIDIA A10,6e3d1db
cifar20,resnet18,3,6.0,0.1,64,42,85.3368,85.6000,84.3789,0.0000,85.9053,0.0000,-1.5263,+0.0000,1.5263,3.0345,24.778,0.013,24.792,NVIDIA A10,6e3d1db
cifar20,resnet18,3,6.0,0.5,256,42,85.3368,85.6000,71.9368,0.0000,85.9053,0.0000,-13.9684,+0.0000,13.9684,5.3193,29.621,0.019,29.639,NVIDIA A10,6e3d1db
cifar20,resnet18,3,6.0,0.5,512,42,85.3368,85.6000,54.5368,0.0000,85.9053,0.0000,-31.3684,+0.0000,31.3684,6.9285,24.758,0.017,24.775,NVIDIA A10,6e3d1db
cifar20,resnet18,3,6.0,0.5,64,42,85.3368,85.6000,84.5579,0.0000,85.9053,0.0000,-1.3474,+0.0000,1.3474,3.0345,24.778,0.015,24.793,NVIDIA A10,6e3d1db
cifar20,resnet18,3,6.0,1.0,256,42,85.3368,85.6000,73.2737,0.0000,85.9053,0.0000,-12.6316,+0.0000,12.6316,5.3193,29.621,0.017,29.638,NVIDIA A10,6e3d1db
cifar20,resnet18,3,6.0,1.0,512,42,85.3368,85.6000,58.2632,0.0000,85.9053,0.0000,-27.6421,+0.0000,27.6421,6.9285,24.758,0.019,24.777,NVIDIA A10,6e3d1db
cifar20,resnet18,3,6.0,1.0,64,42,85.3368,85.6000,84.6211,0.0000,85.9053,0.0000,-1.2842,+0.0000,1.2842,3.0345,24.778,0.015,24.793,NVIDIA A10,6e3d1db
cifar20,resnet18,3,8.0,0.1,256,42,85.3368,85.6000,84.0526,0.0000,85.9053,0.0000,-1.8526,+0.0000,1.8526,2.5658,29.621,0.017,29.638,NVIDIA A10,6e3d1db
cifar20,resnet18,3,8.0,0.1,512,42,85.3368,85.6000,81.2737,0.0000,85.9053,0.0000,-4.6316,+0.0000,4.6316,3.4206,24.758,0.018,24.776,NVIDIA A10,6e3d1db
cifar20,resnet18,3,8.0,0.1,64,42,85.3368,85.6000,85.1579,0.0000,85.9053,0.0000,-0.7474,+0.0000,0.7474,1.5347,24.778,0.015,24.794,NVIDIA A10,6e3d1db
cifar20,resnet18,3,8.0,0.5,256,42,85.3368,85.6000,84.1789,0.0000,85.9053,0.0000,-1.7263,+0.0000,1.7263,2.5658,29.621,0.017,29.637,NVIDIA A10,6e3d1db
cifar20,resnet18,3,8.0,0.5,512,42,85.3368,85.6000,81.5158,0.0000,85.9053,0.0000,-4.3895,+0.0000,4.3895,3.4206,24.758,0.017,24.775,NVIDIA A10,6e3d1db
cifar20,resnet18,3,8.0,0.5,64,42,85.3368,85.6000,85.1895,0.0000,85.9053,0.0000,-0.7158,+0.0000,0.7158,1.5347,24.778,0.012,24.790,NVIDIA A10,6e3d1db
cifar20,resnet18,3,8.0,1.0,256,42,85.3368,85.6000,84.3368,0.0000,85.9053,0.0000,-1.5684,+0.0000,1.5684,2.5658,29.621,0.016,29.637,NVIDIA A10,6e3d1db
cifar20,resnet18,3,8.0,1.0,512,42,85.3368,85.6000,81.7158,0.0000,85.9053,0.0000,-4.1895,+0.0000,4.1895,3.4206,24.758,0.015,24.773,NVIDIA A10,6e3d1db
cifar20,resnet18,3,8.0,1.0,64,42,85.3368,85.6000,85.2211,0.0000,85.9053,0.0000,-0.6842,+0.0000,0.6842,1.5347,24.778,0.013,24.791,NVIDIA A10,6e3d1db
cifar20,resnet18,4,10.0,0.1,256,42,85.2105,88.0000,85.4632,0.0000,85.5579,0.0000,-0.0947,+0.0000,0.0947,1.0599,26.713,0.016,26.729,NVIDIA A10,6e3d1db
cifar20,resnet18,4,10.0,0.1,512,42,85.2105,88.0000,85.1263,0.0000,85.5579,0.0000,-0.4316,+0.0000,0.4316,1.3637,26.893,0.014,26.907,NVIDIA A10,6e3d1db
cifar20,resnet18,4,10.0,0.1,64,42,85.2105,88.0000,85.5474,0.0000,85.5579,0.0000,-0.0105,+0.0000,0.0105,0.6548,28.583,0.015,28.598,NVIDIA A10,6e3d1db
cifar20,resnet18,4,10.0,0.5,256,42,85.2105,88.0000,85.4737,0.0000,85.5579,0.0000,-0.0842,+0.0000,0.0842,1.0599,26.713,0.015,26.728,NVIDIA A10,6e3d1db
cifar20,resnet18,4,10.0,0.5,512,42,85.2105,88.0000,85.1895,0.0000,85.5579,0.0000,-0.3684,+0.0000,0.3684,1.3637,26.893,0.015,26.908,NVIDIA A10,6e3d1db
cifar20,resnet18,4,10.0,0.5,64,42,85.2105,88.0000,85.5053,0.0000,85.5579,0.0000,-0.0526,+0.0000,0.0526,0.6548,28.583,0.014,28.597,NVIDIA A10,6e3d1db
cifar20,resnet18,4,10.0,1.0,256,42,85.2105,88.0000,85.4842,0.0000,85.5579,0.0000,-0.0737,+0.0000,0.0737,1.0599,26.713,0.015,26.728,NVIDIA A10,6e3d1db
cifar20,resnet18,4,10.0,1.0,512,42,85.2105,88.0000,85.2105,0.0000,85.5579,0.0000,-0.3474,+0.0000,0.3474,1.3637,26.893,0.012,26.905,NVIDIA A10,6e3d1db
cifar20,resnet18,4,10.0,1.0,64,42,85.2105,88.0000,85.5263,0.0000,85.5579,0.0000,-0.0316,+0.0000,0.0316,0.6548,28.583,0.015,28.598,NVIDIA A10,6e3d1db
cifar20,resnet18,4,12.0,0.1,256,42,85.2105,88.0000,85.4947,0.0000,85.5579,0.0000,-0.0632,+0.0000,0.0632,0.5353,26.713,0.014,26.727,NVIDIA A10,6e3d1db
cifar20,resnet18,4,12.0,0.1,512,42,85.2105,88.0000,85.4211,0.0000,85.5579,0.0000,-0.1368,+0.0000,0.1368,0.6974,26.893,0.015,26.908,NVIDIA A10,6e3d1db
cifar20,resnet18,4,12.0,0.1,64,42,85.2105,88.0000,85.6211,0.0000,85.5579,0.0000,+0.0632,+0.0000,0.0632,0.3367,28.583,0.014,28.597,NVIDIA A10,6e3d1db
cifar20,resnet18,4,12.0,0.5,256,42,85.2105,88.0000,85.5158,0.0000,85.5579,0.0000,-0.0421,+0.0000,0.0421,0.5353,26.713,0.015,26.728,NVIDIA A10,6e3d1db
cifar20,resnet18,4,12.0,0.5,512,42,85.2105,88.0000,85.4737,0.0000,85.5579,0.0000,-0.0842,+0.0000,0.0842,0.6974,26.893,0.015,26.908,NVIDIA A10,6e3d1db
cifar20,resnet18,4,12.0,0.5,64,42,85.2105,88.0000,85.6316,0.0000,85.5579,0.0000,+0.0737,+0.0000,0.0737,0.3367,28.583,0.015,28.598,NVIDIA A10,6e3d1db
cifar20,resnet18,4,12.0,1.0,256,42,85.2105,88.0000,85.5158,0.0000,85.5579,0.0000,-0.0421,+0.0000,0.0421,0.5353,26.713,0.015,26.728,NVIDIA A10,6e3d1db
cifar20,resnet18,4,12.0,1.0,512,42,85.2105,88.0000,85.4526,0.0000,85.5579,0.0000,-0.1053,+0.0000,0.1053,0.6974,26.893,0.016,26.909,NVIDIA A10,6e3d1db
cifar20,resnet18,4,12.0,1.0,64,42,85.2105,88.0000,85.6421,0.0000,85.5579,0.0000,+0.0842,+0.0000,0.0842,0.3367,28.583,0.015,28.598,NVIDIA A10,6e3d1db
cifar20,resnet18,4,15.0,0.1,256,42,85.2105,88.0000,85.5579,13.8000,85.5579,0.0000,+0.0000,+13.8000,13.8000,0.1445,26.713,0.014,26.727,NVIDIA A10,6e3d1db
cifar20,resnet18,4,15.0,0.1,512,42,85.2105,88.0000,85.4632,12.0000,85.5579,0.0000,-0.0947,+12.0000,12.0947,0.1869,26.893,0.013,26.906,NVIDIA A10,6e3d1db
cifar20,resnet18,4,15.0,0.1,64,42,85.2105,88.0000,85.5158,11.8000,85.5579,0.0000,-0.0421,+11.8000,11.8421,0.0957,28.583,0.015,28.598,NVIDIA A10,6e3d1db
cifar20,resnet18,4,15.0,0.5,256,42,85.2105,88.0000,85.5684,18.0000,85.5579,0.0000,+0.0105,+18.0000,18.0105,0.1445,26.713,0.015,26.728,NVIDIA A10,6e3d1db
cifar20,resnet18,4,15.0,0.5,512,42,85.2105,88.0000,85.4842,17.4000,85.5579,0.0000,-0.0737,+17.4000,17.4737,0.1869,26.893,0.015,26.908,NVIDIA A10,6e3d1db
cifar20,resnet18,4,15.0,0.5,64,42,85.2105,88.0000,85.5158,16.2000,85.5579,0.0000,-0.0421,+16.2000,16.2421,0.0957,28.583,0.013,28.596,NVIDIA A10,6e3d1db
cifar20,resnet18,4,15.0,1.0,256,42,85.2105,88.0000,85.5684,22.2000,85.5579,0.0000,+0.0105,+22.2000,22.2105,0.1445,26.713,0.011,26.724,NVIDIA A10,6e3d1db
cifar20,resnet18,4,15.0,1.0,512,42,85.2105,88.0000,85.4737,20.8000,85.5579,0.0000,-0.0842,+20.8000,20.8842,0.1869,26.893,0.016,26.909,NVIDIA A10,6e3d1db
cifar20,resnet18,4,15.0,1.0,64,42,85.2105,88.0000,85.5263,21.0000,85.5579,0.0000,-0.0316,+21.0000,21.0316,0.0957,28.583,0.013,28.596,NVIDIA A10,6e3d1db
cifar20,resnet18,4,2.0,0.1,256,42,85.2105,88.0000,5.2632,0.0000,85.5579,0.0000,-80.2947,+0.0000,80.2947,23.9979,26.713,0.018,26.731,NVIDIA A10,6e3d1db
cifar20,resnet18,4,2.0,0.1,512,42,85.2105,88.0000,5.2526,0.0000,85.5579,0.0000,-80.3053,+0.0000,80.3053,26.6445,26.893,0.016,26.909,NVIDIA A10,6e3d1db
cifar20,resnet18,4,2.0,0.1,64,42,85.2105,88.0000,18.5895,0.0000,85.5579,0.0000,-66.9684,+0.0000,66.9684,16.7024,28.583,0.017,28.600,NVIDIA A10,6e3d1db
cifar20,resnet18,4,2.0,0.5,256,42,85.2105,88.0000,5.2842,0.0000,85.5579,0.0000,-80.2737,+0.0000,80.2737,23.9979,26.713,0.021,26.734,NVIDIA A10,6e3d1db
cifar20,resnet18,4,2.0,0.5,512,42,85.2105,88.0000,5.2526,0.0000,85.5579,0.0000,-80.3053,+0.0000,80.3053,26.6445,26.893,0.020,26.913,NVIDIA A10,6e3d1db
cifar20,resnet18,4,2.0,0.5,64,42,85.2105,88.0000,26.4316,0.0000,85.5579,0.0000,-59.1263,+0.0000,59.1263,16.7024,28.583,0.022,28.605,NVIDIA A10,6e3d1db
cifar20,resnet18,4,2.0,1.0,256,42,85.2105,88.0000,7.4316,0.0000,85.5579,0.0000,-78.1263,+0.0000,78.1263,23.9979,26.713,0.019,26.732,NVIDIA A10,6e3d1db
cifar20,resnet18,4,2.0,1.0,512,42,85.2105,88.0000,5.4737,0.0000,85.5579,0.0000,-80.0842,+0.0000,80.0842,26.6445,26.893,0.018,26.911,NVIDIA A10,6e3d1db
cifar20,resnet18,4,2.0,1.0,64,42,85.2105,88.0000,39.5053,0.0000,85.5579,0.0000,-46.0526,+0.0000,46.0526,16.7024,28.583,0.020,28.603,NVIDIA A10,6e3d1db
cifar20,resnet18,4,20.0,0.1,256,42,85.2105,88.0000,85.2105,88.0000,85.5579,0.0000,-0.3474,+88.0000,88.3474,0.0000,26.713,0.014,26.727,NVIDIA A10,6e3d1db
cifar20,resnet18,4,20.0,0.1,512,42,85.2105,88.0000,85.2105,88.0000,85.5579,0.0000,-0.3474,+88.0000,88.3474,0.0000,26.893,0.013,26.906,NVIDIA A10,6e3d1db
cifar20,resnet18,4,20.0,0.1,64,42,85.2105,88.0000,85.2105,88.0000,85.5579,0.0000,-0.3474,+88.0000,88.3474,0.0000,28.583,0.014,28.597,NVIDIA A10,6e3d1db
cifar20,resnet18,4,20.0,0.5,256,42,85.2105,88.0000,85.2105,88.0000,85.5579,0.0000,-0.3474,+88.0000,88.3474,0.0000,26.713,0.016,26.729,NVIDIA A10,6e3d1db
cifar20,resnet18,4,20.0,0.5,512,42,85.2105,88.0000,85.2105,88.0000,85.5579,0.0000,-0.3474,+88.0000,88.3474,0.0000,26.893,0.012,26.905,NVIDIA A10,6e3d1db
cifar20,resnet18,4,20.0,0.5,64,42,85.2105,88.0000,85.2105,88.0000,85.5579,0.0000,-0.3474,+88.0000,88.3474,0.0000,28.583,0.014,28.597,NVIDIA A10,6e3d1db
cifar20,resnet18,4,20.0,1.0,256,42,85.2105,88.0000,85.2105,88.0000,85.5579,0.0000,-0.3474,+88.0000,88.3474,0.0000,26.713,0.013,26.726,NVIDIA A10,6e3d1db
cifar20,resnet18,4,20.0,1.0,512,42,85.2105,88.0000,85.2105,88.0000,85.5579,0.0000,-0.3474,+88.0000,88.3474,0.0000,26.893,0.013,26.906,NVIDIA A10,6e3d1db
cifar20,resnet18,4,20.0,1.0,64,42,85.2105,88.0000,85.2105,88.0000,85.5579,0.0000,-0.3474,+88.0000,88.3474,0.0000,28.583,0.013,28.596,NVIDIA A10,6e3d1db
cifar20,resnet18,4,30.0,0.1,256,42,85.2105,88.0000,85.2105,88.0000,85.5579,0.0000,-0.3474,+88.0000,88.3474,0.0000,26.713,0.013,26.726,NVIDIA A10,6e3d1db
cifar20,resnet18,4,30.0,0.1,512,42,85.2105,88.0000,85.2105,88.0000,85.5579,0.0000,-0.3474,+88.0000,88.3474,0.0000,26.893,0.014,26.907,NVIDIA A10,6e3d1db
cifar20,resnet18,4,30.0,0.1,64,42,85.2105,88.0000,85.2105,88.0000,85.5579,0.0000,-0.3474,+88.0000,88.3474,0.0000,28.583,0.014,28.597,NVIDIA A10,6e3d1db
cifar20,resnet18,4,30.0,0.5,256,42,85.2105,88.0000,85.2105,88.0000,85.5579,0.0000,-0.3474,+88.0000,88.3474,0.0000,26.713,0.014,26.727,NVIDIA A10,6e3d1db
cifar20,resnet18,4,30.0,0.5,512,42,85.2105,88.0000,85.2105,88.0000,85.5579,0.0000,-0.3474,+88.0000,88.3474,0.0000,26.893,0.013,26.906,NVIDIA A10,6e3d1db
cifar20,resnet18,4,30.0,0.5,64,42,85.2105,88.0000,85.2105,88.0000,85.5579,0.0000,-0.3474,+88.0000,88.3474,0.0000,28.583,0.013,28.596,NVIDIA A10,6e3d1db
cifar20,resnet18,4,30.0,1.0,256,42,85.2105,88.0000,85.2105,88.0000,85.5579,0.0000,-0.3474,+88.0000,88.3474,0.0000,26.713,0.013,26.726,NVIDIA A10,6e3d1db
cifar20,resnet18,4,30.0,1.0,512,42,85.2105,88.0000,85.2105,88.0000,85.5579,0.0000,-0.3474,+88.0000,88.3474,0.0000,26.893,0.013,26.907,NVIDIA A10,6e3d1db
cifar20,resnet18,4,30.0,1.0,64,42,85.2105,88.0000,85.2105,88.0000,85.5579,0.0000,-0.3474,+88.0000,88.3474,0.0000,28.583,0.016,28.599,NVIDIA A10,6e3d1db
cifar20,resnet18,4,4.0,0.1,256,42,85.2105,88.0000,62.5789,0.0000,85.5579,0.0000,-22.9789,+0.0000,22.9789,8.7827,26.713,0.018,26.730,NVIDIA A10,6e3d1db
cifar20,resnet18,4,4.0,0.1,512,42,85.2105,88.0000,18.3368,0.0000,85.5579,0.0000,-67.2211,+0.0000,67.2211,10.9433,26.893,0.019,26.912,NVIDIA A10,6e3d1db
cifar20,resnet18,4,4.0,0.1,64,42,85.2105,88.0000,82.2632,0.0000,85.5579,0.0000,-3.2947,+0.0000,3.2947,5.1772,28.583,0.017,28.600,NVIDIA A10,6e3d1db
cifar20,resnet18,4,4.0,0.5,256,42,85.2105,88.0000,65.7579,0.0000,85.5579,0.0000,-19.8000,+0.0000,19.8000,8.7827,26.713,0.018,26.731,NVIDIA A10,6e3d1db
cifar20,resnet18,4,4.0,0.5,512,42,85.2105,88.0000,25.5474,0.0000,85.5579,0.0000,-60.0105,+0.0000,60.0105,10.9433,26.893,0.019,26.912,NVIDIA A10,6e3d1db
cifar20,resnet18,4,4.0,0.5,64,42,85.2105,88.0000,82.6316,0.0000,85.5579,0.0000,-2.9263,+0.0000,2.9263,5.1772,28.583,0.016,28.599,NVIDIA A10,6e3d1db
cifar20,resnet18,4,4.0,1.0,256,42,85.2105,88.0000,69.3158,0.0000,85.5579,0.0000,-16.2421,+0.0000,16.2421,8.7827,26.713,0.017,26.730,NVIDIA A10,6e3d1db
cifar20,resnet18,4,4.0,1.0,512,42,85.2105,88.0000,35.8421,0.0000,85.5579,0.0000,-49.7158,+0.0000,49.7158,10.9433,26.893,0.015,26.908,NVIDIA A10,6e3d1db
cifar20,resnet18,4,4.0,1.0,64,42,85.2105,88.0000,83.3789,0.0000,85.5579,0.0000,-2.1789,+0.0000,2.1789,5.1772,28.583,0.016,28.599,NVIDIA A10,6e3d1db
cifar20,resnet18,4,50.0,0.1,256,42,85.2105,88.0000,85.2105,88.0000,85.5579,0.0000,-0.3474,+88.0000,88.3474,0.0000,26.713,0.014,26.727,NVIDIA A10,6e3d1db
cifar20,resnet18,4,50.0,0.1,512,42,85.2105,88.0000,85.2105,88.0000,85.5579,0.0000,-0.3474,+88.0000,88.3474,0.0000,26.893,0.013,26.906,NVIDIA A10,6e3d1db
cifar20,resnet18,4,50.0,0.1,64,42,85.2105,88.0000,85.2105,88.0000,85.5579,0.0000,-0.3474,+88.0000,88.3474,0.0000,28.583,0.012,28.595,NVIDIA A10,6e3d1db
cifar20,resnet18,4,50.0,0.5,256,42,85.2105,88.0000,85.2105,88.0000,85.5579,0.0000,-0.3474,+88.0000,88.3474,0.0000,26.713,0.014,26.727,NVIDIA A10,6e3d1db
cifar20,resnet18,4,50.0,0.5,512,42,85.2105,88.0000,85.2105,88.0000,85.5579,0.0000,-0.3474,+88.0000,88.3474,0.0000,26.893,0.012,26.905,NVIDIA A10,6e3d1db
cifar20,resnet18,4,50.0,0.5,64,42,85.2105,88.0000,85.2105,88.0000,85.5579,0.0000,-0.3474,+88.0000,88.3474,0.0000,28.583,0.013,28.596,NVIDIA A10,6e3d1db
cifar20,resnet18,4,50.0,1.0,256,42,85.2105,88.0000,85.2105,88.0000,85.5579,0.0000,-0.3474,+88.0000,88.3474,0.0000,26.713,0.013,26.726,NVIDIA A10,6e3d1db
cifar20,resnet18,4,50.0,1.0,512,42,85.2105,88.0000,85.2105,88.0000,85.5579,0.0000,-0.3474,+88.0000,88.3474,0.0000,26.893,0.014,26.907,NVIDIA A10,6e3d1db
cifar20,resnet18,4,50.0,1.0,64,42,85.2105,88.0000,85.2105,88.0000,85.5579,0.0000,-0.3474,+88.0000,88.3474,0.0000,28.583,0.013,28.596,NVIDIA A10,6e3d1db
cifar20,resnet18,4,6.0,0.1,256,42,85.2105,88.0000,81.8526,0.0000,85.5579,0.0000,-3.7053,+0.0000,3.7053,3.9238,26.713,0.015,26.728,NVIDIA A10,6e3d1db
cifar20,resnet18,4,6.0,0.1,512,42,85.2105,88.0000,77.5158,0.0000,85.5579,0.0000,-8.0421,+0.0000,8.0421,5.0990,26.893,0.015,26.908,NVIDIA A10,6e3d1db
cifar20,resnet18,4,6.0,0.1,64,42,85.2105,88.0000,85.0947,0.0000,85.5579,0.0000,-0.4632,+0.0000,0.4632,2.3646,28.583,0.016,28.599,NVIDIA A10,6e3d1db
cifar20,resnet18,4,6.0,0.5,256,42,85.2105,88.0000,82.3789,0.0000,85.5579,0.0000,-3.1789,+0.0000,3.1789,3.9238,26.713,0.017,26.730,NVIDIA A10,6e3d1db
cifar20,resnet18,4,6.0,0.5,512,42,85.2105,88.0000,78.4842,0.0000,85.5579,0.0000,-7.0737,+0.0000,7.0737,5.0990,26.893,0.018,26.911,NVIDIA A10,6e3d1db
cifar20,resnet18,4,6.0,0.5,64,42,85.2105,88.0000,85.1263,0.0000,85.5579,0.0000,-0.4316,+0.0000,0.4316,2.3646,28.583,0.015,28.598,NVIDIA A10,6e3d1db
cifar20,resnet18,4,6.0,1.0,256,42,85.2105,88.0000,82.6211,0.0000,85.5579,0.0000,-2.9368,+0.0000,2.9368,3.9238,26.713,0.017,26.730,NVIDIA A10,6e3d1db
cifar20,resnet18,4,6.0,1.0,512,42,85.2105,88.0000,79.6842,0.0000,85.5579,0.0000,-5.8737,+0.0000,5.8737,5.0990,26.893,0.019,26.912,NVIDIA A10,6e3d1db
cifar20,resnet18,4,6.0,1.0,64,42,85.2105,88.0000,85.0947,0.0000,85.5579,0.0000,-0.4632,+0.0000,0.4632,2.3646,28.583,0.016,28.599,NVIDIA A10,6e3d1db
cifar20,resnet18,4,8.0,0.1,256,42,85.2105,88.0000,84.8947,0.0000,85.5579,0.0000,-0.6632,+0.0000,0.6632,1.9991,26.713,0.015,26.728,NVIDIA A10,6e3d1db
cifar20,resnet18,4,8.0,0.1,512,42,85.2105,88.0000,83.8316,0.0000,85.5579,0.0000,-1.7263,+0.0000,1.7263,2.5799,26.893,0.017,26.910,NVIDIA A10,6e3d1db
cifar20,resnet18,4,8.0,0.1,64,42,85.2105,88.0000,85.5263,0.0000,85.5579,0.0000,-0.0316,+0.0000,0.0316,1.2314,28.583,0.015,28.598,NVIDIA A10,6e3d1db
cifar20,resnet18,4,8.0,0.5,256,42,85.2105,88.0000,84.9368,0.0000,85.5579,0.0000,-0.6211,+0.0000,0.6211,1.9991,26.713,0.014,26.727,NVIDIA A10,6e3d1db
cifar20,resnet18,4,8.0,0.5,512,42,85.2105,88.0000,84.0316,0.0000,85.5579,0.0000,-1.5263,+0.0000,1.5263,2.5799,26.893,0.016,26.909,NVIDIA A10,6e3d1db
cifar20,resnet18,4,8.0,0.5,64,42,85.2105,88.0000,85.5579,0.0000,85.5579,0.0000,+0.0000,+0.0000,0.0000,1.2314,28.583,0.015,28.598,NVIDIA A10,6e3d1db
cifar20,resnet18,4,8.0,1.0,256,42,85.2105,88.0000,85.0000,0.0000,85.5579,0.0000,-0.5579,+0.0000,0.5579,1.9991,26.713,0.016,26.729,NVIDIA A10,6e3d1db
cifar20,resnet18,4,8.0,1.0,512,42,85.2105,88.0000,84.2000,0.0000,85.5579,0.0000,-1.3579,+0.0000,1.3579,2.5799,26.893,0.014,26.907,NVIDIA A10,6e3d1db
cifar20,resnet18,4,8.0,1.0,64,42,85.2105,88.0000,85.5684,0.0000,85.5579,0.0000,+0.0105,+0.0000,0.0105,1.2314,28.583,0.015,28.598,NVIDIA A10,6e3d1db
